experiment,pod_diameter_m,tube_diameter_m,blockage_ratio,speed_m_s,pressure_atm,shape,pressure_front_pa,pressure_rear_pa,pressure_difference_pa,pressure_ratio,displaced_volume_flow_m3_s,mass_flow_kg_s,max_gas_velocity_m_s,max_mach,choked,choking_location,drag_n,pressure_drag_n,shape_drag_n,power_w,energy_kwh_per_vehicle_km,mass_conservation_relative_error,power_conservation_relative_error,kantrowitz_capacity_ratio,acoustic_overpressure_pa,acoustic_transit_s_per_km,reynolds_gap,flags
A,1.5,1.7,0.7785467128027683,50,0.001,piston,129.54658486821495,101.325,28.221584868214947,1.278525387300419,88.35729338221293,0.1063926353468082,199.8344265696797,0.603013117619777,False,none,51.99950978517395,49.87165707823778,2.127852706936164,2599.9754892586975,0.01444430827365943,0.0,0.0,0.8909926288166348,16.088352940208523,2.9134814499752957,665.2587383285169,kantrowitz_limit;low_reynolds_or_rarefaction_check
A,1.5,1.7,0.7785467128027683,50,0.001,streamlined,129.54658486821495,101.325,28.221584868214947,1.278525387300419,88.35729338221293,0.1063926353468082,199.8344265696797,0.603013117619777,False,none,50.190834984278204,49.87165707823778,0.3191779060404246,2509.5417492139104,0.013941898606743946,0.0,0.0,0.8909926288166348,16.088352940208523,2.9134814499752957,665.2587383285169,kantrowitz_limit;low_reynolds_or_rarefaction_check
A,1.5,1.7,0.7785467128027683,50,0.003,piston,388.63975460464485,303.975,84.66475460464483,1.2785253873004188,88.35729338221293,0.3191779060404246,199.8344265696797,0.603013117619777,False,none,155.9985293555218,149.61497123471332,6.383558120808493,7799.92646777609,0.04333292482097828,0.0,0.0,0.890992628816635,48.265058820625576,2.9134814499752957,1995.7762149855505,kantrowitz_limit;low_reynolds_or_rarefaction_check
A,1.5,1.7,0.7785467128027683,50,0.003,streamlined,388.63975460464485,303.975,84.66475460464483,1.2785253873004188,88.35729338221293,0.3191779060404246,199.8344265696797,0.603013117619777,False,none,150.5725049528346,149.61497123471332,0.9575337181212739,7528.62524764173,0.04182569582023184,0.0,0.0,0.890992628816635,48.265058820625576,2.9134814499752957,1995.7762149855505,kantrowitz_limit;low_reynolds_or_rarefaction_check
A,1.5,1.7,0.7785467128027683,50,0.01,piston,1295.4658486821495,1013.25,282.2158486821495,1.278525387300419,88.35729338221293,1.063926353468082,199.8344265696797,0.603013117619777,False,none,519.9950978517395,498.71657078237786,21.278527069361644,25999.754892586974,0.1444430827365943,0.0,1.4589364060570577e-16,0.8909926288166349,160.88352940208523,2.9134814499752957,6652.5873832851685,kantrowitz_limit;low_reynolds_or_rarefaction_check
A,1.5,1.7,0.7785467128027683,50,0.01,streamlined,1295.4658486821495,1013.25,282.2158486821495,1.278525387300419,88.35729338221293,1.063926353468082,199.8344265696797,0.603013117619777,False,none,501.9083498427821,498.71657078237786,3.191779060404246,25095.417492139106,0.13941898606743947,0.0,1.4589364060570577e-16,0.8909926288166349,160.88352940208523,2.9134814499752957,6652.5873832851685,kantrowitz_limit;low_reynolds_or_rarefaction_check
A,1.5,1.7,0.7785467128027683,50,0.03,piston,3886.39754604645,3039.75,846.6475460464499,1.2785253873004194,88.35729338221293,3.1917790604042464,199.8344265696797,0.603013117619777,False,none,1559.985293555221,1496.149712347136,63.835581208084925,77999.26467776105,0.43332924820978364,2.78270645583982e-16,0.0,0.8909926288166348,482.65058820625575,2.9134814499752957,19957.7621498555,kantrowitz_limit
A,1.5,1.7,0.7785467128027683,50,0.03,streamlined,3886.39754604645,3039.75,846.6475460464499,1.2785253873004194,88.35729338221293,3.1917790604042464,199.8344265696797,0.603013117619777,False,none,1505.7250495283488,1496.149712347136,9.575337181212738,75286.25247641744,0.4182569582023191,2.78270645583982e-16,0.0,0.8909926288166348,482.65058820625575,2.9134814499752957,19957.7621498555,kantrowitz_limit
A,1.5,1.7,0.7785467128027683,50,0.1,piston,12954.658486821494,10132.5,2822.158486821494,1.2785253873004188,88.35729338221293,10.63926353468082,199.8344265696797,0.603013117619777,False,none,5199.950978517393,4987.165707823777,212.7852706936164,259997.54892586966,1.4444308273659425,0.0,1.1671491248456464e-16,0.8909926288166348,1608.8352940208524,2.9134814499752957,66525.87383285168,kantrowitz_limit
A,1.5,1.7,0.7785467128027683,50,0.1,streamlined,12954.658486821494,10132.5,2822.158486821494,1.2785253873004188,88.35729338221293,10.63926353468082,199.8344265696797,0.603013117619777,False,none,5019.083498427819,4987.165707823777,31.91779060404246,250954.17492139095,1.394189860674394,0.0,1.1671491248456464e-16,0.8909926288166348,1608.8352940208524,2.9134814499752957,66525.87383285168,kantrowitz_limit
A,1.5,1.7,0.7785467128027683,100,0.001,piston,218.7063031227303,101.325,117.3813031227303,2.158463391292675,176.71458676442586,0.2127852706936164,313.3264943845849,1.0,True,annulus,215.94129557977564,207.42988475203097,8.511410827744657,21594.129557977565,0.05998369321660434,0.0,0.0,0.4626570734505743,32.176705880417046,2.9134814499752957,1330.5174766570337,choked_restriction;kantrowitz_limit;nonlinear_acoustic_pulse;reduced_model_invalid;low_reynolds_or_rarefaction_check
A,1.5,1.7,0.7785467128027683,100,0.001,streamlined,218.7063031227303,101.325,117.3813031227303,2.158463391292675,176.71458676442586,0.2127852706936164,313.3264943845849,1.0,True,annulus,208.70659637619266,207.42988475203097,1.2767116241616985,20870.659637619265,0.05797405454894241,0.0,0.0,0.4626570734505743,32.176705880417046,2.9134814499752957,1330.5174766570337,choked_restriction;kantrowitz_limit;nonlinear_acoustic_pulse;reduced_model_invalid;low_reynolds_or_rarefaction_check
A,1.5,1.7,0.7785467128027683,100,0.003,piston,656.118909368191,303.975,352.143909368191,2.1584633912926754,176.71458676442586,0.6383558120808492,313.3264943845849,1.0,True,annulus,647.823886739327,622.2896542560931,25.53423248323397,64782.3886739327,0.17995107964981305,0.0,1.1692236186830652e-16,0.4626570734505743,96.53011764125115,2.9134814499752957,3991.552429971101,choked_restriction;kantrowitz_limit;nonlinear_acoustic_pulse;reduced_model_invalid;low_reynolds_or_rarefaction_check
A,1.5,1.7,0.7785467128027683,100,0.003,streamlined,656.118909368191,303.975,352.143909368191,2.1584633912926754,176.71458676442586,0.6383558120808492,313.3264943845849,1.0,True,annulus,626.1197891285782,622.2896542560931,3.8301348724850954,62611.97891285782,0.17392216364682728,0.0,1.1692236186830652e-16,0.4626570734505743,96.53011764125115,2.9134814499752957,3991.552429971101,choked_restriction;kantrowitz_limit;nonlinear_acoustic_pulse;reduced_model_invalid;low_reynolds_or_rarefaction_check
A,1.5,1.7,0.7785467128027683,100,0.01,piston,2187.063031227303,1013.25,1173.8130312273029,2.158463391292675,176.71458676442586,2.127852706936164,313.3264943845849,1.0,True,annulus,2159.412955797756,2074.298847520309,85.11410827744658,215941.2955797756,0.5998369321660433,0.0,0.0,0.46265707345057416,321.76705880417046,2.9134814499752957,13305.174766570337,choked_restriction;kantrowitz_limit;nonlinear_acoustic_pulse;reduced_model_invalid
A,1.5,1.7,0.7785467128027683,100,0.01,streamlined,2187.063031227303,1013.25,1173.8130312273029,2.158463391292675,176.71458676442586,2.127852706936164,313.3264943845849,1.0,True,annulus,2087.065963761926,2074.298847520309,12.767116241616984,208706.5963761926,0.5797405454894239,0.0,0.0,0.46265707345057416,321.76705880417046,2.9134814499752957,13305.174766570337,choked_restriction;kantrowitz_limit;nonlinear_acoustic_pulse;reduced_model_invalid
A,1.5,1.7,0.7785467128027683,100,0.03,piston,6561.18909368191,3039.75,3521.43909368191,2.1584633912926754,176.71458676442586,6.383558120808493,313.3264943845849,1.0,True,annulus,6478.23886739327,6222.89654256093,255.3423248323397,647823.886739327,1.7995107964981305,0.0,0.0,0.4626570734505742,965.3011764125115,2.9134814499752957,39915.524299711,choked_restriction;kantrowitz_limit;nonlinear_acoustic_pulse;reduced_model_invalid
A,1.5,1.7,0.7785467128027683,100,0.03,streamlined,6561.18909368191,3039.75,3521.43909368191,2.1584633912926754,176.71458676442586,6.383558120808493,313.3264943845849,1.0,True,annulus,6261.197891285781,6222.89654256093,38.30134872485095,626119.7891285782,1.7392216364682727,0.0,0.0,0.4626570734505742,965.3011764125115,2.9134814499752957,39915.524299711,choked_restriction;kantrowitz_limit;nonlinear_acoustic_pulse;reduced_model_invalid
A,1.5,1.7,0.7785467128027683,100,0.1,piston,21870.630312273028,10132.5,11738.130312273028,2.158463391292675,176.71458676442586,21.27852706936164,313.3264943845849,1.0,True,annulus,21594.129557977558,20742.988475203092,851.1410827744656,2159412.9557977556,5.998369321660433,0.0,0.0,0.4626570734505743,3217.670588041705,2.9134814499752957,133051.74766570335,choked_restriction;kantrowitz_limit;nonlinear_acoustic_pulse;reduced_model_invalid
A,1.5,1.7,0.7785467128027683,100,0.1,streamlined,21870.630312273028,10132.5,11738.130312273028,2.158463391292675,176.71458676442586,21.27852706936164,313.3264943845849,1.0,True,annulus,20870.65963761926,20742.988475203092,127.67116241616984,2087065.9637619262,5.797405454894239,0.0,0.0,0.4626570734505743,3217.670588041705,2.9134814499752957,133051.74766570335,choked_restriction;kantrowitz_limit;nonlinear_acoustic_pulse;reduced_model_invalid
A,1.5,1.7,0.7785467128027683,150,0.001,piston,328.0594546840955,101.325,226.7344546840955,3.237695086939013,265.0718801466388,0.3191779060404246,313.3264943845849,1.0,True,annulus,419.8235290099993,400.6728546475738,19.150674362425477,62973.52935149989,0.11661764694722201,0.0,1.2106231687999353e-16,0.32815199096096304,48.26505882062557,2.9134814499752957,1995.7762149855505,choked_restriction;kantrowitz_limit;nonlinear_acoustic_pulse;reduced_model_invalid;low_reynolds_or_rarefaction_check
A,1.5,1.7,0.7785467128027683,150,0.001,streamlined,328.0594546840955,101.325,226.7344546840955,3.237695086939013,265.0718801466388,0.3191779060404246,313.3264943845849,1.0,True,annulus,403.54545580193763,400.6728546475738,2.8726011543638212,60531.818370290646,0.11209595994498267,0.0,1.2106231687999353e-16,0.32815199096096304,48.26505882062557,2.9134814499752957,1995.7762149855505,choked_restriction;kantrowitz_limit;nonlinear_acoustic_pulse;reduced_model_invalid;low_reynolds_or_rarefaction_check
A,1.5,1.7,0.7785467128027683,150,0.003,piston,984.1783640522867,303.975,680.2033640522867,3.2376950869390138,265.0718801466388,0.957533718121274,313.3264943845849,1.0,True,annulus,1259.4705870299983,1202.0185639427218,57.45202308727643,188920.58805449976,0.3498529408416662,2.3189220465331837e-16,0.0,0.32815199096096304,144.79517646187674,2.9134814499752957,5987.328644956652,choked_restriction;kantrowitz_limit;nonlinear_acoustic_pulse;reduced_model_invalid;low_reynolds_or_rarefaction_check
A,1.5,1.7,0.7785467128027683,150,0.003,streamlined,984.1783640522867,303.975,680.2033640522867,3.2376950869390138,265.0718801466388,0.957533718121274,313.3264943845849,1.0,True,annulus,1210.6363674058132,1202.0185639427218,8.617803463091464,181595.455110872,0.3362878798349481,2.3189220465331837e-16,0.0,0.32815199096096304,144.79517646187674,2.9134814499752957,5987.328644956652,choked_restriction;kantrowitz_limit;nonlinear_acoustic_pulse;reduced_model_invalid;low_reynolds_or_rarefaction_check
A,1.5,1.7,0.7785467128027683,150,0.01,piston,3280.594546840955,1013.25,2267.344546840955,3.237695086939013,265.0718801466388,3.1917790604042464,313.3264943845849,1.0,True,annulus,4198.235290099992,4006.728546475738,191.5067436242548,629735.2935149989,1.16617646947222,0.0,0.0,0.328151990960963,482.6505882062557,2.9134814499752957,19957.7621498555,choked_restriction;kantrowitz_limit;nonlinear_acoustic_pulse;reduced_model_invalid
A,1.5,1.7,0.7785467128027683,150,0.01,streamlined,3280.594546840955,1013.25,2267.344546840955,3.237695086939013,265.0718801466388,3.1917790604042464,313.3264943845849,1.0,True,annulus,4035.4545580193762,4006.728546475738,28.726011543638215,605318.1837029065,1.1209595994498267,0.0,0.0,0.328151990960963,482.6505882062557,2.9134814499752957,19957.7621498555,choked_restriction;kantrowitz_limit;nonlinear_acoustic_pulse;reduced_model_invalid
A,1.5,1.7,0.7785467128027683,150,0.03,piston,9841.783640522866,3039.75,6802.033640522866,3.2376950869390133,265.0718801466388,9.57533718121274,313.3264943845849,1.0,True,annulus,12594.70587029998,12020.185639427216,574.5202308727643,1889205.880544997,3.4985294084166614,0.0,1.2913313800532642e-16,0.3281519909609631,1447.9517646187671,2.9134814499752957,59873.28644956652,choked_restriction;kantrowitz_limit;nonlinear_acoustic_pulse;reduced_model_invalid
A,1.5,1.7,0.7785467128027683,150,0.03,streamlined,9841.783640522866,3039.75,6802.033640522866,3.2376950869390133,265.0718801466388,9.57533718121274,313.3264943845849,1.0,True,annulus,12106.363674058131,12020.185639427216,86.17803463091464,1815954.5511087198,3.362878798349481,0.0,1.2913313800532642e-16,0.3281519909609631,1447.9517646187671,2.9134814499752957,59873.28644956652,choked_restriction;kantrowitz_limit;nonlinear_acoustic_pulse;reduced_model_invalid
A,1.5,1.7,0.7785467128027683,150,0.1,piston,32805.94546840956,10132.5,22673.44546840956,3.237695086939014,265.0718801466388,31.917790604042466,313.3264943845849,1.0,True,annulus,41982.35290099995,40067.2854647574,1915.067436242548,6297352.935149992,11.661764694722208,3.3392477470077844e-16,0.0,0.3281519909609631,4826.505882062557,2.9134814499752957,199577.62149855506,choked_restriction;kantrowitz_limit;nonlinear_acoustic_pulse;reduced_model_invalid
A,1.5,1.7,0.7785467128027683,150,0.1,streamlined,32805.94546840956,10132.5,22673.44546840956,3.237695086939014,265.0718801466388,31.917790604042466,313.3264943845849,1.0,True,annulus,40354.54558019378,40067.2854647574,287.26011543638214,6053181.837029067,11.209595994498272,3.3392477470077844e-16,0.0,0.3281519909609631,4826.505882062557,2.9134814499752957,199577.62149855506,choked_restriction;kantrowitz_limit;nonlinear_acoustic_pulse;reduced_model_invalid
A,1.5,1.7,0.7785467128027683,200,0.001,piston,437.4126062454606,101.325,336.0876062454606,4.31692678258535,353.4291735288517,0.4255705413872328,313.3264943845849,1.0,True,annulus,627.9614678540952,593.9158245431165,34.045643310978626,125592.29357081903,0.174433741070582,0.0,1.225082295084598e-16,0.2678529486929499,64.35341176083409,2.9134814499752957,2661.0349533140675,choked_restriction;kantrowitz_limit;nonlinear_acoustic_pulse;reduced_model_invalid;low_reynolds_or_rarefaction_check
A,1.5,1.7,0.7785467128027683,200,0.001,streamlined,437.4126062454606,101.325,336.0876062454606,4.31692678258535,353.4291735288517,0.4255705413872328,313.3264943845849,1.0,True,annulus,599.0226710397633,593.9158245431165,5.106846496646794,119804.53420795266,0.16639518639993425,0.0,1.225082295084598e-16,0.2678529486929499,64.35341176083409,2.9134814499752957,2661.0349533140675,choked_restriction;kantrowitz_limit;nonlinear_acoustic_pulse;reduced_model_invalid;low_reynolds_or_rarefaction_check
A,1.5,1.7,0.7785467128027683,200,0.003,piston,1312.237818736382,303.975,1008.262818736382,4.316926782585351,353.4291735288517,1.2767116241616985,313.3264943845849,1.0,True,annulus,1883.8844035622853,1781.7474736293495,102.13692993293589,376776.88071245706,0.5233012232117459,0.0,0.0,0.2678529486929499,193.0602352825023,2.9134814499752957,7983.104859942202,choked_restriction;kantrowitz_limit;nonlinear_acoustic_pulse;reduced_model_invalid;low_reynolds_or_rarefaction_check
A,1.5,1.7,0.7785467128027683,200,0.003,streamlined,1312.237818736382,303.975,1008.262818736382,4.316926782585351,353.4291735288517,1.2767116241616985,313.3264943845849,1.0,True,annulus,1797.0680131192898,1781.7474736293495,15.320539489940382,359413.60262385797,0.49918555919980273,0.0,0.0,0.2678529486929499,193.0602352825023,2.9134814499752957,7983.104859942202,choked_restriction;kantrowitz_limit;nonlinear_acoustic_pulse;reduced_model_invalid;low_reynolds_or_rarefaction_check
A,1.5,1.7,0.7785467128027683,200,0.01,piston,4374.126062454606,1013.25,3360.8760624546057,4.31692678258535,353.4291735288517,4.255705413872328,313.3264943845849,1.0,True,annulus,6279.61467854095,5939.158245431164,340.4564331097863,1255922.93570819,1.7443374107058194,0.0,0.0,0.2678529486929499,643.5341176083409,2.9134814499752957,26610.349533140674,choked_restriction;kantrowitz_limit;nonlinear_acoustic_pulse;reduced_model_invalid
A,1.5,1.7,0.7785467128027683,200,0.01,streamlined,4374.126062454606,1013.25,3360.8760624546057,4.31692678258535,353.4291735288517,4.255705413872328,313.3264943845849,1.0,True,annulus,5990.226710397632,5939.158245431164,51.068464966467936,1198045.3420795263,1.6639518639993423,0.0,0.0,0.2678529486929499,643.5341176083409,2.9134814499752957,26610.349533140674,choked_restriction;kantrowitz_limit;nonlinear_acoustic_pulse;reduced_model_invalid
A,1.5,1.7,0.7785467128027683,200,0.03,piston,13122.37818736382,3039.75,10082.62818736382,4.316926782585351,353.4291735288517,12.767116241616986,313.3264943845849,1.0,True,annulus,18838.844035622857,17817.474736293498,1021.3692993293588,3767768.8071245714,5.23301223211746,0.0,1.306754448090238e-16,0.26785294869294984,1930.602352825023,2.9134814499752957,79831.048599422,choked_restriction;kantrowitz_limit;nonlinear_acoustic_pulse;reduced_model_invalid
A,1.5,1.7,0.7785467128027683,200,0.03,streamlined,13122.37818736382,3039.75,10082.62818736382,4.316926782585351,353.4291735288517,12.767116241616986,313.3264943845849,1.0,True,annulus,17970.6801311929,17817.474736293498,153.2053948994038,3594136.0262385802,4.9918555919980285,0.0,1.306754448090238e-16,0.26785294869294984,1930.602352825023,2.9134814499752957,79831.048599422,choked_restriction;kantrowitz_limit;nonlinear_acoustic_pulse;reduced_model_invalid
A,1.5,1.7,0.7785467128027683,200,0.1,piston,43741.260624546056,10132.5,33608.760624546056,4.31692678258535,353.4291735288517,42.55705413872328,313.3264943845849,1.0,True,annulus,62796.146785409495,59391.58245431163,3404.5643310978626,12559229.3570819,17.443374107058194,0.0,0.0,0.26785294869294984,6435.34117608341,2.9134814499752957,266103.4953314067,choked_restriction;kantrowitz_limit;nonlinear_acoustic_pulse;reduced_model_invalid
A,1.5,1.7,0.7785467128027683,200,0.1,streamlined,43741.260624546056,10132.5,33608.760624546056,4.31692678258535,353.4291735288517,42.55705413872328,313.3264943845849,1.0,True,annulus,59902.26710397631,59391.58245431163,510.68464966467934,11980453.420795262,16.63951863999342,0.0,0.0,0.26785294869294984,6435.34117608341,2.9134814499752957,266103.4953314067,choked_restriction;kantrowitz_limit;nonlinear_acoustic_pulse;reduced_model_invalid
A,1.5,1.7,0.7785467128027683,250,0.001,piston,546.7657578068257,101.325,445.44075780682573,5.396158478231687,441.7864669110647,0.531963176734041,313.3264943845849,1.0,True,annulus,840.3551121120632,787.1587944386591,53.1963176734041,210088.7780280158,0.23343197558668424,0.0,1.4789305874420576e-16,0.23810845285580506,80.44176470104262,2.9134814499752957,3326.2936916425842,choked_restriction;kantrowitz_limit;nonlinear_acoustic_pulse;reduced_model_invalid;low_reynolds_or_rarefaction_check
A,1.5,1.7,0.7785467128027683,250,0.001,streamlined,546.7657578068257,101.325,445.44075780682573,5.396158478231687,441.7864669110647,0.531963176734041,313.3264943845849,1.0,True,annulus,795.1382420896697,787.1587944386591,7.979447651010615,198784.56052241742,0.22087173391379714,0.0,1.4789305874420576e-16,0.23810845285580506,80.44176470104262,2.9134814499752957,3326.2936916425842,choked_restriction;kantrowitz_limit;nonlinear_acoustic_pulse;reduced_model_invalid;low_reynolds_or_rarefaction_check
A,1.5,1.7,0.7785467128027683,250,0.003,piston,1640.2972734204775,303.975,1336.3222734204774,5.396158478231688,441.7864669110647,1.5958895302021232,313.3264943845849,1.0,True,annulus,2521.06533633619,2361.4763833159777,159.58895302021233,630266.3340840475,0.7002959267600527,0.0,0.0,0.2381084528558051,241.32529410312787,2.9134814499752957,9978.88107492775,choked_restriction;kantrowitz_limit;nonlinear_acoustic_pulse;reduced_model_invalid;low_reynolds_or_rarefaction_check
A,1.5,1.7,0.7785467128027683,250,0.003,streamlined,1640.2972734204775,303.975,1336.3222734204774,5.396158478231688,441.7864669110647,1.5958895302021232,313.3264943845849,1.0,True,annulus,2385.4147262690094,2361.4763833159777,23.93834295303185,596353.6815672524,0.6626152017413915,0.0,0.0,0.2381084528558051,241.32529410312787,2.9134814499752957,9978.88107492775,choked_restriction;kantrowitz_limit;nonlinear_acoustic_pulse;reduced_model_invalid;low_reynolds_or_rarefaction_check
A,1.5,1.7,0.7785467128027683,250,0.01,piston,5467.657578068257,1013.25,4454.407578068257,5.396158478231687,441.7864669110647,5.31963176734041,313.3264943845849,1.0,True,annulus,8403.551121120632,7871.587944386591,531.963176734041,2100887.780280158,2.3343197558668423,0.0,1.1831444699536463e-16,0.2381084528558051,804.4176470104262,2.9134814499752957,33262.93691642584,choked_restriction;kantrowitz_limit;nonlinear_acoustic_pulse;reduced_model_invalid
A,1.5,1.7,0.7785467128027683,250,0.01,streamlined,5467.657578068257,1013.25,4454.407578068257,5.396158478231687,441.7864669110647,5.31963176734041,313.3264943845849,1.0,True,annulus,7951.382420896697,7871.587944386591,79.79447651010615,1987845.6052241742,2.2087173391379715,0.0,1.1831444699536463e-16,0.2381084528558051,804.4176470104262,2.9134814499752957,33262.93691642584,choked_restriction;kantrowitz_limit;nonlinear_acoustic_pulse;reduced_model_invalid
A,1.5,1.7,0.7785467128027683,250,0.03,piston,16402.97273420478,3039.75,13363.22273420478,5.3961584782316905,441.7864669110647,15.958895302021233,313.3264943845849,1.0,True,annulus,25210.65336336191,23614.76383315979,1595.8895302021233,6302663.3408404775,7.002959267600531,3.3392477470077844e-16,0.0,0.23810845285580506,2413.2529410312786,2.9134814499752957,99788.81074927753,choked_restriction;kantrowitz_limit;nonlinear_acoustic_pulse;reduced_model_invalid
A,1.5,1.7,0.7785467128027683,250,0.03,streamlined,16402.97273420478,3039.75,13363.22273420478,5.3961584782316905,441.7864669110647,15.958895302021233,313.3264943845849,1.0,True,annulus,23854.147262690105,23614.76383315979,239.38342953031847,5963536.815672526,6.626152017413918,3.3392477470077844e-16,0.0,0.23810845285580506,2413.2529410312786,2.9134814499752957,99788.81074927753,choked_restriction;kantrowitz_limit;nonlinear_acoustic_pulse;reduced_model_invalid
A,1.5,1.7,0.7785467128027683,250,0.1,piston,54676.575780682586,10132.5,44544.075780682586,5.396158478231689,441.7864669110647,53.1963176734041,313.3264943845849,1.0,True,annulus,84035.51121120635,78715.87944386594,5319.631767340411,21008877.802801587,23.343197558668432,1.335699098803114e-16,0.0,0.23810845285580512,8044.176470104261,2.9134814499752957,332629.36916425836,choked_restriction;kantrowitz_limit;nonlinear_acoustic_pulse;reduced_model_invalid
A,1.5,1.7,0.7785467128027683,250,0.1,streamlined,54676.575780682586,10132.5,44544.075780682586,5.396158478231689,441.7864669110647,53.1963176734041,313.3264943845849,1.0,True,annulus,79513.824208967,78715.87944386594,797.9447651010615,19878456.05224175,22.08717339137972,1.335699098803114e-16,0.0,0.23810845285580512,8044.176470104261,2.9134814499752957,332629.36916425836,choked_restriction;kantrowitz_limit;nonlinear_acoustic_pulse;reduced_model_invalid
A,1.5,1.7,0.7785467128027683,300,0.001,piston,656.118909368191,101.325,554.793909368191,6.475390173878026,530.1437602932776,0.6383558120808492,313.3264943845849,1.0,True,annulus,1057.004461783904,980.401764334202,76.6026974497019,317101.3385351712,0.29361235049552886,0.0,1.979041077205617e-16,0.22462408088569139,96.53011764125114,2.9134814499752957,3991.552429971101,choked_restriction;kantrowitz_limit;nonlinear_acoustic_pulse;reduced_model_invalid;low_reynolds_or_rarefaction_check
A,1.5,1.7,0.7785467128027683,300,0.001,streamlined,656.118909368191,101.325,554.793909368191,6.475390173878026,530.1437602932776,0.6383558120808492,313.3264943845849,1.0,True,annulus,991.8921689516573,980.401764334202,11.490404617455285,297567.65068549715,0.2755256024865715,0.0,1.979041077205617e-16,0.22462408088569139,96.53011764125114,2.9134814499752957,3991.552429971101,choked_restriction;kantrowitz_limit;nonlinear_acoustic_pulse;reduced_model_invalid;low_reynolds_or_rarefaction_check
A,1.5,1.7,0.7785467128027683,300,0.003,piston,1968.3567281045734,303.975,1664.3817281045735,6.4753901738780275,530.1437602932776,1.915067436242548,313.3264943845849,1.0,True,annulus,3171.0133853517127,2941.205293002607,229.80809234910572,951304.0156055138,0.8808370514865869,2.3189220465331837e-16,1.3193607181370775e-16,0.22462408088569139,289.59035292375347,2.9134814499752957,11974.657289913304,choked_restriction;kantrowitz_limit;nonlinear_acoustic_pulse;reduced_model_invalid
A,1.5,1.7,0.7785467128027683,300,0.003,streamlined,1968.3567281045734,303.975,1664.3817281045735,6.4753901738780275,530.1437602932776,1.915067436242548,313.3264943845849,1.0,True,annulus,2975.676506854973,2941.205293002607,34.47121385236586,892702.9520564919,0.8265768074597147,2.3189220465331837e-16,1.3193607181370775e-16,0.22462408088569139,289.59035292375347,2.9134814499752957,11974.657289913304,choked_restriction;kantrowitz_limit;nonlinear_acoustic_pulse;reduced_model_invalid
A,1.5,1.7,0.7785467128027683,300,0.01,piston,6561.18909368191,1013.25,5547.93909368191,6.475390173878026,530.1437602932776,6.383558120808493,313.3264943845849,1.0,True,annulus,10570.04461783904,9804.01764334202,766.0269744970192,3171013.385351712,2.9361235049552885,0.0,1.5832328617644937e-16,0.2246240808856914,965.3011764125114,2.9134814499752957,39915.524299711,choked_restriction;kantrowitz_limit;nonlinear_acoustic_pulse;reduced_model_invalid
A,1.5,1.7,0.7785467128027683,300,0.01,streamlined,6561.18909368191,1013.25,5547.93909368191,6.475390173878026,530.1437602932776,6.383558120808493,313.3264943845849,1.0,True,annulus,9918.921689516574,9804.01764334202,114.90404617455286,2975676.506854972,2.755256024865715,0.0,1.5832328617644937e-16,0.2246240808856914,965.3011764125114,2.9134814499752957,39915.524299711,choked_restriction;kantrowitz_limit;nonlinear_acoustic_pulse;reduced_model_invalid
A,1.5,1.7,0.7785467128027683,300,0.03,piston,19683.567281045733,3039.75,16643.817281045733,6.475390173878027,530.1437602932776,19.15067436242548,313.3264943845849,1.0,True,annulus,31710.133853517123,29412.052930026068,2298.080923491057,9513040.156055138,8.808370514865867,0.0,0.0,0.22462408088569136,2895.9035292375343,2.9134814499752957,119746.57289913304,choked_restriction;kantrowitz_limit;nonlinear_acoustic_pulse;reduced_model_invalid
A,1.5,1.7,0.7785467128027683,300,0.03,streamlined,19683.567281045733,3039.75,16643.817281045733,6.475390173878027,530.1437602932776,19.15067436242548,313.3264943845849,1.0,True,annulus,29756.765068549725,29412.052930026068,344.71213852365855,8927029.520564917,8.265768074597146,0.0,0.0,0.22462408088569136,2895.9035292375343,2.9134814499752957,119746.57289913304,choked_restriction;kantrowitz_limit;nonlinear_acoustic_pulse;reduced_model_invalid
A,1.5,1.7,0.7785467128027683,300,0.1,piston,65611.89093681912,10132.5,55479.39093681912,6.475390173878028,530.1437602932776,63.83558120808493,313.3264943845849,1.0,True,annulus,105700.44617839044,98040.17643342025,7660.269744970192,31710133.853517134,29.3612350495529,3.3392477470077844e-16,1.2665862894115943e-16,0.22462408088569144,9653.011764125114,2.9134814499752957,399155.2429971101,choked_restriction;kantrowitz_limit;nonlinear_acoustic_pulse;reduced_model_invalid
A,1.5,1.7,0.7785467128027683,300,0.1,streamlined,65611.89093681912,10132.5,55479.39093681912,6.475390173878028,530.1437602932776,63.83558120808493,313.3264943845849,1.0,True,annulus,99189.21689516578,98040.17643342025,1149.0404617455285,29756765.068549734,27.552560248657162,3.3392477470077844e-16,1.2665862894115943e-16,0.22462408088569144,9653.011764125114,2.9134814499752957,399155.2429971101,choked_restriction;kantrowitz_limit;nonlinear_acoustic_pulse;reduced_model_invalid
A,1.5,1.7,0.7785467128027683,350,0.001,piston,765.4720609295562,101.325,664.1470609295561,7.554621869524364,618.5010536754905,0.7447484474276574,313.3264943845849,1.0,True,annulus,1277.9095168696167,1173.6447342297447,104.26478263987204,447268.33090436587,0.35497486579711574,0.0,1.417018265915481e-16,0.22152427539533387,112.61847058145966,2.9134814499752957,4656.811168299617,choked_restriction;kantrowitz_limit;nonlinear_acoustic_pulse;reduced_model_invalid;low_reynolds_or_rarefaction_check
A,1.5,1.7,0.7785467128027683,350,0.001,streamlined,765.4720609295562,101.325,664.1470609295561,7.554621869524364,618.5010536754905,0.7447484474276574,313.3264943845849,1.0,True,annulus,1189.2844516257255,1173.6447342297447,15.639717395980805,416249.5580690039,0.3303567921182571,0.0,1.417018265915481e-16,0.22152427539533387,112.61847058145966,2.9134814499752957,4656.811168299617,choked_restriction;kantrowitz_limit;nonlinear_acoustic_pulse;reduced_model_invalid;low_reynolds_or_rarefaction_check
A,1.5,1.7,0.7785467128027683,350,0.003,piston,2296.4161827886687,303.975,1992.4411827886688,7.554621869524364,618.5010536754905,2.2342453422829727,313.3264943845849,1.0,True,annulus,3833.728550608851,3520.934202689235,312.7943479196162,1341804.992713098,1.0649245973913475,0.0,0.0,0.22152427539533387,337.855411744379,2.9134814499752957,13970.433504898854,choked_restriction;kantrowitz_limit;nonlinear_acoustic_pulse;reduced_model_invalid
A,1.5,1.7,0.7785467128027683,350,0.003,streamlined,2296.4161827886687,303.975,1992.4411827886688,7.554621869524364,618.5010536754905,2.2342453422829727,313.3264943845849,1.0,True,annulus,3567.8533548771775,3520.934202689235,46.91915218794242,1248748.6742070122,0.9910703763547716,0.0,0.0,0.22152427539533387,337.855411744379,2.9134814499752957,13970.433504898854,choked_restriction;kantrowitz_limit;nonlinear_acoustic_pulse;reduced_model_invalid
A,1.5,1.7,0.7785467128027683,350,0.01,piston,7654.720609295561,1013.25,6641.470609295561,7.554621869524364,618.5010536754905,7.447484474276574,313.3264943845849,1.0,True,annulus,12779.095168696169,11736.447342297448,1042.6478263987206,4472683.309043659,3.549748657971158,1.192588481074209e-16,0.0,0.22152427539533387,1126.1847058145968,2.9134814499752957,46568.111682996176,choked_restriction;kantrowitz_limit;nonlinear_acoustic_pulse;reduced_model_invalid
A,1.5,1.7,0.7785467128027683,350,0.01,streamlined,7654.720609295561,1013.25,6641.470609295561,7.554621869524364,618.5010536754905,7.447484474276574,313.3264943845849,1.0,True,annulus,11892.844516257255,11736.447342297448,156.39717395980807,4162495.5806900393,3.303567921182571,1.192588481074209e-16,0.0,0.22152427539533387,1126.1847058145968,2.9134814499752957,46568.111682996176,choked_restriction;kantrowitz_limit;nonlinear_acoustic_pulse;reduced_model_invalid
A,1.5,1.7,0.7785467128027683,350,0.03,piston,22964.161827886688,3039.75,19924.411827886688,7.5546218695243645,618.5010536754905,22.342453422829724,313.3264943845849,1.0,True,annulus,38337.28550608851,35209.34202689235,3127.943479196161,13418049.927130979,10.649245973913475,0.0,0.0,0.22152427539533384,3378.55411744379,2.9134814499752957,139704.33504898855,choked_restriction;kantrowitz_limit;nonlinear_acoustic_pulse;reduced_model_invalid
A,1.5,1.7,0.7785467128027683,350,0.03,streamlined,22964.161827886688,3039.75,19924.411827886688,7.5546218695243645,618.5010536754905,22.342453422829724,313.3264943845849,1.0,True,annulus,35678.533548771775,35209.34202689235,469.19152187942416,12487486.742070122,9.910703763547716,0.0,0.0,0.22152427539533384,3378.55411744379,2.9134814499752957,139704.33504898855,choked_restriction;kantrowitz_limit;nonlinear_acoustic_pulse;reduced_model_invalid
A,1.5,1.7,0.7785467128027683,350,0.1,piston,76547.20609295562,10132.5,66414.70609295562,7.554621869524364,618.5010536754905,74.47484474276574,313.3264943845849,1.0,True,annulus,127790.95168696168,117364.47342297448,10426.478263987205,44726833.090436585,35.49748657971158,1.9081415697187343e-16,1.8137833803718157e-16,0.22152427539533384,11261.847058145968,2.9134814499752957,465681.11682996183,choked_restriction;kantrowitz_limit;nonlinear_acoustic_pulse;reduced_model_invalid
A,1.5,1.7,0.7785467128027683,350,0.1,streamlined,76547.20609295562,10132.5,66414.70609295562,7.554621869524364,618.5010536754905,74.47484474276574,313.3264943845849,1.0,True,annulus,118928.44516257256,117364.47342297448,1563.9717395980804,41624955.8069004,33.03567921182571,1.9081415697187343e-16,1.8137833803718157e-16,0.22152427539533384,11261.847058145968,2.9134814499752957,465681.11682996183,choked_restriction;kantrowitz_limit;nonlinear_acoustic_pulse;reduced_model_invalid
A,1.5,1.8,0.6944444444444444,50,0.001,piston,112.98293133337437,101.325,11.657931333374364,1.1150548367468478,88.35729338221293,0.1063926353468082,134.33533666740158,0.3975201330255353,False,none,22.729117887989194,20.60126518105303,2.127852706936164,1136.4558943994598,0.006313643857774776,2.0870298418798653e-15,0.0,1.2293687356805922,14.350413579383524,2.9134814499752957,997.8881074927757,low_reynolds_or_rarefaction_check
A,1.5,1.8,0.6944444444444444,50,0.001,streamlined,112.98293133337437,101.325,11.657931333374364,1.1150548367468478,88.35729338221293,0.1063926353468082,134.33533666740158,0.3975201330255353,False,none,20.920443087093453,20.60126518105303,0.3191779060404246,1046.0221543546727,0.005811234190859292,2.0870298418798653e-15,0.0,1.2293687356805922,14.350413579383524,2.9134814499752957,997.8881074927757,low_reynolds_or_rarefaction_check
A,1.5,1.8,0.6944444444444444,50,0.003,piston,338.94879400012314,303.975,34.97379400012312,1.115054836746848,88.35729338221293,0.3191779060404246,134.33533666740158,0.3975201330255353,False,none,68.18735366396763,61.80379554315914,6.383558120808493,3409.367683198381,0.01894093157332434,2.2609489953698543e-15,0.0,1.2293687356805922,43.051240738150575,2.9134814499752957,2993.664322478327,low_reynolds_or_rarefaction_check
A,1.5,1.8,0.6944444444444444,50,0.003,streamlined,338.94879400012314,303.975,34.97379400012312,1.115054836746848,88.35729338221293,0.3191779060404246,134.33533666740158,0.3975201330255353,False,none,62.761329261280416,61.80379554315914,0.9575337181212739,3138.066463064021,0.017433702572577894,2.2609489953698543e-15,0.0,1.2293687356805922,43.051240738150575,2.9134814499752957,2993.664322478327,low_reynolds_or_rarefaction_check
A,1.5,1.8,0.6944444444444444,50,0.01,piston,1129.8293133337438,1013.25,116.57931333374381,1.115054836746848,88.35729338221293,1.063926353468082,134.33533666740158,0.3975201330255353,False,none,227.29117887989224,206.0126518105306,21.278527069361644,11364.558943994612,0.06313643857774784,0.0,0.0,1.2293687356805922,143.50413579383525,2.9134814499752957,9978.881074927756,low_reynolds_or_rarefaction_check
A,1.5,1.8,0.6944444444444444,50,0.01,streamlined,1129.8293133337438,1013.25,116.57931333374381,1.115054836746848,88.35729338221293,1.063926353468082,134.33533666740158,0.3975201330255353,False,none,209.20443087093486,206.0126518105306,3.191779060404246,10460.221543546742,0.05811234190859302,0.0,0.0,1.2293687356805922,143.50413579383525,2.9134814499752957,9978.881074927756,low_reynolds_or_rarefaction_check
A,1.5,1.8,0.6944444444444444,50,0.03,piston,3389.487940001231,3039.75,349.737940001231,1.115054836746848,88.35729338221293,3.1917790604042464,134.33533666740158,0.3975201330255353,False,none,681.8735366396759,618.037955431591,63.835581208084925,34093.676831983794,0.1894093157332433,2.0870298418798653e-15,0.0,1.229368735680592,430.5124073815058,2.9134814499752957,29936.643224783267,
A,1.5,1.8,0.6944444444444444,50,0.03,streamlined,3389.487940001231,3039.75,349.737940001231,1.115054836746848,88.35729338221293,3.1917790604042464,134.33533666740158,0.3975201330255353,False,none,627.6132926128037,618.037955431591,9.575337181212738,31380.66463064018,0.1743370257257788,2.0870298418798653e-15,0.0,1.229368735680592,430.5124073815058,2.9134814499752957,29936.643224783267,
A,1.5,1.8,0.6944444444444444,50,0.1,piston,11298.293133337436,10132.5,1165.7931333374363,1.1150548367468478,88.35729338221293,10.63926353468082,134.33533666740158,0.3975201330255353,False,none,2272.911788798919,2060.1265181053027,212.7852706936164,113645.58943994595,0.6313643857774776,2.0035486482046707e-15,0.0,1.229368735680592,1435.0413579383526,2.9134814499752957,99788.81074927756,
A,1.5,1.8,0.6944444444444444,50,0.1,streamlined,11298.293133337436,10132.5,1165.7931333374363,1.1150548367468478,88.35729338221293,10.63926353468082,134.33533666740158,0.3975201330255353,False,none,2092.044308709345,2060.1265181053027,31.91779060404246,104602.21543546725,0.5811234190859291,2.0035486482046707e-15,0.0,1.229368735680592,1435.0413579383526,2.9134814499752957,99788.81074927756,
A,1.5,1.8,0.6944444444444444,100,0.001,piston,149.14148280656417,101.325,47.81648280656417,1.4719119941432437,176.71458676442586,0.2127852706936164,248.18025697928945,0.7641218312582818,False,none,93.01011082464727,84.49869999690262,8.511410827744657,9301.011082464727,0.025836141895735354,7.826361907049495e-16,0.0,0.6383623422306324,28.700827158767048,2.9134814499752957,1995.7762149855514,kantrowitz_limit;nonlinear_acoustic_pulse;low_reynolds_or_rarefaction_check
A,1.5,1.8,0.6944444444444444,100,0.001,streamlined,149.14148280656417,101.325,47.81648280656417,1.4719119941432437,176.71458676442586,0.2127852706936164,248.18025697928945,0.7641218312582818,False,none,85.77541162106431,84.49869999690262,1.2767116241616985,8577.54116210643,0.02382650322807342,7.826361907049495e-16,0.0,0.6383623422306324,28.700827158767048,2.9134814499752957,1995.7762149855514,kantrowitz_limit;nonlinear_acoustic_pulse;low_reynolds_or_rarefaction_check
A,1.5,1.8,0.6944444444444444,100,0.003,piston,447.4244484196925,303.975,143.4494484196925,1.4719119941432437,176.71458676442586,0.6383558120808492,248.18025697928945,0.7641218312582818,False,none,279.03033247394177,253.49609999070782,25.53423248323397,27903.033247394178,0.07750842568720605,6.956766139599551e-16,0.0,0.6383623422306323,86.10248147630115,2.9134814499752957,5987.328644956654,kantrowitz_limit;nonlinear_acoustic_pulse;low_reynolds_or_rarefaction_check
A,1.5,1.8,0.6944444444444444,100,0.003,streamlined,447.4244484196925,303.975,143.4494484196925,1.4719119941432437,176.71458676442586,0.6383558120808492,248.18025697928945,0.7641218312582818,False,none,257.3262348631929,253.49609999070782,3.8301348724850954,25732.623486319288,0.07147950968422025,6.956766139599551e-16,0.0,0.6383623422306323,86.10248147630115,2.9134814499752957,5987.328644956654,kantrowitz_limit;nonlinear_acoustic_pulse;low_reynolds_or_rarefaction_check
A,1.5,1.8,0.6944444444444444,100,0.01,piston,1491.4148280656416,1013.25,478.1648280656416,1.4719119941432437,176.71458676442586,2.127852706936164,248.18025697928945,0.7641218312582818,False,none,930.1011082464726,844.986999969026,85.11410827744658,93010.11082464726,0.2583614189573535,8.348119367519462e-16,0.0,0.6383623422306323,287.0082715876705,2.9134814499752957,19957.762149855513,kantrowitz_limit;nonlinear_acoustic_pulse
A,1.5,1.8,0.6944444444444444,100,0.01,streamlined,1491.4148280656416,1013.25,478.1648280656416,1.4719119941432437,176.71458676442586,2.127852706936164,248.18025697928945,0.7641218312582818,False,none,857.754116210643,844.986999969026,12.767116241616984,85775.4116210643,0.23826503228073417,8.348119367519462e-16,0.0,0.6383623422306323,287.0082715876705,2.9134814499752957,19957.762149855513,kantrowitz_limit;nonlinear_acoustic_pulse
A,1.5,1.8,0.6944444444444444,100,0.03,piston,4474.2444841969245,3039.75,1434.4944841969245,1.4719119941432435,176.71458676442586,6.383558120808493,248.18025697928945,0.7641218312582818,False,none,2790.3033247394173,2534.9609999070776,255.3423248323397,279030.33247394173,0.7750842568720604,6.95676613959955e-16,1.1480977599971182e-16,0.6383623422306322,861.0248147630116,2.9134814499752957,59873.286449566534,kantrowitz_limit;nonlinear_acoustic_pulse
A,1.5,1.8,0.6944444444444444,100,0.03,streamlined,4474.2444841969245,3039.75,1434.4944841969245,1.4719119941432435,176.71458676442586,6.383558120808493,248.18025697928945,0.7641218312582818,False,none,2573.2623486319285,2534.9609999070776,38.30134872485095,257326.23486319286,0.7147950968422023,6.95676613959955e-16,1.1480977599971182e-16,0.6383623422306322,861.0248147630116,2.9134814499752957,59873.286449566534,kantrowitz_limit;nonlinear_acoustic_pulse
A,1.5,1.8,0.6944444444444444,100,0.1,piston,14914.148280656414,10132.5,4781.6482806564145,1.4719119941432435,176.71458676442586,21.27852706936164,248.18025697928945,0.7641218312582818,False,none,9301.011082464724,8449.869999690258,851.1410827744656,930101.1082464723,2.5836141895735345,5.008871620511677e-16,1.3777173119965418e-16,0.6383623422306322,2870.082715876705,2.9134814499752957,199577.62149855512,kantrowitz_limit;nonlinear_acoustic_pulse
A,1.5,1.8,0.6944444444444444,100,0.1,streamlined,14914.148280656414,10132.5,4781.6482806564145,1.4719119941432435,176.71458676442586,21.27852706936164,248.18025697928945,0.7641218312582818,False,none,8577.541162106427,8449.869999690258,127.67116241616984,857754.1162106427,2.382650322807341,5.008871620511677e-16,1.3777173119965418e-16,0.6383623422306322,2870.082715876705,2.9134814499752957,199577.62149855512,kantrowitz_limit;nonlinear_acoustic_pulse
A,1.5,1.8,0.6944444444444444,150,0.001,piston,212.07883939173826,101.325,110.75383939173825,2.0930554097383496,265.0718801466388,0.3191779060404246,313.3264943845849,1.0,True,annulus,214.86886396927162,195.71818960684615,19.150674362425477,32230.329595390744,0.059685795547019894,0.0,1.2391894742127594e-16,0.4527756854448361,43.051240738150575,2.9134814499752957,2993.664322478327,choked_restriction;kantrowitz_limit;nonlinear_acoustic_pulse;reduced_model_invalid;low_reynolds_or_rarefaction_check
A,1.5,1.8,0.6944444444444444,150,0.001,streamlined,212.07883939173826,101.325,110.75383939173825,2.0930554097383496,265.0718801466388,0.3191779060404246,313.3264943845849,1.0,True,annulus,198.59079076120997,195.71818960684615,2.8726011543638212,29788.618614181498,0.05516410854478055,0.0,1.2391894742127594e-16,0.4527756854448361,43.051240738150575,2.9134814499752957,2993.664322478327,choked_restriction;kantrowitz_limit;nonlinear_acoustic_pulse;reduced_model_invalid;low_reynolds_or_rarefaction_check
A,1.5,1.8,0.6944444444444444,150,0.003,piston,636.236518175215,303.975,332.261518175215,2.09305540973835,265.0718801466388,0.957533718121274,313.3264943845849,1.0,True,annulus,644.6065919078153,587.1545688205389,57.45202308727643,96690.9887861723,0.1790573866410598,2.3189220465331837e-16,0.0,0.4527756854448361,129.15372221445173,2.9134814499752957,8980.99296743498,choked_restriction;kantrowitz_limit;nonlinear_acoustic_pulse;reduced_model_invalid;low_reynolds_or_rarefaction_check
A,1.5,1.8,0.6944444444444444,150,0.003,streamlined,636.236518175215,303.975,332.261518175215,2.09305540973835,265.0718801466388,0.957533718121274,313.3264943845849,1.0,True,annulus,595.7723722836304,587.1545688205389,8.617803463091464,89365.85584254455,0.16549232563434177,2.3189220465331837e-16,0.0,0.4527756854448361,129.15372221445173,2.9134814499752957,8980.99296743498,choked_restriction;kantrowitz_limit;nonlinear_acoustic_pulse;reduced_model_invalid;low_reynolds_or_rarefaction_check
A,1.5,1.8,0.6944444444444444,150,0.01,piston,2120.7883939173826,1013.25,1107.5383939173826,2.0930554097383496,265.0718801466388,3.1917790604042464,313.3264943845849,1.0,True,annulus,2148.6886396927166,1957.1818960684618,191.5067436242548,322303.2959539075,0.596857955470199,0.0,0.0,0.4527756854448361,430.51240738150574,2.9134814499752957,29936.643224783267,choked_restriction;kantrowitz_limit;nonlinear_acoustic_pulse;reduced_model_invalid
A,1.5,1.8,0.6944444444444444,150,0.01,streamlined,2120.7883939173826,1013.25,1107.5383939173826,2.0930554097383496,265.0718801466388,3.1917790604042464,313.3264943845849,1.0,True,annulus,1985.9079076121,1957.1818960684618,28.726011543638215,297886.186141815,0.5516410854478055,0.0,0.0,0.4527756854448361,430.51240738150574,2.9134814499752957,29936.643224783267,choked_restriction;kantrowitz_limit;nonlinear_acoustic_pulse;reduced_model_invalid
A,1.5,1.8,0.6944444444444444,150,0.03,piston,6362.365181752149,3039.75,3322.6151817521486,2.0930554097383496,265.0718801466388,9.57533718121274,313.3264943845849,1.0,True,annulus,6446.065919078151,5871.545688205387,574.5202308727643,966909.8878617226,1.7905738664105975,0.0,0.0,0.4527756854448361,1291.5372221445173,2.9134814499752957,89809.9296743498,choked_restriction;kantrowitz_limit;nonlinear_acoustic_pulse;reduced_model_invalid
A,1.5,1.8,0.6944444444444444,150,0.03,streamlined,6362.365181752149,3039.75,3322.6151817521486,2.0930554097383496,265.0718801466388,9.57533718121274,313.3264943845849,1.0,True,annulus,5957.723722836301,5871.545688205387,86.17803463091464,893658.5584254451,1.6549232563434169,0.0,0.0,0.4527756854448361,1291.5372221445173,2.9134814499752957,89809.9296743498,choked_restriction;kantrowitz_limit;nonlinear_acoustic_pulse;reduced_model_invalid
A,1.5,1.8,0.6944444444444444,150,0.1,piston,21207.88393917383,10132.5,11075.38393917383,2.0930554097383496,265.0718801466388,31.917790604042466,313.3264943845849,1.0,True,annulus,21486.886396927173,19571.818960684624,1915.067436242548,3223032.959539076,5.968579554701993,0.0,0.0,0.45277568544483615,4305.124073815058,2.9134814499752957,299366.4322478327,choked_restriction;kantrowitz_limit;nonlinear_acoustic_pulse;reduced_model_invalid
A,1.5,1.8,0.6944444444444444,150,0.1,streamlined,21207.88393917383,10132.5,11075.38393917383,2.0930554097383496,265.0718801466388,31.917790604042466,313.3264943845849,1.0,True,annulus,19859.07907612101,19571.818960684624,287.26011543638214,2978861.8614181513,5.516410854478058,0.0,0.0,0.45277568544483615,4305.124073815058,2.9134814499752957,299366.4322478327,choked_restriction;kantrowitz_limit;nonlinear_acoustic_pulse;reduced_model_invalid
A,1.5,1.8,0.6944444444444444,200,0.001,piston,282.771785855651,101.325,181.446785855651,2.790740546317799,353.4291735288517,0.4255705413872328,313.3264943845849,1.0,True,annulus,354.688581133125,320.6429378221464,34.045643310978626,70937.71622662501,0.0985246058703125,0.0,0.0,0.3695766162738231,57.401654317534096,2.9134814499752957,3991.552429971103,choked_restriction;kantrowitz_limit;nonlinear_acoustic_pulse;reduced_model_invalid;low_reynolds_or_rarefaction_check
A,1.5,1.8,0.6944444444444444,200,0.001,streamlined,282.771785855651,101.325,181.446785855651,2.790740546317799,353.4291735288517,0.4255705413872328,313.3264943845849,1.0,True,annulus,325.74978431879316,320.6429378221464,5.106846496646794,65149.956863758634,0.09048605119966477,0.0,0.0,0.3695766162738231,57.401654317534096,2.9134814499752957,3991.552429971103,choked_restriction;kantrowitz_limit;nonlinear_acoustic_pulse;reduced_model_invalid;low_reynolds_or_rarefaction_check
A,1.5,1.8,0.6944444444444444,200,0.003,piston,848.315357566953,303.975,544.340357566953,2.790740546317799,353.4291735288517,1.2767116241616985,313.3264943845849,1.0,True,annulus,1064.065743399375,961.9288134664391,102.13692993293589,212813.14867987498,0.2955738176109375,0.0,0.0,0.3695766162738231,172.2049629526023,2.9134814499752957,11974.657289913308,choked_restriction;kantrowitz_limit;nonlinear_acoustic_pulse;reduced_model_invalid
A,1.5,1.8,0.6944444444444444,200,0.003,streamlined,848.315357566953,303.975,544.340357566953,2.790740546317799,353.4291735288517,1.2767116241616985,313.3264943845849,1.0,True,annulus,977.2493529563795,961.9288134664391,15.320539489940382,195449.87059127592,0.27145815359899433,0.0,0.0,0.3695766162738231,172.2049629526023,2.9134814499752957,11974.657289913308,choked_restriction;kantrowitz_limit;nonlinear_acoustic_pulse;reduced_model_invalid
A,1.5,1.8,0.6944444444444444,200,0.01,piston,2827.7178585565102,1013.25,1814.4678585565102,2.7907405463177994,353.4291735288517,4.255705413872328,313.3264943845849,1.0,True,annulus,3546.8858113312504,3206.429378221464,340.4564331097863,709377.1622662501,0.9852460587031251,0.0,0.0,0.36957661627382304,574.016543175341,2.9134814499752957,39915.524299711025,choked_restriction;kantrowitz_limit;nonlinear_acoustic_pulse;reduced_model_invalid
A,1.5,1.8,0.6944444444444444,200,0.01,streamlined,2827.7178585565102,1013.25,1814.4678585565102,2.7907405463177994,353.4291735288517,4.255705413872328,313.3264943845849,1.0,True,annulus,3257.497843187932,3206.429378221464,51.068464966467936,651499.5686375864,0.9048605119966479,0.0,0.0,0.36957661627382304,574.016543175341,2.9134814499752957,39915.524299711025,choked_restriction;kantrowitz_limit;nonlinear_acoustic_pulse;reduced_model_invalid
A,1.5,1.8,0.6944444444444444,200,0.03,piston,8483.15357566953,3039.75,5443.40357566953,2.7907405463177994,353.4291735288517,12.767116241616986,313.3264943845849,1.0,True,annulus,10640.65743399375,9619.288134664392,1021.3692993293588,2128131.4867987502,2.9557381761093753,0.0,0.0,0.36957661627382304,1722.0496295260232,2.9134814499752957,119746.57289913307,choked_restriction;kantrowitz_limit;nonlinear_acoustic_pulse;reduced_model_invalid
A,1.5,1.8,0.6944444444444444,200,0.03,streamlined,8483.15357566953,3039.75,5443.40357566953,2.7907405463177994,353.4291735288517,12.767116241616986,313.3264943845849,1.0,True,annulus,9772.493529563795,9619.288134664392,153.2053948994038,1954498.705912759,2.714581535989943,0.0,0.0,0.36957661627382304,1722.0496295260232,2.9134814499752957,119746.57289913307,choked_restriction;kantrowitz_limit;nonlinear_acoustic_pulse;reduced_model_invalid
A,1.5,1.8,0.6944444444444444,200,0.1,piston,28277.178585565096,10132.5,18144.678585565096,2.7907405463177986,353.4291735288517,42.55705413872328,313.3264943845849,1.0,True,annulus,35468.85811331249,32064.29378221463,3404.5643310978626,7093771.622662498,9.852460587031247,0.0,0.0,0.3695766162738231,5740.16543175341,2.9134814499752957,399155.24299711024,choked_restriction;kantrowitz_limit;nonlinear_acoustic_pulse;reduced_model_invalid
A,1.5,1.8,0.6944444444444444,200,0.1,streamlined,28277.178585565096,10132.5,18144.678585565096,2.7907405463177986,353.4291735288517,42.55705413872328,313.3264943845849,1.0,True,annulus,32574.97843187931,32064.29378221463,510.68464966467934,6514995.686375862,9.048605119966474,0.0,0.0,0.3695766162738231,5740.16543175341,2.9134814499752957,399155.24299711024,choked_restriction;kantrowitz_limit;nonlinear_acoustic_pulse;reduced_model_invalid
A,1.5,1.8,0.6944444444444444,250,0.001,piston,353.4647323195638,101.325,252.1397323195638,3.4884256828972493,441.7864669110647,0.531963176734041,313.3264943845849,1.0,True,annulus,498.7640037108508,445.56768603744666,53.1963176734041,124691.0009277127,0.13854555658634743,0.0,1.3063707880417406e-16,0.32853592518602653,71.75206789691762,2.9134814499752957,4989.440537463878,choked_restriction;kantrowitz_limit;nonlinear_acoustic_pulse;reduced_model_invalid;low_reynolds_or_rarefaction_check
A,1.5,1.8,0.6944444444444444,250,0.001,streamlined,353.4647323195638,101.325,252.1397323195638,3.4884256828972493,441.7864669110647,0.531963176734041,313.3264943845849,1.0,True,annulus,453.5471336884573,445.56768603744666,7.979447651010615,113386.78342211431,0.12598531491346035,0.0,1.3063707880417406e-16,0.32853592518602653,71.75206789691762,2.9134814499752957,4989.440537463878,choked_restriction;kantrowitz_limit;nonlinear_acoustic_pulse;reduced_model_invalid;low_reynolds_or_rarefaction_check
A,1.5,1.8,0.6944444444444444,250,0.003,piston,1060.3941969586913,303.975,756.4191969586913,3.488425682897249,441.7864669110647,1.5958895302021232,313.3264943845849,1.0,True,annulus,1496.2920111325523,1336.70305811234,159.58895302021233,374073.0027831381,0.4156366697590423,0.0,1.7418277173889879e-16,0.3285359251860265,215.2562036907529,2.9134814499752957,14968.321612391634,choked_restriction;kantrowitz_limit;nonlinear_acoustic_pulse;reduced_model_invalid
A,1.5,1.8,0.6944444444444444,250,0.003,streamlined,1060.3941969586913,303.975,756.4191969586913,3.488425682897249,441.7864669110647,1.5958895302021232,313.3264943845849,1.0,True,annulus,1360.6414010653718,1336.70305811234,23.93834295303185,340160.350266343,0.3779559447403811,0.0,1.7418277173889879e-16,0.3285359251860265,215.2562036907529,2.9134814499752957,14968.321612391634,choked_restriction;kantrowitz_limit;nonlinear_acoustic_pulse;reduced_model_invalid
A,1.5,1.8,0.6944444444444444,250,0.01,piston,3534.647323195637,1013.25,2521.397323195637,3.4884256828972484,441.7864669110647,5.31963176734041,313.3264943845849,1.0,True,annulus,4987.640037108506,4455.676860374465,531.963176734041,1246910.0092771263,1.3854555658634737,0.0,2.0901932608667854e-16,0.3285359251860265,717.5206789691763,2.9134814499752957,49894.40537463878,choked_restriction;kantrowitz_limit;nonlinear_acoustic_pulse;reduced_model_invalid
A,1.5,1.8,0.6944444444444444,250,0.01,streamlined,3534.647323195637,1013.25,2521.397323195637,3.4884256828972484,441.7864669110647,5.31963176734041,313.3264943845849,1.0,True,annulus,4535.471336884571,4455.676860374465,79.79447651010615,1133867.8342211428,1.2598531491346032,0.0,2.0901932608667854e-16,0.3285359251860265,717.5206789691763,2.9134814499752957,49894.40537463878,choked_restriction;kantrowitz_limit;nonlinear_acoustic_pulse;reduced_model_invalid
A,1.5,1.8,0.6944444444444444,250,0.03,piston,10603.941969586915,3039.75,7564.191969586915,3.4884256828972497,441.7864669110647,15.958895302021233,313.3264943845849,1.0,True,annulus,14962.920111325524,13367.030581123401,1595.8895302021233,3740730.027831381,4.156366697590423,0.0,1.3934621739111898e-16,0.3285359251860264,2152.562036907529,2.9134814499752957,149683.21612391635,choked_restriction;kantrowitz_limit;nonlinear_acoustic_pulse;reduced_model_invalid
A,1.5,1.8,0.6944444444444444,250,0.03,streamlined,10603.941969586915,3039.75,7564.191969586915,3.4884256828972497,441.7864669110647,15.958895302021233,313.3264943845849,1.0,True,annulus,13606.41401065372,13367.030581123401,239.38342953031847,3401603.50266343,3.7795594474038112,0.0,1.3934621739111898e-16,0.3285359251860264,2152.562036907529,2.9134814499752957,149683.21612391635,choked_restriction;kantrowitz_limit;nonlinear_acoustic_pulse;reduced_model_invalid
A,1.5,1.8,0.6944444444444444,250,0.1,piston,35346.47323195637,10132.5,25213.97323195637,3.4884256828972484,441.7864669110647,53.1963176734041,313.3264943845849,1.0,True,annulus,49876.40037108507,44556.768603744655,5319.631767340411,12469100.092771268,13.854555658634741,0.0,0.0,0.32853592518602653,7175.206789691762,2.9134814499752957,498944.0537463877,choked_restriction;kantrowitz_limit;nonlinear_acoustic_pulse;reduced_model_invalid
A,1.5,1.8,0.6944444444444444,250,0.1,streamlined,35346.47323195637,10132.5,25213.97323195637,3.4884256828972484,441.7864669110647,53.1963176734041,313.3264943845849,1.0,True,annulus,45354.71336884572,44556.768603744655,797.9447651010615,11338678.342211429,12.598531491346034,0.0,0.0,0.32853592518602653,7175.206789691762,2.9134814499752957,498944.0537463877,choked_restriction;kantrowitz_limit;nonlinear_acoustic_pulse;reduced_model_invalid
A,1.5,1.8,0.6944444444444444,300,0.001,piston,424.1576787834765,101.325,322.8326787834765,4.186110819476699,530.1437602932776,0.6383558120808492,313.3264943845849,1.0,True,annulus,647.0951317024487,570.4924342527469,76.6026974497019,194128.5395107346,0.17974864769512464,0.0,1.7005092857398438e-16,0.30993053521511005,86.10248147630115,2.9134814499752957,5987.328644956654,choked_restriction;kantrowitz_limit;nonlinear_acoustic_pulse;reduced_model_invalid;low_reynolds_or_rarefaction_check
A,1.5,1.8,0.6944444444444444,300,0.001,streamlined,424.1576787834765,101.325,322.8326787834765,4.186110819476699,530.1437602932776,0.6383558120808492,313.3264943845849,1.0,True,annulus,581.9828388702022,570.4924342527469,11.490404617455285,174594.85166106065,0.16166189968616726,0.0,1.7005092857398438e-16,0.30993053521511005,86.10248147630115,2.9134814499752957,5987.328644956654,choked_restriction;kantrowitz_limit;nonlinear_acoustic_pulse;reduced_model_invalid;low_reynolds_or_rarefaction_check
A,1.5,1.8,0.6944444444444444,300,0.003,piston,1272.47303635043,303.975,968.49803635043,4.1861108194767,530.1437602932776,1.915067436242548,313.3264943845849,1.0,True,annulus,1941.2853951073469,1711.4773027582412,229.80809234910572,582385.6185322041,0.5392459430853741,2.3189220465331837e-16,1.1336728571598954e-16,0.30993053521511005,258.30744442890347,2.9134814499752957,17961.98593486996,choked_restriction;kantrowitz_limit;nonlinear_acoustic_pulse;reduced_model_invalid
A,1.5,1.8,0.6944444444444444,300,0.003,streamlined,1272.47303635043,303.975,968.49803635043,4.1861108194767,530.1437602932776,1.915067436242548,313.3264943845849,1.0,True,annulus,1745.9485166106072,1711.4773027582412,34.47121385236586,523784.55498318217,0.484985699058502,2.3189220465331837e-16,1.1336728571598954e-16,0.30993053521511005,258.30744442890347,2.9134814499752957,17961.98593486996,choked_restriction;kantrowitz_limit;nonlinear_acoustic_pulse;reduced_model_invalid
A,1.5,1.8,0.6944444444444444,300,0.01,piston,4241.576787834765,1013.25,3228.326787834765,4.186110819476699,530.1437602932776,6.383558120808493,313.3264943845849,1.0,True,annulus,6470.951317024487,5704.924342527468,766.0269744970192,1941285.3951073461,1.7974864769512464,0.0,1.3604074285918753e-16,0.3099305352151101,861.0248147630115,2.9134814499752957,59873.286449566534,choked_restriction;kantrowitz_limit;nonlinear_acoustic_pulse;reduced_model_invalid
A,1.5,1.8,0.6944444444444444,300,0.01,streamlined,4241.576787834765,1013.25,3228.326787834765,4.186110819476699,530.1437602932776,6.383558120808493,313.3264943845849,1.0,True,annulus,5819.828388702021,5704.924342527468,114.90404617455286,1745948.516610606,1.6166189968616724,0.0,1.3604074285918753e-16,0.3099305352151101,861.0248147630115,2.9134814499752957,59873.286449566534,choked_restriction;kantrowitz_limit;nonlinear_acoustic_pulse;reduced_model_invalid
A,1.5,1.8,0.6944444444444444,300,0.03,piston,12724.730363504297,3039.75,9684.980363504297,4.186110819476699,530.1437602932776,19.15067436242548,313.3264943845849,1.0,True,annulus,19412.853951073463,17114.773027582407,2298.080923491057,5823856.185322039,5.39245943085374,0.0,1.813876571455833e-16,0.30993053521511005,2583.0744442890345,2.9134814499752957,179619.8593486996,choked_restriction;kantrowitz_limit;nonlinear_acoustic_pulse;reduced_model_invalid
A,1.5,1.8,0.6944444444444444,300,0.03,streamlined,12724.730363504297,3039.75,9684.980363504297,4.186110819476699,530.1437602932776,19.15067436242548,313.3264943845849,1.0,True,annulus,17459.485166106064,17114.773027582407,344.71213852365855,5237845.549831819,4.8498569905850175,0.0,1.813876571455833e-16,0.30993053521511005,2583.0744442890345,2.9134814499752957,179619.8593486996,choked_restriction;kantrowitz_limit;nonlinear_acoustic_pulse;reduced_model_invalid
A,1.5,1.8,0.6944444444444444,300,0.1,piston,42415.76787834766,10132.5,32283.26787834766,4.186110819476699,530.1437602932776,63.83558120808493,313.3264943845849,1.0,True,annulus,64709.513170244885,57049.2434252747,7660.269744970192,19412853.951073464,17.974864769512468,0.0,0.0,0.30993053521511005,8610.248147630116,2.9134814499752957,598732.8644956654,choked_restriction;kantrowitz_limit;nonlinear_acoustic_pulse;reduced_model_invalid
A,1.5,1.8,0.6944444444444444,300,0.1,streamlined,42415.76787834766,10132.5,32283.26787834766,4.186110819476699,530.1437602932776,63.83558120808493,313.3264943845849,1.0,True,annulus,58198.283887020225,57049.2434252747,1149.0404617455285,17459485.166106068,16.166189968616727,0.0,0.0,0.30993053521511005,8610.248147630116,2.9134814499752957,598732.8644956654,choked_restriction;kantrowitz_limit;nonlinear_acoustic_pulse;reduced_model_invalid
A,1.5,1.8,0.6944444444444444,350,0.001,piston,494.8506252473893,101.325,393.5256252473893,4.883795956056149,618.5010536754905,0.7447484474276574,313.3264943845849,1.0,True,annulus,799.6819651079192,695.4171824680471,104.26478263987204,279888.6877877717,0.2221338791966442,1.490735601342761e-16,0.0,0.3056535032472947,100.45289505568468,2.9134814499752957,6985.216752449428,choked_restriction;kantrowitz_limit;nonlinear_acoustic_pulse;reduced_model_invalid;low_reynolds_or_rarefaction_check
A,1.5,1.8,0.6944444444444444,350,0.001,streamlined,494.8506252473893,101.325,393.5256252473893,4.883795956056149,618.5010536754905,0.7447484474276574,313.3264943845849,1.0,True,annulus,711.056899864028,695.4171824680471,15.639717395980805,248869.9149524098,0.19751580551778555,1.490735601342761e-16,0.0,0.3056535032472947,100.45289505568468,2.9134814499752957,6985.216752449428,choked_restriction;kantrowitz_limit;nonlinear_acoustic_pulse;reduced_model_invalid;low_reynolds_or_rarefaction_check
A,1.5,1.8,0.6944444444444444,350,0.003,piston,1484.551875742168,303.975,1180.5768757421679,4.883795956056149,618.5010536754905,2.2342453422829727,313.3264943845849,1.0,True,annulus,2399.0458953237576,2086.2515474041415,312.7943479196162,839666.0633633152,0.6664016375899326,0.0,0.0,0.3056535032472947,301.35868516705403,2.9134814499752957,20955.65025734829,choked_restriction;kantrowitz_limit;nonlinear_acoustic_pulse;reduced_model_invalid
A,1.5,1.8,0.6944444444444444,350,0.003,streamlined,1484.551875742168,303.975,1180.5768757421679,4.883795956056149,618.5010536754905,2.2342453422829727,313.3264943845849,1.0,True,annulus,2133.170699592084,2086.2515474041415,46.91915218794242,746609.7448572294,0.5925474165533566,0.0,0.0,0.3056535032472947,301.35868516705403,2.9134814499752957,20955.65025734829,choked_restriction;kantrowitz_limit;nonlinear_acoustic_pulse;reduced_model_invalid
A,1.5,1.8,0.6944444444444444,350,0.01,piston,4948.506252473892,1013.25,3935.2562524738923,4.883795956056148,618.5010536754905,7.447484474276574,313.3264943845849,1.0,True,annulus,7996.819651079191,6954.17182468047,1042.6478263987206,2798886.877877717,2.221338791966442,1.192588481074209e-16,1.9131837038559035e-16,0.30565350324729473,1004.5289505568468,2.9134814499752957,69852.16752449429,choked_restriction;kantrowitz_limit;nonlinear_acoustic_pulse;reduced_model_invalid
A,1.5,1.8,0.6944444444444444,350,0.01,streamlined,4948.506252473892,1013.25,3935.2562524738923,4.883795956056148,618.5010536754905,7.447484474276574,313.3264943845849,1.0,True,annulus,7110.568998640279,6954.17182468047,156.39717395980807,2488699.1495240973,1.9751580551778551,1.192588481074209e-16,1.9131837038559035e-16,0.30565350324729473,1004.5289505568468,2.9134814499752957,69852.16752449429,choked_restriction;kantrowitz_limit;nonlinear_acoustic_pulse;reduced_model_invalid
A,1.5,1.8,0.6944444444444444,350,0.03,piston,14845.518757421678,3039.75,11805.768757421678,4.883795956056149,618.5010536754905,22.342453422829724,313.3264943845849,1.0,True,annulus,23990.458953237572,20862.51547404141,3127.943479196161,8396660.63363315,6.664016375899325,0.0,1.2754558025706024e-16,0.3056535032472947,3013.5868516705405,2.9134814499752957,209556.5025734829,choked_restriction;kantrowitz_limit;nonlinear_acoustic_pulse;reduced_model_invalid
A,1.5,1.8,0.6944444444444444,350,0.03,streamlined,14845.518757421678,3039.75,11805.768757421678,4.883795956056149,618.5010536754905,22.342453422829724,313.3264943845849,1.0,True,annulus,21331.706995920835,20862.51547404141,469.19152187942416,7466097.448572292,5.925474165533565,0.0,1.2754558025706024e-16,0.3056535032472947,3013.5868516705405,2.9134814499752957,209556.5025734829,choked_restriction;kantrowitz_limit;nonlinear_acoustic_pulse;reduced_model_invalid
A,1.5,1.8,0.6944444444444444,350,0.1,piston,49485.06252473892,10132.5,39352.56252473892,4.883795956056148,618.5010536754905,74.47484474276574,313.3264943845849,1.0,True,annulus,79968.1965107919,69541.7182468047,10426.478263987205,27988868.778777163,22.213387919664417,0.0,0.0,0.3056535032472947,10045.289505568468,2.9134814499752957,698521.6752449429,choked_restriction;kantrowitz_limit;nonlinear_acoustic_pulse;reduced_model_invalid
A,1.5,1.8,0.6944444444444444,350,0.1,streamlined,49485.06252473892,10132.5,39352.56252473892,4.883795956056148,618.5010536754905,74.47484474276574,313.3264943845849,1.0,True,annulus,71105.68998640278,69541.7182468047,1563.9717395980804,24886991.49524097,19.75158055177855,0.0,0.0,0.3056535032472947,10045.289505568468,2.9134814499752957,698521.6752449429,choked_restriction;kantrowitz_limit;nonlinear_acoustic_pulse;reduced_model_invalid
A,1.5,2.0,0.5625,50,0.001,piston,105.03503015427299,101.325,3.710030154272985,1.0366151507947001,88.35729338221293,0.1063926353468082,77.59584442800238,0.22723844033724377,False,none,8.68401716289526,6.556164455959097,2.127852706936164,434.20085814476306,0.002412226989693128,1.3043936511749158e-16,0.0,1.7602325079063021,11.623834999300655,2.9134814499752957,1663.1468458212923,low_reynolds_or_rarefaction_check
A,1.5,2.0,0.5625,50,0.001,streamlined,105.03503015427299,101.325,3.710030154272985,1.0366151507947001,88.35729338221293,0.1063926353468082,77.59584442800238,0.22723844033724377,False,none,6.875342361999522,6.556164455959097,0.3191779060404246,343.7671180999761,0.001909817322777645,1.3043936511749158e-16,0.0,1.7602325079063021,11.623834999300655,2.9134814499752957,1663.1468458212923,low_reynolds_or_rarefaction_check
A,1.5,2.0,0.5625,50,0.003,piston,315.10509046281896,303.975,11.130090462818941,1.0366151507947001,88.35729338221293,0.3191779060404246,77.59584442800238,0.22723844033724377,False,none,26.052051488685763,19.668493367877268,6.383558120808493,1302.602574434288,0.007236680969079379,0.0,1.1560299571017499e-16,1.7602325079063021,34.87150499790197,2.9134814499752957,4989.440537463877,low_reynolds_or_rarefaction_check
A,1.5,2.0,0.5625,50,0.003,streamlined,315.10509046281896,303.975,11.130090462818941,1.0366151507947001,88.35729338221293,0.3191779060404246,77.59584442800238,0.22723844033724377,False,none,20.62602708599854,19.668493367877268,0.9575337181212739,1031.301354299927,0.005729451968332928,0.0,1.1560299571017499e-16,1.7602325079063021,34.87150499790197,2.9134814499752957,4989.440537463877,low_reynolds_or_rarefaction_check
A,1.5,2.0,0.5625,50,0.01,piston,1050.35030154273,1013.25,37.100301542729994,1.0366151507947001,88.35729338221293,1.063926353468082,77.59584442800238,0.22723844033724377,False,none,86.84017162895287,65.56164455959123,21.278527069361644,4342.008581447643,0.024122269896931354,5.8436835572636234e-15,1.3872359485220926e-16,1.7602325079063021,116.23834999300655,2.9134814499752957,16631.468458212923,
A,1.5,2.0,0.5625,50,0.01,streamlined,1050.35030154273,1013.25,37.100301542729994,1.0366151507947001,88.35729338221293,1.063926353468082,77.59584442800238,0.22723844033724377,False,none,68.75342361999547,65.56164455959123,3.191779060404246,3437.6711809997737,0.01909817322777652,5.8436835572636234e-15,1.3872359485220926e-16,1.7602325079063021,116.23834999300655,2.9134814499752957,16631.468458212923,
A,1.5,2.0,0.5625,50,0.03,piston,3151.05090462819,3039.75,111.30090462818998,1.0366151507947001,88.35729338221293,3.1917790604042464,77.59584442800238,0.22723844033724377,False,none,260.52051488685856,196.68493367877366,63.835581208084925,13026.02574434293,0.07236680969079405,5.7045482344716315e-15,0.0,1.7602325079063024,348.71504997901974,2.9134814499752957,49894.40537463877,
A,1.5,2.0,0.5625,50,0.03,streamlined,3151.05090462819,3039.75,111.30090462818998,1.0366151507947001,88.35729338221293,3.1917790604042464,77.59584442800238,0.22723844033724377,False,none,206.2602708599864,196.68493367877366,9.575337181212738,10313.01354299932,0.057294519683329555,5.7045482344716315e-15,0.0,1.7602325079063024,348.71504997901974,2.9134814499752957,49894.40537463877,
A,1.5,2.0,0.5625,50,0.1,piston,10503.503015427299,10132.5,371.00301542729903,1.0366151507947001,88.35729338221293,10.63926353468082,77.59584442800238,0.22723844033724377,False,none,868.401716289527,655.6164455959106,212.7852706936164,43420.08581447635,0.24122269896931306,1.6696238735038925e-16,0.0,1.7602325079063021,1162.3834999300657,2.9134814499752957,166314.68458212924,
A,1.5,2.0,0.5625,50,0.1,streamlined,10503.503015427299,10132.5,371.00301542729903,1.0366151507947001,88.35729338221293,10.63926353468082,77.59584442800238,0.22723844033724377,False,none,687.534236199953,655.6164455959106,31.91779060404246,34376.71180999765,0.19098173227776474,1.6696238735038925e-16,0.0,1.7602325079063021,1162.3834999300657,2.9134814499752957,166314.68458212924,
A,1.5,2.0,0.5625,100,0.001,piston,116.28346286955978,101.325,14.958462869559781,1.1476285504027612,176.71458676442586,0.2127852706936164,150.74555628613578,0.44791935097141067,False,none,34.9451966739973,26.433785846252647,8.511410827744657,3494.51966739973,0.009706999076110362,0.0,1.7203262276974633e-16,0.9140188081938595,23.24766999860131,2.9134814499752957,3326.2936916425847,kantrowitz_limit;nonlinear_acoustic_pulse;low_reynolds_or_rarefaction_check
A,1.5,2.0,0.5625,100,0.001,streamlined,116.28346286955978,101.325,14.958462869559781,1.1476285504027612,176.71458676442586,0.2127852706936164,150.74555628613578,0.44791935097141067,False,none,27.710497470414346,26.433785846252647,1.2767116241616985,2771.049747041435,0.007697360408448429,0.0,1.7203262276974633e-16,0.9140188081938595,23.24766999860131,2.9134814499752957,3326.2936916425847,kantrowitz_limit;nonlinear_acoustic_pulse;low_reynolds_or_rarefaction_check
A,1.5,2.0,0.5625,100,0.003,piston,348.8503886086794,303.975,44.87538860867937,1.1476285504027612,176.71458676442586,0.6383558120808492,150.74555628613578,0.44791935097141067,False,none,104.83559002199195,79.30135753875798,25.53423248323397,10483.559002199196,0.029120997228331096,1.739191534899888e-15,1.1468841517983081e-16,0.9140188081938596,69.74300999580394,2.9134814499752957,9978.881074927755,kantrowitz_limit;nonlinear_acoustic_pulse;low_reynolds_or_rarefaction_check
A,1.5,2.0,0.5625,100,0.003,streamlined,348.8503886086794,303.975,44.87538860867937,1.1476285504027612,176.71458676442586,0.6383558120808492,150.74555628613578,0.44791935097141067,False,none,83.13149241124307,79.30135753875798,3.8301348724850954,8313.149241124307,0.0230920812253453,1.739191534899888e-15,1.1468841517983081e-16,0.9140188081938596,69.74300999580394,2.9134814499752957,9978.881074927755,kantrowitz_limit;nonlinear_acoustic_pulse;low_reynolds_or_rarefaction_check
A,1.5,2.0,0.5625,100,0.01,piston,1162.834628695598,1013.25,149.58462869559798,1.1476285504027615,176.71458676442586,2.127852706936164,150.74555628613578,0.44791935097141067,False,none,349.45196673997333,264.33785846252675,85.11410827744658,34945.196673997336,0.0970699907611037,1.6696238735038924e-15,0.0,0.9140188081938597,232.4766999860131,2.9134814499752957,33262.936916425846,kantrowitz_limit;nonlinear_acoustic_pulse
A,1.5,2.0,0.5625,100,0.01,streamlined,1162.834628695598,1013.25,149.58462869559798,1.1476285504027615,176.71458676442586,2.127852706936164,150.74555628613578,0.44791935097141067,False,none,277.10497470414373,264.33785846252675,12.767116241616984,27710.49747041437,0.07697360408448436,1.6696238735038924e-15,0.0,0.9140188081938597,232.4766999860131,2.9134814499752957,33262.936916425846,kantrowitz_limit;nonlinear_acoustic_pulse
A,1.5,2.0,0.5625,100,0.03,piston,3488.503886086794,3039.75,448.75388608679395,1.1476285504027615,176.71458676442586,6.383558120808493,150.74555628613578,0.44791935097141067,False,none,1048.35590021992,793.0135753875803,255.3423248323397,104835.59002199199,0.2912099722833111,1.808759196295883e-15,0.0,0.9140188081938596,697.4300999580395,2.9134814499752957,99788.81074927755,kantrowitz_limit;nonlinear_acoustic_pulse
A,1.5,2.0,0.5625,100,0.03,streamlined,3488.503886086794,3039.75,448.75388608679395,1.1476285504027615,176.71458676442586,6.383558120808493,150.74555628613578,0.44791935097141067,False,none,831.3149241124313,793.0135753875803,38.30134872485095,83131.49241124313,0.23092081225345315,1.808759196295883e-15,0.0,0.9140188081938596,697.4300999580395,2.9134814499752957,99788.81074927755,kantrowitz_limit;nonlinear_acoustic_pulse
A,1.5,2.0,0.5625,100,0.1,piston,11628.346286955979,10132.5,1495.846286955979,1.1476285504027612,176.71458676442586,21.27852706936164,150.74555628613578,0.44791935097141067,False,none,3494.519667399732,2643.3785846252663,851.1410827744656,349451.9667399732,0.9706999076110366,1.6696238735038924e-15,2.202017571452752e-16,0.9140188081938597,2324.7669998601314,2.9134814499752957,332629.3691642585,kantrowitz_limit;nonlinear_acoustic_pulse
A,1.5,2.0,0.5625,100,0.1,streamlined,11628.346286955979,10132.5,1495.846286955979,1.1476285504027612,176.71458676442586,21.27852706936164,150.74555628613578,0.44791935097141067,False,none,2771.049747041436,2643.3785846252663,127.67116241616984,277104.9747041436,0.7697360408448434,1.6696238735038924e-15,2.202017571452752e-16,0.9140188081938597,2324.7669998601314,2.9134814499752957,332629.3691642585,kantrowitz_limit;nonlinear_acoustic_pulse
A,1.5,2.0,0.5625,150,0.001,piston,135.43502403771652,101.325,34.110024037716514,1.336639763510649,265.0718801466388,0.3191779060404246,216.47999461746625,0.6574036024036164,False,none,79.42806238592254,60.27738802349707,19.150674362425477,11914.209357888381,0.022063350662756262,1.3913532279199103e-15,0.0,0.6482924587051061,34.871504997901965,2.9134814499752957,4989.440537463877,kantrowitz_limit;nonlinear_acoustic_pulse;low_reynolds_or_rarefaction_check
A,1.5,2.0,0.5625,150,0.001,streamlined,135.43502403771652,101.325,34.110024037716514,1.336639763510649,265.0718801466388,0.3191779060404246,216.47999461746625,0.6574036024036164,False,none,63.14998917786089,60.27738802349707,2.8726011543638212,9472.498376679134,0.017541663660516914,1.3913532279199103e-15,0.0,0.6482924587051061,34.871504997901965,2.9134814499752957,4989.440537463877,kantrowitz_limit;nonlinear_acoustic_pulse;low_reynolds_or_rarefaction_check
A,1.5,2.0,0.5625,150,0.003,piston,406.30507211314944,303.975,102.33007211314941,1.3366397635106486,265.0718801466388,0.957533718121274,216.47999461746625,0.6574036024036164,False,none,238.2841871577674,180.83216407049096,57.45202308727643,35742.62807366511,0.06619005198826873,9.275688186132735e-16,1.341199015780392e-16,0.648292458705106,104.61451499370591,2.9134814499752957,14968.321612391634,kantrowitz_limit;nonlinear_acoustic_pulse
A,1.5,2.0,0.5625,150,0.003,streamlined,406.30507211314944,303.975,102.33007211314941,1.3366397635106486,265.0718801466388,0.957533718121274,216.47999461746625,0.6574036024036164,False,none,189.44996753358242,180.83216407049096,8.617803463091464,28417.495130037365,0.05262499098155067,9.275688186132735e-16,1.341199015780392e-16,0.648292458705106,104.61451499370591,2.9134814499752957,14968.321612391634,kantrowitz_limit;nonlinear_acoustic_pulse
A,1.5,2.0,0.5625,150,0.01,piston,1354.3502403771652,1013.25,341.10024037716516,1.336639763510649,265.0718801466388,3.1917790604042464,216.47999461746625,0.6574036024036164,False,none,794.2806238592256,602.7738802349708,191.5067436242548,119142.09357888384,0.22063350662756265,1.2522179051279192e-15,0.0,0.6482924587051061,348.7150499790197,2.9134814499752957,49894.40537463877,kantrowitz_limit;nonlinear_acoustic_pulse
A,1.5,2.0,0.5625,150,0.01,streamlined,1354.3502403771652,1013.25,341.10024037716516,1.336639763510649,265.0718801466388,3.1917790604042464,216.47999461746625,0.6574036024036164,False,none,631.499891778609,602.7738802349708,28.726011543638215,94724.98376679135,0.17541663660516918,1.2522179051279192e-15,0.0,0.6482924587051061,348.7150499790197,2.9134814499752957,49894.40537463877,kantrowitz_limit;nonlinear_acoustic_pulse
A,1.5,2.0,0.5625,150,0.03,piston,4063.0507211314953,3039.75,1023.3007211314953,1.336639763510649,265.0718801466388,9.57533718121274,216.47999461746625,0.6574036024036164,False,none,2382.841871577676,1808.3216407049117,574.5202308727643,357426.2807366514,0.6619005198826878,1.113082582335928e-15,0.0,0.6482924587051061,1046.1451499370592,2.9134814499752957,149683.21612391633,kantrowitz_limit;nonlinear_acoustic_pulse
A,1.5,2.0,0.5625,150,0.03,streamlined,4063.0507211314953,3039.75,1023.3007211314953,1.336639763510649,265.0718801466388,9.57533718121274,216.47999461746625,0.6574036024036164,False,none,1894.4996753358264,1808.3216407049117,86.17803463091464,284174.95130037394,0.5262499098155073,1.113082582335928e-15,0.0,0.6482924587051061,1046.1451499370592,2.9134814499752957,149683.21612391633,kantrowitz_limit;nonlinear_acoustic_pulse
A,1.5,2.0,0.5625,150,0.1,piston,13543.502403771647,10132.5,3411.0024037716466,1.3366397635106486,265.0718801466388,31.917790604042466,216.47999461746625,0.6574036024036164,False,none,7942.806238592247,6027.738802349699,1915.067436242548,1191420.935788837,2.2063350662756243,7.791578076351496e-16,0.0,0.6482924587051061,3487.150499790197,2.9134814499752957,498944.0537463877,kantrowitz_limit;nonlinear_acoustic_pulse
A,1.5,2.0,0.5625,150,0.1,streamlined,13543.502403771647,10132.5,3411.0024037716466,1.3366397635106486,265.0718801466388,31.917790604042466,216.47999461746625,0.6574036024036164,False,none,6314.998917786081,6027.738802349699,287.26011543638214,947249.8376679121,1.754166366051689,7.791578076351496e-16,0.0,0.6482924587051061,3487.150499790197,2.9134814499752957,498944.0537463877,kantrowitz_limit;nonlinear_acoustic_pulse
A,1.5,2.0,0.5625,200,0.001,piston,163.11078786886387,101.325,61.78578786886386,1.6097783160016172,353.4291735288517,0.4255705413872328,273.70617268338106,0.8535615817897341,False,none,143.23014302258616,109.18449971160754,34.045643310978626,28646.028604517232,0.039786150839607265,0.0,1.6659776876300306e-16,0.5291665187557011,46.49533999720262,2.9134814499752957,6652.587383285169,kantrowitz_limit;nonlinear_acoustic_pulse;reduced_model_invalid;low_reynolds_or_rarefaction_check
A,1.5,2.0,0.5625,200,0.001,streamlined,163.11078786886387,101.325,61.78578786886386,1.6097783160016172,353.4291735288517,0.4255705413872328,273.70617268338106,0.8535615817897341,False,none,114.29134620825434,109.18449971160754,5.106846496646794,22858.26924165087,0.03174759616895954,0.0,1.6659776876300306e-16,0.5291665187557011,46.49533999720262,2.9134814499752957,6652.587383285169,kantrowitz_limit;nonlinear_acoustic_pulse;reduced_model_invalid;low_reynolds_or_rarefaction_check
A,1.5,2.0,0.5625,200,0.003,piston,489.3323636065916,303.975,185.3573636065916,1.6097783160016172,353.4291735288517,1.2767116241616985,273.70617268338106,0.8535615817897341,False,none,429.6904290677585,327.55349913482263,102.13692993293589,85938.0858135517,0.11935845251882181,0.0,0.0,0.5291665187557011,139.4860199916079,2.9134814499752957,19957.76214985551,kantrowitz_limit;nonlinear_acoustic_pulse;reduced_model_invalid
A,1.5,2.0,0.5625,200,0.003,streamlined,489.3323636065916,303.975,185.3573636065916,1.6097783160016172,353.4291735288517,1.2767116241616985,273.70617268338106,0.8535615817897341,False,none,342.874038624763,327.55349913482263,15.320539489940382,68574.8077249526,0.0952427885068786,0.0,0.0,0.5291665187557011,139.4860199916079,2.9134814499752957,19957.76214985551,kantrowitz_limit;nonlinear_acoustic_pulse;reduced_model_invalid
A,1.5,2.0,0.5625,200,0.01,piston,1631.1078786886387,1013.25,617.8578786886387,1.6097783160016172,353.4291735288517,4.255705413872328,273.70617268338106,0.8535615817897341,False,none,1432.3014302258618,1091.8449971160755,340.4564331097863,286460.28604517237,0.39786150839607276,0.0,0.0,0.5291665187557011,464.9533999720262,2.9134814499752957,66525.87383285169,kantrowitz_limit;nonlinear_acoustic_pulse;reduced_model_invalid
A,1.5,2.0,0.5625,200,0.01,streamlined,1631.1078786886387,1013.25,617.8578786886387,1.6097783160016172,353.4291735288517,4.255705413872328,273.70617268338106,0.8535615817897341,False,none,1142.9134620825434,1091.8449971160755,51.068464966467936,228582.69241650868,0.3174759616895954,0.0,0.0,0.5291665187557011,464.9533999720262,2.9134814499752957,66525.87383285169,kantrowitz_limit;nonlinear_acoustic_pulse;reduced_model_invalid
A,1.5,2.0,0.5625,200,0.03,piston,4893.323636065917,3039.75,1853.5736360659166,1.6097783160016175,353.4291735288517,12.767116241616986,273.70617268338106,0.8535615817897341,False,none,4296.904290677586,3275.5349913482273,1021.3692993293588,859380.8581355171,1.1935845251882182,0.0,0.0,0.5291665187557011,1394.860199916079,2.9134814499752957,199577.6214985551,kantrowitz_limit;nonlinear_acoustic_pulse;reduced_model_invalid
A,1.5,2.0,0.5625,200,0.03,streamlined,4893.323636065917,3039.75,1853.5736360659166,1.6097783160016175,353.4291735288517,12.767116241616986,273.70617268338106,0.8535615817897341,False,none,3428.7403862476312,3275.5349913482273,153.2053948994038,685748.0772495263,0.9524278850687865,0.0,0.0,0.5291665187557011,1394.860199916079,2.9134814499752957,199577.6214985551,kantrowitz_limit;nonlinear_acoustic_pulse;reduced_model_invalid
A,1.5,2.0,0.5625,200,0.1,piston,16311.078786886384,10132.5,6178.5787868863845,1.609778316001617,353.4291735288517,42.55705413872328,273.70617268338106,0.8535615817897341,False,none,14323.014302258614,10918.449971160751,3404.5643310978626,2864602.860451723,3.9786150839607264,0.0,0.0,0.5291665187557012,4649.533999720263,2.9134814499752957,665258.738328517,kantrowitz_limit;nonlinear_acoustic_pulse;reduced_model_invalid
A,1.5,2.0,0.5625,200,0.1,streamlined,16311.078786886384,10132.5,6178.5787868863845,1.609778316001617,353.4291735288517,42.55705413872328,273.70617268338106,0.8535615817897341,False,none,11429.13462082543,10918.449971160751,510.68464966467934,2285826.9241650864,3.174759616895953,0.0,0.0,0.5291665187557012,4649.533999720263,2.9134814499752957,665258.738328517,kantrowitz_limit;nonlinear_acoustic_pulse;reduced_model_invalid
A,1.5,2.0,0.5625,250,0.001,piston,199.96004856935332,101.325,98.63504856935332,1.9734522434675876,441.7864669110647,0.531963176734041,313.3264943845849,1.0,True,annulus,227.49883615762758,174.30251848422347,53.1963176734041,56874.709039406895,0.06319412115489655,2.0870298418798654e-16,0.0,0.47040371106181056,58.119174996503276,2.9134814499752957,8315.734229106461,choked_restriction;kantrowitz_limit;nonlinear_acoustic_pulse;reduced_model_invalid;low_reynolds_or_rarefaction_check
A,1.5,2.0,0.5625,250,0.001,streamlined,199.96004856935332,101.325,98.63504856935332,1.9734522434675876,441.7864669110647,0.531963176734041,313.3264943845849,1.0,True,annulus,182.2819661352341,174.30251848422347,7.979447651010615,45570.49153380852,0.05063387948200947,2.0870298418798654e-16,0.0,0.47040371106181056,58.119174996503276,2.9134814499752957,8315.734229106461,choked_restriction;kantrowitz_limit;nonlinear_acoustic_pulse;reduced_model_invalid;low_reynolds_or_rarefaction_check
A,1.5,2.0,0.5625,250,0.003,piston,599.8801457080599,303.975,295.9051457080599,1.9734522434675874,441.7864669110647,1.5958895302021232,313.3264943845849,1.0,True,annulus,682.4965084728826,522.9075554526703,159.58895302021233,170624.12711822067,0.18958236346468962,0.0,1.11315394674453e-16,0.4704037110618106,174.35752498950987,2.9134814499752957,24947.202687319386,choked_restriction;kantrowitz_limit;nonlinear_acoustic_pulse;reduced_model_invalid
A,1.5,2.0,0.5625,250,0.003,streamlined,599.8801457080599,303.975,295.9051457080599,1.9734522434675874,441.7864669110647,1.5958895302021232,313.3264943845849,1.0,True,annulus,546.8458984057022,522.9075554526703,23.93834295303185,136711.47460142555,0.1519016384460284,0.0,1.11315394674453e-16,0.4704037110618106,174.35752498950987,2.9134814499752957,24947.202687319386,choked_restriction;kantrowitz_limit;nonlinear_acoustic_pulse;reduced_model_invalid
A,1.5,2.0,0.5625,250,0.01,piston,1999.6004856935326,1013.25,986.3504856935326,1.9734522434675872,441.7864669110647,5.31963176734041,313.3264943845849,1.0,True,annulus,2274.9883615762747,1743.0251848422336,531.963176734041,568747.0903940686,0.6319412115489652,0.0,1.3357847360934363e-16,0.47040371106181056,581.1917499650328,2.9134814499752957,83157.34229106462,choked_restriction;kantrowitz_limit;nonlinear_acoustic_pulse;reduced_model_invalid
A,1.5,2.0,0.5625,250,0.01,streamlined,1999.6004856935326,1013.25,986.3504856935326,1.9734522434675872,441.7864669110647,5.31963176734041,313.3264943845849,1.0,True,annulus,1822.8196613523396,1743.0251848422336,79.79447651010615,455704.9153380849,0.5063387948200944,0.0,1.3357847360934363e-16,0.47040371106181056,581.1917499650328,2.9134814499752957,83157.34229106462,choked_restriction;kantrowitz_limit;nonlinear_acoustic_pulse;reduced_model_invalid
A,1.5,2.0,0.5625,250,0.03,piston,5998.8014570806,3039.75,2959.0514570806,1.9734522434675879,441.7864669110647,15.958895302021233,313.3264943845849,1.0,True,annulus,6824.9650847288285,5229.075554526705,1595.8895302021233,1706241.2711822072,1.8958236346468968,0.0,0.0,0.4704037110618105,1743.5752498950985,2.9134814499752957,249472.02687319386,choked_restriction;kantrowitz_limit;nonlinear_acoustic_pulse;reduced_model_invalid
A,1.5,2.0,0.5625,250,0.03,streamlined,5998.8014570806,3039.75,2959.0514570806,1.9734522434675879,441.7864669110647,15.958895302021233,313.3264943845849,1.0,True,annulus,5468.458984057023,5229.075554526705,239.38342953031847,1367114.7460142558,1.5190163844602842,0.0,0.0,0.4704037110618105,1743.5752498950985,2.9134814499752957,249472.02687319386,choked_restriction;kantrowitz_limit;nonlinear_acoustic_pulse;reduced_model_invalid
A,1.5,2.0,0.5625,250,0.1,piston,19996.00485693533,10132.5,9863.504856935331,1.9734522434675876,441.7864669110647,53.1963176734041,313.3264943845849,1.0,True,annulus,22749.883615762756,17430.251848422344,5319.631767340411,5687470.903940689,6.319412115489654,1.335699098803114e-16,0.0,0.4704037110618105,5811.917499650328,2.9134814499752957,831573.4229106462,choked_restriction;kantrowitz_limit;nonlinear_acoustic_pulse;reduced_model_invalid
A,1.5,2.0,0.5625,250,0.1,streamlined,19996.00485693533,10132.5,9863.504856935331,1.9734522434675876,441.7864669110647,53.1963176734041,313.3264943845849,1.0,True,annulus,18228.196613523407,17430.251848422344,797.9447651010615,4557049.153380852,5.063387948200947,1.335699098803114e-16,0.0,0.4704037110618105,5811.917499650328,2.9134814499752957,831573.4229106462,choked_restriction;kantrowitz_limit;nonlinear_acoustic_pulse;reduced_model_invalid
A,1.5,2.0,0.5625,300,0.001,piston,239.95205828322395,101.325,138.62705828322396,2.3681426921611046,530.1437602932776,0.6383558120808492,313.3264943845849,1.0,True,annulus,321.57693063858096,244.97423318887903,76.6026974497019,96473.07919157429,0.0893269251773836,0.0,1.9800606563040846e-16,0.44376417542163477,69.74300999580393,2.9134814499752957,9978.881074927755,choked_restriction;kantrowitz_limit;nonlinear_acoustic_pulse;reduced_model_invalid;low_reynolds_or_rarefaction_check
A,1.5,2.0,0.5625,300,0.001,streamlined,239.95205828322395,101.325,138.62705828322396,2.3681426921611046,530.1437602932776,0.6383558120808492,313.3264943845849,1.0,True,annulus,256.46463780633434,244.97423318887903,11.490404617455285,76939.39134190031,0.0712401771684262,0.0,1.9800606563040846e-16,0.44376417542163477,69.74300999580393,2.9134814499752957,9978.881074927755,choked_restriction;kantrowitz_limit;nonlinear_acoustic_pulse;reduced_model_invalid;low_reynolds_or_rarefaction_check
A,1.5,2.0,0.5625,300,0.003,piston,719.8561748496719,303.975,415.8811748496719,2.368142692161105,530.1437602932776,1.915067436242548,313.3264943845849,1.0,True,annulus,964.7307919157427,734.922699566637,229.80809234910572,289419.2375747228,0.2679807755321507,0.0,1.3200404375360565e-16,0.4437641754216347,209.22902998741182,2.9134814499752957,29936.643224783267,choked_restriction;kantrowitz_limit;nonlinear_acoustic_pulse;reduced_model_invalid
A,1.5,2.0,0.5625,300,0.003,streamlined,719.8561748496719,303.975,415.8811748496719,2.368142692161105,530.1437602932776,1.915067436242548,313.3264943845849,1.0,True,annulus,769.3939134190028,734.922699566637,34.47121385236586,230818.17402570086,0.21372053150527856,0.0,1.3200404375360565e-16,0.4437641754216347,209.22902998741182,2.9134814499752957,29936.643224783267,choked_restriction;kantrowitz_limit;nonlinear_acoustic_pulse;reduced_model_invalid
A,1.5,2.0,0.5625,300,0.01,piston,2399.5205828322396,1013.25,1386.2705828322396,2.368142692161105,530.1437602932776,6.383558120808493,313.3264943845849,1.0,True,annulus,3215.769306385809,2449.74233188879,766.0269744970192,964730.7919157428,0.8932692517738359,0.0,1.5840485250432676e-16,0.4437641754216348,697.4300999580394,2.9134814499752957,99788.81074927755,choked_restriction;kantrowitz_limit;nonlinear_acoustic_pulse;reduced_model_invalid
A,1.5,2.0,0.5625,300,0.01,streamlined,2399.5205828322396,1013.25,1386.2705828322396,2.368142692161105,530.1437602932776,6.383558120808493,313.3264943845849,1.0,True,annulus,2564.646378063343,2449.74233188879,114.90404617455286,769393.9134190029,0.712401771684262,0.0,1.5840485250432676e-16,0.4437641754216348,697.4300999580394,2.9134814499752957,99788.81074927755,choked_restriction;kantrowitz_limit;nonlinear_acoustic_pulse;reduced_model_invalid
A,1.5,2.0,0.5625,300,0.03,piston,7198.56174849672,3039.75,4158.81174849672,2.368142692161105,530.1437602932776,19.15067436242548,313.3264943845849,1.0,True,annulus,9647.307919157429,7349.226995666372,2298.080923491057,2894192.3757472285,2.679807755321508,0.0,2.1120647000576897e-16,0.44376417542163477,2092.2902998741183,2.9134814499752957,299366.43224783265,choked_restriction;kantrowitz_limit;nonlinear_acoustic_pulse;reduced_model_invalid
A,1.5,2.0,0.5625,300,0.03,streamlined,7198.56174849672,3039.75,4158.81174849672,2.368142692161105,530.1437602932776,19.15067436242548,313.3264943845849,1.0,True,annulus,7693.939134190031,7349.226995666372,344.71213852365855,2308181.7402570094,2.1372053150527863,0.0,2.1120647000576897e-16,0.44376417542163477,2092.2902998741183,2.9134814499752957,299366.43224783265,choked_restriction;kantrowitz_limit;nonlinear_acoustic_pulse;reduced_model_invalid
A,1.5,2.0,0.5625,300,0.1,piston,23995.2058283224,10132.5,13862.7058283224,2.3681426921611055,530.1437602932776,63.83558120808493,313.3264943845849,1.0,True,annulus,32157.6930638581,24497.423318887908,7660.269744970192,9647307.91915743,8.932692517738362,0.0,0.0,0.4437641754216348,6974.300999580394,2.9134814499752957,997888.1074927754,choked_restriction;kantrowitz_limit;nonlinear_acoustic_pulse;reduced_model_invalid
A,1.5,2.0,0.5625,300,0.1,streamlined,23995.2058283224,10132.5,13862.7058283224,2.3681426921611055,530.1437602932776,63.83558120808493,313.3264943845849,1.0,True,annulus,25646.463780633436,24497.423318887908,1149.0404617455285,7693939.13419003,7.124017716842621,0.0,0.0,0.4437641754216348,6974.300999580394,2.9134814499752957,997888.1074927754,choked_restriction;kantrowitz_limit;nonlinear_acoustic_pulse;reduced_model_invalid
A,1.5,2.0,0.5625,350,0.001,piston,279.94406799709463,101.325,178.61906799709465,2.7628331408546227,618.5010536754905,0.7447484474276574,313.3264943845849,1.0,True,annulus,419.91073053340665,315.64594789353464,104.26478263987204,146968.75568669234,0.11664186959261295,0.0,0.0,0.4376402432858992,81.36684499510459,2.9134814499752957,11642.027920749046,choked_restriction;kantrowitz_limit;nonlinear_acoustic_pulse;reduced_model_invalid
A,1.5,2.0,0.5625,350,0.001,streamlined,279.94406799709463,101.325,178.61906799709465,2.7628331408546227,618.5010536754905,0.7447484474276574,313.3264943845849,1.0,True,annulus,331.28566528951546,315.64594789353464,15.639717395980805,115949.98285133041,0.0920237959137543,0.0,0.0,0.4376402432858992,81.36684499510459,2.9134814499752957,11642.027920749046,choked_restriction;kantrowitz_limit;nonlinear_acoustic_pulse;reduced_model_invalid
A,1.5,2.0,0.5625,350,0.003,piston,839.8322039912839,303.975,535.8572039912839,2.7628331408546223,618.5010536754905,2.2342453422829727,313.3264943845849,1.0,True,annulus,1259.73219160022,946.9378436806038,312.7943479196162,440906.267060077,0.34992560877783885,0.0,0.0,0.4376402432858992,244.1005349853138,2.9134814499752957,34926.083762247144,choked_restriction;kantrowitz_limit;nonlinear_acoustic_pulse;reduced_model_invalid
A,1.5,2.0,0.5625,350,0.003,streamlined,839.8322039912839,303.975,535.8572039912839,2.7628331408546223,618.5010536754905,2.2342453422829727,313.3264943845849,1.0,True,annulus,993.8569958685463,946.9378436806038,46.91915218794242,347849.9485539912,0.27607138774126283,0.0,0.0,0.4376402432858992,244.1005349853138,2.9134814499752957,34926.083762247144,choked_restriction;kantrowitz_limit;nonlinear_acoustic_pulse;reduced_model_invalid
A,1.5,2.0,0.5625,350,0.01,piston,2799.440679970946,1013.25,1786.190679970946,2.7628331408546223,618.5010536754905,7.447484474276574,313.3264943845849,1.0,True,annulus,4199.107305334066,3156.4594789353455,1042.6478263987206,1469687.556866923,1.1664186959261293,1.192588481074209e-16,2.10752083110538e-16,0.4376402432858991,813.6684499510459,2.9134814499752957,116420.27920749046,choked_restriction;kantrowitz_limit;nonlinear_acoustic_pulse;reduced_model_invalid
A,1.5,2.0,0.5625,350,0.01,streamlined,2799.440679970946,1013.25,1786.190679970946,2.7628331408546223,618.5010536754905,7.447484474276574,313.3264943845849,1.0,True,annulus,3312.8566528951537,3156.4594789353455,156.39717395980807,1159499.8285133038,0.9202379591375427,1.192588481074209e-16,2.10752083110538e-16,0.4376402432858991,813.6684499510459,2.9134814499752957,116420.27920749046,choked_restriction;kantrowitz_limit;nonlinear_acoustic_pulse;reduced_model_invalid
A,1.5,2.0,0.5625,350,0.03,piston,8398.322039912839,3039.75,5358.572039912839,2.7628331408546223,618.5010536754905,22.342453422829724,313.3264943845849,1.0,True,annulus,12597.3219160022,9469.378436806039,3127.943479196161,4409062.67060077,3.499256087778389,0.0,0.0,0.437640243285899,2441.005349853138,2.9134814499752957,349260.83762247144,choked_restriction;kantrowitz_limit;nonlinear_acoustic_pulse;reduced_model_invalid
A,1.5,2.0,0.5625,350,0.03,streamlined,8398.322039912839,3039.75,5358.572039912839,2.7628331408546223,618.5010536754905,22.342453422829724,313.3264943845849,1.0,True,annulus,9938.569958685463,9469.378436806039,469.19152187942416,3478499.485539912,2.7607138774126283,0.0,0.0,0.437640243285899,2441.005349853138,2.9134814499752957,349260.83762247144,choked_restriction;kantrowitz_limit;nonlinear_acoustic_pulse;reduced_model_invalid
A,1.5,2.0,0.5625,350,0.1,piston,27994.40679970946,10132.5,17861.90679970946,2.7628331408546223,618.5010536754905,74.47484474276574,313.3264943845849,1.0,True,annulus,41991.07305334066,31564.594789353458,10426.478263987205,14696875.568669232,11.664186959261295,0.0,0.0,0.4376402432858991,8136.684499510459,2.9134814499752957,1164202.7920749048,choked_restriction;kantrowitz_limit;nonlinear_acoustic_pulse;reduced_model_invalid
A,1.5,2.0,0.5625,350,0.1,streamlined,27994.40679970946,10132.5,17861.90679970946,2.7628331408546223,618.5010536754905,74.47484474276574,313.3264943845849,1.0,True,annulus,33128.56652895154,31564.594789353458,1563.9717395980804,11594998.285133038,9.202379591375427,0.0,0.0,0.4376402432858991,8136.684499510459,2.9134814499752957,1164202.7920749048,choked_restriction;kantrowitz_limit;nonlinear_acoustic_pulse;reduced_model_invalid
A,1.5,2.2,0.46487603305785113,50,0.001,piston,103.01635617832285,101.325,1.6913561783228488,1.016692387646907,88.35729338221293,0.1063926353468082,52.721133939005945,0.15396573571839012,False,none,5.116725788173972,2.988873081237808,2.127852706936164,255.8362894086986,0.0014213127189372145,6.391528890757088e-15,1.901834481284396e-16,2.1530116625630806,9.606475206033597,2.9134814499752957,2328.4055841498102,low_reynolds_or_rarefaction_check
A,1.5,2.2,0.46487603305785113,50,0.001,streamlined,103.01635617832285,101.325,1.6913561783228488,1.016692387646907,88.35729338221293,0.1063926353468082,52.721133939005945,0.15396573571839012,False,none,3.3080509872782327,2.988873081237808,0.3191779060404246,165.40254936391165,0.0009189030520217313,6.391528890757088e-15,1.901834481284396e-16,2.1530116625630806,9.606475206033597,2.9134814499752957,2328.4055841498102,low_reynolds_or_rarefaction_check
A,1.5,2.2,0.46487603305785113,50,0.003,piston,309.04906853496857,303.975,5.074068534968546,1.016692387646907,88.35729338221293,0.3191779060404246,52.721133939005945,0.15396573571839012,False,none,15.350177364521917,8.966619243713424,6.383558120808493,767.5088682260958,0.004263938156811644,6.261089525639596e-15,0.0,2.1530116625630806,28.819425618100794,2.9134814499752957,6985.21675244943,low_reynolds_or_rarefaction_check
A,1.5,2.2,0.46487603305785113,50,0.003,streamlined,309.04906853496857,303.975,5.074068534968546,1.016692387646907,88.35729338221293,0.3191779060404246,52.721133939005945,0.15396573571839012,False,none,9.924152961834698,8.966619243713424,0.9575337181212739,496.20764809173494,0.002756709156065194,6.261089525639596e-15,0.0,2.1530116625630806,28.819425618100794,2.9134814499752957,6985.21675244943,low_reynolds_or_rarefaction_check
A,1.5,2.2,0.46487603305785113,50,0.01,piston,1030.1635617832285,1013.25,16.913561783228488,1.016692387646907,88.35729338221293,1.063926353468082,52.721133939005945,0.15396573571839012,False,none,51.16725788173973,29.888730812378082,21.278527069361644,2558.3628940869867,0.014213127189372147,6.469792509827583e-15,0.0,2.15301166256308,96.06475206033598,2.9134814499752957,23284.0558414981,
A,1.5,2.2,0.46487603305785113,50,0.01,streamlined,1030.1635617832285,1013.25,16.913561783228488,1.016692387646907,88.35729338221293,1.063926353468082,52.721133939005945,0.15396573571839012,False,none,33.08050987278233,29.888730812378082,3.191779060404246,1654.0254936391166,0.009189030520217314,6.469792509827583e-15,0.0,2.15301166256308,96.06475206033598,2.9134814499752957,23284.0558414981,
A,1.5,2.2,0.46487603305785113,50,0.03,piston,3090.4906853496855,3039.75,50.740685349685464,1.016692387646907,88.35729338221293,3.1917790604042464,52.721133939005945,0.15396573571839012,False,none,153.50177364521917,89.66619243713424,63.835581208084925,7675.088682260959,0.04263938156811644,6.261089525639596e-15,2.028623446703356e-16,2.15301166256308,288.194256181008,2.9134814499752957,69852.1675244943,
A,1.5,2.2,0.46487603305785113,50,0.03,streamlined,3090.4906853496855,3039.75,50.740685349685464,1.016692387646907,88.35729338221293,3.1917790604042464,52.721133939005945,0.15396573571839012,False,none,99.24152961834699,89.66619243713424,9.575337181212738,4962.07648091735,0.02756709156065194,6.261089525639596e-15,2.028623446703356e-16,2.15301166256308,288.194256181008,2.9134814499752957,69852.1675244943,
A,1.5,2.2,0.46487603305785113,50,0.1,piston,10301.635617832286,10132.5,169.1356178322858,1.0166923876469072,88.35729338221293,10.63926353468082,52.721133939005945,0.15396573571839012,False,none,511.67257881739886,298.8873081237824,212.7852706936164,25583.62894086994,0.1421312718937219,6.344570719314791e-15,0.0,2.1530116625630806,960.6475206033598,2.9134814499752957,232840.558414981,
A,1.5,2.2,0.46487603305785113,50,0.1,streamlined,10301.635617832286,10132.5,169.1356178322858,1.0166923876469072,88.35729338221293,10.63926353468082,52.721133939005945,0.15396573571839012,False,none,330.8050987278249,298.8873081237824,31.91779060404246,16540.254936391244,0.09189030520217358,6.344570719314791e-15,0.0,2.1530116625630806,960.6475206033598,2.9134814499752957,232840.558414981,
A,1.5,2.2,0.46487603305785113,100,0.001,piston,108.11483040942271,101.325,6.789830409422706,1.0670104160811518,176.71458676442586,0.2127852706936164,103.99697652524361,0.30581378981027796,False,none,20.510031577761318,11.99862075001666,8.511410827744657,2051.003157776132,0.005697230993822589,2.6087873023498317e-16,0.0,1.1179734182867045,19.212950412067194,2.9134814499752957,4656.8111682996205,low_reynolds_or_rarefaction_check
A,1.5,2.2,0.46487603305785113,100,0.001,streamlined,108.11483040942271,101.325,6.789830409422706,1.0670104160811518,176.71458676442586,0.2127852706936164,103.99697652524361,0.30581378981027796,False,none,13.275332374178358,11.99862075001666,1.2767116241616985,1327.5332374178358,0.003687592326160655,2.6087873023498317e-16,0.0,1.1179734182867045,19.212950412067194,2.9134814499752957,4656.8111682996205,low_reynolds_or_rarefaction_check
A,1.5,2.2,0.46487603305785113,100,0.003,piston,324.34449122826817,303.975,20.369491228268146,1.067010416081152,176.71458676442586,0.6383558120808492,103.99697652524361,0.30581378981027796,False,none,61.530094733284,35.99586225005003,25.53423248323397,6153.0094733284,0.017091692981467777,3.4783830697997757e-16,1.2633322900490656e-16,1.1179734182867045,57.63885123620159,2.9134814499752957,13970.43350489886,
A,1.5,2.2,0.46487603305785113,100,0.003,streamlined,324.34449122826817,303.975,20.369491228268146,1.067010416081152,176.71458676442586,0.6383558120808492,103.99697652524361,0.30581378981027796,False,none,39.82599712253513,35.99586225005003,3.8301348724850954,3982.5997122535127,0.01106277697848198,3.4783830697997757e-16,1.2633322900490656e-16,1.1179734182867045,57.63885123620159,2.9134814499752957,13970.43350489886,
A,1.5,2.2,0.46487603305785113,100,0.01,piston,1081.1483040942271,1013.25,67.89830409422711,1.0670104160811518,176.71458676442586,2.127852706936164,103.99697652524361,0.30581378981027796,False,none,205.10031577761328,119.98620750016669,85.11410827744658,20510.03157776133,0.05697230993822591,2.0870298418798654e-16,0.0,1.1179734182867043,192.12950412067195,2.9134814499752957,46568.1116829962,
A,1.5,2.2,0.46487603305785113,100,0.01,streamlined,1081.1483040942271,1013.25,67.89830409422711,1.0670104160811518,176.71458676442586,2.127852706936164,103.99697652524361,0.30581378981027796,False,none,132.75332374178367,119.98620750016669,12.767116241616984,13275.332374178368,0.036875923261606575,2.0870298418798654e-16,0.0,1.1179734182867043,192.12950412067195,2.9134814499752957,46568.1116829962,
A,1.5,2.2,0.46487603305785113,100,0.03,piston,3243.4449122826813,3039.75,203.69491228268134,1.0670104160811518,176.71458676442586,6.383558120808493,103.99697652524361,0.30581378981027796,False,none,615.3009473328398,359.9586225005001,255.3423248323397,61530.09473328398,0.1709169298146777,2.78270645583982e-16,2.0213316640785061e-16,1.1179734182867045,576.388512362016,2.9134814499752957,139704.3350489886,
A,1.5,2.2,0.46487603305785113,100,0.03,streamlined,3243.4449122826813,3039.75,203.69491228268134,1.0670104160811518,176.71458676442586,6.383558120808493,103.99697652524361,0.30581378981027796,False,none,398.259971225351,359.9586225005001,38.30134872485095,39825.997122535104,0.11062776978481972,2.78270645583982e-16,2.0213316640785061e-16,1.1179734182867045,576.388512362016,2.9134814499752957,139704.3350489886,
A,1.5,2.2,0.46487603305785113,100,0.1,piston,10811.48304094227,10132.5,678.9830409422702,1.0670104160811518,176.71458676442586,21.27852706936164,103.99697652524361,0.30581378981027796,False,none,2051.003157776131,1199.8620750016653,851.1410827744656,205100.3157776131,0.5697230993822586,3.339247747007785e-16,1.2127989984471053e-16,1.1179734182867045,1921.2950412067196,2.9134814499752957,465681.116829962,
A,1.5,2.2,0.46487603305785113,100,0.1,streamlined,10811.48304094227,10132.5,678.9830409422702,1.0670104160811518,176.71458676442586,21.27852706936164,103.99697652524361,0.30581378981027796,False,none,1327.5332374178352,1199.8620750016653,127.67116241616984,132753.3237417835,0.3687592326160653,3.339247747007785e-16,1.2127989984471053e-16,1.1179734182867045,1921.2950412067196,2.9134814499752957,465681.116829962,
A,1.5,2.2,0.46487603305785113,150,0.001,piston,116.6949338116908,101.325,15.3699338116908,1.1516894528664279,265.0718801466388,0.3191779060404246,152.62854483795803,0.4537432939532353,False,none,46.311589383720644,27.160915021295164,19.150674362425477,6946.738407558097,0.012864330384366846,8.69595767449944e-16,1.1161807337981196e-16,0.7929527594078984,28.81942561810079,2.9134814499752957,6985.21675244943,kantrowitz_limit;nonlinear_acoustic_pulse;low_reynolds_or_rarefaction_check
A,1.5,2.2,0.46487603305785113,150,0.001,streamlined,116.6949338116908,101.325,15.3699338116908,1.1516894528664279,265.0718801466388,0.3191779060404246,152.62854483795803,0.4537432939532353,False,none,30.033516175658985,27.160915021295164,2.8726011543638212,4505.027426348848,0.008342643382127497,8.69595767449944e-16,1.1161807337981196e-16,0.7929527594078984,28.81942561810079,2.9134814499752957,6985.21675244943,kantrowitz_limit;nonlinear_acoustic_pulse;low_reynolds_or_rarefaction_check
A,1.5,2.2,0.46487603305785113,150,0.003,piston,350.08480143507245,303.975,46.10980143507243,1.1516894528664279,265.0718801466388,0.957533718121274,152.62854483795803,0.4537432939532353,False,none,138.93476815116196,81.48274506388555,57.45202308727643,20840.215222674295,0.038592991153100546,8.116227162866143e-16,1.4882409783974918e-16,0.7929527594078983,86.45827685430238,2.9134814499752957,20955.650257348294,kantrowitz_limit;nonlinear_acoustic_pulse
A,1.5,2.2,0.46487603305785113,150,0.003,streamlined,350.08480143507245,303.975,46.10980143507243,1.1516894528664279,265.0718801466388,0.957533718121274,152.62854483795803,0.4537432939532353,False,none,90.10054852697701,81.48274506388555,8.617803463091464,13515.082279046552,0.025027930146382504,8.116227162866143e-16,1.4882409783974918e-16,0.7929527594078983,86.45827685430238,2.9134814499752957,20955.650257348294,kantrowitz_limit;nonlinear_acoustic_pulse
A,1.5,2.2,0.46487603305785113,150,0.01,piston,1166.9493381169077,1013.25,153.6993381169077,1.1516894528664277,265.0718801466388,3.1917790604042464,152.62854483795803,0.4537432939532353,False,none,463.11589383720593,271.60915021295114,191.5067436242548,69467.38407558089,0.12864330384366832,4.1740596837597304e-16,0.0,0.7929527594078983,288.1942561810079,2.9134814499752957,69852.1675244943,kantrowitz_limit;nonlinear_acoustic_pulse
A,1.5,2.2,0.46487603305785113,150,0.01,streamlined,1166.9493381169077,1013.25,153.6993381169077,1.1516894528664277,265.0718801466388,3.1917790604042464,152.62854483795803,0.4537432939532353,False,none,300.33516175658934,271.60915021295114,28.726011543638215,45050.2742634884,0.08342643382127482,4.1740596837597304e-16,0.0,0.7929527594078983,288.1942561810079,2.9134814499752957,69852.1675244943,kantrowitz_limit;nonlinear_acoustic_pulse
A,1.5,2.2,0.46487603305785113,150,0.03,piston,3500.848014350723,3039.75,461.09801435072313,1.1516894528664277,265.0718801466388,9.57533718121274,152.62854483795803,0.4537432939532353,False,none,1389.3476815116178,814.8274506388534,574.5202308727643,208402.15222674268,0.3859299115310049,3.7102752744530935e-16,1.1905927827179966e-16,0.7929527594078984,864.5827685430238,2.9134814499752957,209556.5025734829,kantrowitz_limit;nonlinear_acoustic_pulse
A,1.5,2.2,0.46487603305785113,150,0.03,streamlined,3500.848014350723,3039.75,461.09801435072313,1.1516894528664277,265.0718801466388,9.57533718121274,152.62854483795803,0.4537432939532353,False,none,901.0054852697681,814.8274506388534,86.17803463091464,135150.8227904652,0.2502793014638245,3.7102752744530935e-16,1.1905927827179966e-16,0.7929527594078984,864.5827685430238,2.9134814499752957,209556.5025734829,kantrowitz_limit;nonlinear_acoustic_pulse
A,1.5,2.2,0.46487603305785113,150,0.1,piston,11669.49338116908,10132.5,1536.9933811690807,1.1516894528664279,265.0718801466388,31.917790604042466,152.62854483795803,0.4537432939532353,False,none,4631.158938372066,2716.0915021295177,1915.067436242548,694673.8407558098,1.2864330384366849,6.678495494015569e-16,1.4287113392615923e-16,0.7929527594078986,2881.9425618100795,2.9134814499752957,698521.675244943,kantrowitz_limit;nonlinear_acoustic_pulse
A,1.5,2.2,0.46487603305785113,150,0.1,streamlined,11669.49338116908,10132.5,1536.9933811690807,1.1516894528664279,265.0718801466388,31.917790604042466,152.62854483795803,0.4537432939532353,False,none,3003.3516175658997,2716.0915021295177,287.26011543638214,450502.74263488495,0.8342643382127499,6.678495494015569e-16,1.4287113392615923e-16,0.7929527594078986,2881.9425618100795,2.9134814499752957,698521.675244943,kantrowitz_limit;nonlinear_acoustic_pulse
A,1.5,2.2,0.46487603305785113,200,0.001,piston,128.8838630385833,101.325,27.55886303858331,1.2719848313701783,353.4291735288517,0.4255705413872328,197.80939590598618,0.5964652740134968,False,none,82.74617424658521,48.700530935606594,34.045643310978626,16549.234849317043,0.022985048401829227,2.6087873023498317e-16,0.0,0.647244998147469,38.42590082413439,2.9134814499752957,9313.622336599241,kantrowitz_limit;nonlinear_acoustic_pulse;low_reynolds_or_rarefaction_check
A,1.5,2.2,0.46487603305785113,200,0.001,streamlined,128.8838630385833,101.325,27.55886303858331,1.2719848313701783,353.4291735288517,0.4255705413872328,197.80939590598618,0.5964652740134968,False,none,53.80737743225339,48.700530935606594,5.106846496646794,10761.475486450678,0.014946493731181497,2.6087873023498317e-16,0.0,0.647244998147469,38.42590082413439,2.9134814499752957,9313.622336599241,kantrowitz_limit;nonlinear_acoustic_pulse;low_reynolds_or_rarefaction_check
A,1.5,2.2,0.46487603305785113,200,0.003,piston,386.65158911574997,303.975,82.67658911574995,1.2719848313701783,353.4291735288517,1.2767116241616985,197.80939590598618,0.5964652740134968,False,none,248.2385227397557,146.1015928068198,102.13692993293589,49647.704547951136,0.06895514520548769,3.4783830697997757e-16,0.0,0.6472449981474693,115.27770247240318,2.9134814499752957,27940.86700979772,kantrowitz_limit;nonlinear_acoustic_pulse
A,1.5,2.2,0.46487603305785113,200,0.003,streamlined,386.65158911574997,303.975,82.67658911574995,1.2719848313701783,353.4291735288517,1.2767116241616985,197.80939590598618,0.5964652740134968,False,none,161.4221322967602,146.1015928068198,15.320539489940382,32284.42645935204,0.0448394811935445,3.4783830697997757e-16,0.0,0.6472449981474693,115.27770247240318,2.9134814499752957,27940.86700979772,kantrowitz_limit;nonlinear_acoustic_pulse
A,1.5,2.2,0.46487603305785113,200,0.01,piston,1288.8386303858335,1013.25,275.58863038583354,1.2719848313701787,353.4291735288517,4.255705413872328,197.80939590598618,0.5964652740134968,False,none,827.461742465853,487.00530935606673,340.4564331097863,165492.3484931706,0.2298504840182925,6.261089525639596e-16,0.0,0.647244998147469,384.2590082413439,2.9134814499752957,93136.2233659924,kantrowitz_limit;nonlinear_acoustic_pulse
A,1.5,2.2,0.46487603305785113,200,0.01,streamlined,1288.8386303858335,1013.25,275.58863038583354,1.2719848313701787,353.4291735288517,4.255705413872328,197.80939590598618,0.5964652740134968,False,none,538.0737743225346,487.00530935606673,51.068464966467936,107614.75486450693,0.14946493731181518,6.261089525639596e-16,0.0,0.647244998147469,384.2590082413439,2.9134814499752957,93136.2233659924,kantrowitz_limit;nonlinear_acoustic_pulse
A,1.5,2.2,0.46487603305785113,200,0.03,piston,3866.5158911574995,3039.75,826.7658911574995,1.2719848313701783,353.4291735288517,12.767116241616986,197.80939590598618,0.5964652740134968,False,none,2482.3852273975567,1461.015928068198,1021.3692993293588,496477.0454795113,0.6895514520548769,2.78270645583982e-16,0.0,0.6472449981474692,1152.777024724032,2.9134814499752957,279408.6700979772,kantrowitz_limit;nonlinear_acoustic_pulse
A,1.5,2.2,0.46487603305785113,200,0.03,streamlined,3866.5158911574995,3039.75,826.7658911574995,1.2719848313701783,353.4291735288517,12.767116241616986,197.80939590598618,0.5964652740134968,False,none,1614.2213229676017,1461.015928068198,153.2053948994038,322844.2645935203,0.44839481193544495,2.78270645583982e-16,0.0,0.6472449981474692,1152.777024724032,2.9134814499752957,279408.6700979772,kantrowitz_limit;nonlinear_acoustic_pulse
A,1.5,2.2,0.46487603305785113,200,0.1,piston,12888.386303858335,10132.5,2755.886303858335,1.2719848313701787,353.4291735288517,42.55705413872328,197.80939590598618,0.5964652740134968,False,none,8274.617424658529,4870.053093560667,3404.5643310978626,1654923.4849317058,2.2985048401829244,6.67849549401557e-16,1.1952161464200742e-16,0.6472449981474692,3842.590082413439,2.9134814499752957,931362.233659924,kantrowitz_limit;nonlinear_acoustic_pulse
A,1.5,2.2,0.46487603305785113,200,0.1,streamlined,12888.386303858335,10132.5,2755.886303858335,1.2719848313701787,353.4291735288517,42.55705413872328,197.80939590598618,0.5964652740134968,False,none,5380.737743225346,4870.053093560667,510.68464966467934,1076147.5486450691,1.4946493731181516,6.67849549401557e-16,1.1952161464200742e-16,0.6472449981474692,3842.590082413439,2.9134814499752957,931362.233659924,kantrowitz_limit;nonlinear_acoustic_pulse
A,1.5,2.2,0.46487603305785113,250,0.001,piston,144.86280481507058,101.325,43.53780481507057,1.429684725537336,441.7864669110647,0.531963176734041,239.14127774798897,0.7332363471104532,False,none,130.13396953865836,76.93765186525427,53.1963176734041,32533.49238466459,0.036148324871849546,0.0,0.0,0.5753698284061816,48.03237603016799,2.9134814499752957,11642.02792074905,kantrowitz_limit;nonlinear_acoustic_pulse
A,1.5,2.2,0.46487603305785113,250,0.001,streamlined,144.86280481507058,101.325,43.53780481507057,1.429684725537336,441.7864669110647,0.531963176734041,239.14127774798897,0.7332363471104532,False,none,84.91709951626488,76.93765186525427,7.979447651010615,21229.274879066223,0.023588083198962467,0.0,0.0,0.5753698284061816,48.03237603016799,2.9134814499752957,11642.02792074905,kantrowitz_limit;nonlinear_acoustic_pulse
A,1.5,2.2,0.46487603305785113,250,0.003,piston,434.58841444521175,303.975,130.61341444521173,1.429684725537336,441.7864669110647,1.5958895302021232,239.14127774798897,0.7332363471104532,False,none,390.4019086159751,230.81295559576282,159.58895302021233,97600.47715399378,0.10844497461554864,0.0,1.2609270732490885e-16,0.5753698284061814,144.097128090504,2.9134814499752957,34926.08376224715,kantrowitz_limit;nonlinear_acoustic_pulse
A,1.5,2.2,0.46487603305785113,250,0.003,streamlined,434.58841444521175,303.975,130.61341444521173,1.429684725537336,441.7864669110647,1.5958895302021232,239.14127774798897,0.7332363471104532,False,none,254.75129854879467,230.81295559576282,23.93834295303185,63687.82463719867,0.0707642495968874,0.0,1.2609270732490885e-16,0.5753698284061814,144.097128090504,2.9134814499752957,34926.08376224715,kantrowitz_limit;nonlinear_acoustic_pulse
A,1.5,2.2,0.46487603305785113,250,0.01,piston,1448.6280481507058,1013.25,435.3780481507058,1.4296847255373362,441.7864669110647,5.31963176734041,239.14127774798897,0.7332363471104532,False,none,1301.3396953865838,769.3765186525428,531.963176734041,325334.9238466459,0.3614832487184955,1.6696238735038925e-16,0.0,0.5753698284061816,480.3237603016799,2.9134814499752957,116420.2792074905,kantrowitz_limit;nonlinear_acoustic_pulse
A,1.5,2.2,0.46487603305785113,250,0.01,streamlined,1448.6280481507058,1013.25,435.3780481507058,1.4296847255373362,441.7864669110647,5.31963176734041,239.14127774798897,0.7332363471104532,False,none,849.170995162649,769.3765186525428,79.79447651010615,212292.74879066224,0.23588083198962473,1.6696238735038925e-16,0.0,0.5753698284061816,480.3237603016799,2.9134814499752957,116420.2792074905,kantrowitz_limit;nonlinear_acoustic_pulse
A,1.5,2.2,0.46487603305785113,250,0.03,piston,4345.884144452119,3039.75,1306.1341444521186,1.4296847255373364,441.7864669110647,15.958895302021233,239.14127774798897,0.7332363471104532,False,none,3904.019086159754,2308.1295559576306,1595.8895302021233,976004.7715399385,1.0844497461554872,1.1130825823359281e-16,0.0,0.5753698284061814,1440.9712809050397,2.9134814499752957,349260.8376224715,kantrowitz_limit;nonlinear_acoustic_pulse
A,1.5,2.2,0.46487603305785113,250,0.03,streamlined,4345.884144452119,3039.75,1306.1341444521186,1.4296847255373364,441.7864669110647,15.958895302021233,239.14127774798897,0.7332363471104532,False,none,2547.512985487949,2308.1295559576306,239.38342953031847,636878.2463719873,0.7076424959688747,1.1130825823359281e-16,0.0,0.5753698284061814,1440.9712809050397,2.9134814499752957,349260.8376224715,kantrowitz_limit;nonlinear_acoustic_pulse
A,1.5,2.2,0.46487603305785113,250,0.1,piston,14486.280481507058,10132.5,4353.780481507058,1.4296847255373362,441.7864669110647,53.1963176734041,239.14127774798897,0.7332363471104532,False,none,13013.396953865838,7693.765186525427,5319.631767340411,3253349.23846646,3.6148324871849553,0.0,0.0,0.5753698284061816,4803.237603016799,2.9134814499752957,1164202.7920749048,kantrowitz_limit;nonlinear_acoustic_pulse
A,1.5,2.2,0.46487603305785113,250,0.1,streamlined,14486.280481507058,10132.5,4353.780481507058,1.4296847255373362,441.7864669110647,53.1963176734041,239.14127774798897,0.7332363471104532,False,none,8491.70995162649,7693.765186525427,797.9447651010615,2122927.4879066222,2.358808319896247,0.0,0.0,0.5753698284061816,4803.237603016799,2.9134814499752957,1164202.7920749048,kantrowitz_limit;nonlinear_acoustic_pulse
A,1.5,2.2,0.46487603305785113,300,0.001,piston,164.86542313435646,101.325,63.54042313435646,1.627095219682768,530.1437602932776,0.6383558120808492,276.5581433189794,0.8637748621696792,False,none,188.8878936199476,112.28519617024567,76.6026974497019,56666.36808598428,0.05246885933887433,1.7391915348998879e-16,2.1599634568483668e-16,0.5427859335735697,57.63885123620158,2.9134814499752957,13970.43350489886,kantrowitz_limit;nonlinear_acoustic_pulse;reduced_model_invalid
A,1.5,2.2,0.46487603305785113,300,0.001,streamlined,164.86542313435646,101.325,63.54042313435646,1.627095219682768,530.1437602932776,0.6383558120808492,276.5581433189794,0.8637748621696792,False,none,123.77560078770095,112.28519617024567,11.490404617455285,37132.68023631028,0.034382111329916934,1.7391915348998879e-16,2.1599634568483668e-16,0.5427859335735697,57.63885123620158,2.9134814499752957,13970.43350489886,kantrowitz_limit;nonlinear_acoustic_pulse;reduced_model_invalid
A,1.5,2.2,0.46487603305785113,300,0.003,piston,494.5962694030696,303.975,190.62126940306956,1.6270952196827684,530.1437602932776,1.915067436242548,276.5581433189794,0.8637748621696792,False,none,566.663680859843,336.85558851073733,229.80809234910572,169999.1042579529,0.15740657801662306,4.637844093066367e-16,0.0,0.5427859335735699,172.91655370860477,2.9134814499752957,41911.30051469659,kantrowitz_limit;nonlinear_acoustic_pulse;reduced_model_invalid
A,1.5,2.2,0.46487603305785113,300,0.003,streamlined,494.5962694030696,303.975,190.62126940306956,1.6270952196827684,530.1437602932776,1.915067436242548,276.5581433189794,0.8637748621696792,False,none,371.3268023631032,336.85558851073733,34.47121385236586,111398.04070893096,0.10314633398975089,4.637844093066367e-16,0.0,0.5427859335735699,172.91655370860477,2.9134814499752957,41911.30051469659,kantrowitz_limit;nonlinear_acoustic_pulse;reduced_model_invalid
A,1.5,2.2,0.46487603305785113,300,0.01,piston,1648.6542313435652,1013.25,635.4042313435652,1.6270952196827686,530.1437602932776,6.383558120808493,276.5581433189794,0.8637748621696792,False,none,1888.878936199477,1122.8519617024579,766.0269744970192,566663.6808598432,0.5246885933887436,4.1740596837597304e-16,1.7279707654786917e-16,0.5427859335735699,576.3885123620158,2.9134814499752957,139704.3350489886,kantrowitz_limit;nonlinear_acoustic_pulse;reduced_model_invalid
A,1.5,2.2,0.46487603305785113,300,0.01,streamlined,1648.6542313435652,1013.25,635.4042313435652,1.6270952196827686,530.1437602932776,6.383558120808493,276.5581433189794,0.8637748621696792,False,none,1237.7560078770107,1122.8519617024579,114.90404617455286,371326.8023631032,0.34382111329916965,4.1740596837597304e-16,1.7279707654786917e-16,0.5427859335735699,576.3885123620158,2.9134814499752957,139704.3350489886,kantrowitz_limit;nonlinear_acoustic_pulse;reduced_model_invalid
A,1.5,2.2,0.46487603305785113,300,0.03,piston,4945.962694030695,3039.75,1906.2126940306953,1.6270952196827684,530.1437602932776,19.15067436242548,276.5581433189794,0.8637748621696792,False,none,5666.63680859843,3368.555885107373,2298.080923491057,1699991.042579529,1.5740657801662308,1.8551376372265467e-16,0.0,0.5427859335735697,1729.1655370860476,2.9134814499752957,419113.0051469658,kantrowitz_limit;nonlinear_acoustic_pulse;reduced_model_invalid
A,1.5,2.2,0.46487603305785113,300,0.03,streamlined,4945.962694030695,3039.75,1906.2126940306953,1.6270952196827684,530.1437602932776,19.15067436242548,276.5581433189794,0.8637748621696792,False,none,3713.2680236310316,3368.555885107373,344.71213852365855,1113980.4070893095,1.0314633398975088,1.8551376372265467e-16,0.0,0.5427859335735697,1729.1655370860476,2.9134814499752957,419113.0051469658,kantrowitz_limit;nonlinear_acoustic_pulse;reduced_model_invalid
A,1.5,2.2,0.46487603305785113,300,0.1,piston,16486.542313435653,10132.5,6354.042313435653,1.6270952196827686,530.1437602932776,63.83558120808493,276.5581433189796,0.8637748621696799,False,none,18888.78936199477,11228.51961702458,7660.269744970192,5666636.808598432,5.2468859338874365,4.452330329343713e-16,1.3823766123829533e-16,0.54278593357357,5763.885123620159,2.9134814499752957,1397043.350489886,kantrowitz_limit;nonlinear_acoustic_pulse;reduced_model_invalid
A,1.5,2.2,0.46487603305785113,300,0.1,streamlined,16486.542313435653,10132.5,6354.042313435653,1.6270952196827686,530.1437602932776,63.83558120808493,276.5581433189796,0.8637748621696799,False,none,12377.560078770108,11228.51961702458,1149.0404617455285,3713268.0236310326,3.4382111329916967,4.452330329343713e-16,1.3823766123829533e-16,0.54278593357357,5763.885123620159,2.9134814499752957,1397043.350489886,kantrowitz_limit;nonlinear_acoustic_pulse;reduced_model_invalid
A,1.5,2.2,0.46487603305785113,350,0.001,piston,189.17375315713545,101.325,87.84875315713545,1.8669997844276875,618.5010536754905,0.7447484474276574,310.2181154377914,0.9881305075080733,False,none,259.50634375920447,155.24156111933243,104.26478263987204,90827.22031572157,0.07208509548866791,1.490735601342761e-16,0.0,0.5352955041844056,67.24532644223518,2.9134814499752957,16298.839089048668,kantrowitz_limit;nonlinear_acoustic_pulse;reduced_model_invalid
A,1.5,2.2,0.46487603305785113,350,0.001,streamlined,189.17375315713545,101.325,87.84875315713545,1.8669997844276875,618.5010536754905,0.7447484474276574,310.2181154377914,0.9881305075080733,False,none,170.88127851531323,155.24156111933243,15.639717395980805,59808.44748035963,0.04746702180980923,1.490735601342761e-16,0.0,0.5352955041844056,67.24532644223518,2.9134814499752957,16298.839089048668,kantrowitz_limit;nonlinear_acoustic_pulse;reduced_model_invalid
A,1.5,2.2,0.46487603305785113,350,0.003,piston,567.5212594714064,303.975,263.5462594714064,1.8669997844276878,618.5010536754905,2.2342453422829727,310.2181154377914,0.9881305075080733,False,none,778.5190312776135,465.7246833579974,312.7943479196162,272481.66094716475,0.21625528646600375,0.0,0.0,0.5352955041844055,201.73597932670557,2.9134814499752957,48896.51726714602,kantrowitz_limit;nonlinear_acoustic_pulse;reduced_model_invalid
A,1.5,2.2,0.46487603305785113,350,0.003,streamlined,567.5212594714064,303.975,263.5462594714064,1.8669997844276878,618.5010536754905,2.2342453422829727,310.2181154377914,0.9881305075080733,False,none,512.6438355459399,465.7246833579974,46.91915218794242,179425.34244107894,0.14240106542942774,0.0,0.0,0.5352955041844055,201.73597932670557,2.9134814499752957,48896.51726714602,kantrowitz_limit;nonlinear_acoustic_pulse;reduced_model_invalid
A,1.5,2.2,0.46487603305785113,350,0.01,piston,1891.7375315713543,1013.25,878.4875315713543,1.8669997844276875,618.5010536754905,7.447484474276574,310.2181154377914,0.9881305075080733,False,none,2595.0634375920445,1552.415611193324,1042.6478263987206,908272.2031572156,0.720850954886679,2.385176962148418e-16,2.1425654497517986e-16,0.5352955041844056,672.4532644223518,2.9134814499752957,162988.39089048665,kantrowitz_limit;nonlinear_acoustic_pulse;reduced_model_invalid
A,1.5,2.2,0.46487603305785113,350,0.01,streamlined,1891.7375315713543,1013.25,878.4875315713543,1.8669997844276875,618.5010536754905,7.447484474276574,310.2181154377914,0.9881305075080733,False,none,1708.812785153132,1552.415611193324,156.39717395980807,598084.4748035962,0.4746702180980922,2.385176962148418e-16,2.1425654497517986e-16,0.5352955041844056,672.4532644223518,2.9134814499752957,162988.39089048665,kantrowitz_limit;nonlinear_acoustic_pulse;reduced_model_invalid
A,1.5,2.2,0.46487603305785113,350,0.03,piston,5675.212594714063,3039.75,2635.462594714063,1.8669997844276875,618.5010536754905,22.342453422829724,310.2181154377914,0.9881305075080733,False,none,7785.190312776133,4657.246833579972,3127.943479196161,2724816.6094716466,2.162552864660037,0.0,0.0,0.5352955041844055,2017.3597932670557,2.9134814499752957,488965.17267146014,kantrowitz_limit;nonlinear_acoustic_pulse;reduced_model_invalid
A,1.5,2.2,0.46487603305785113,350,0.03,streamlined,5675.212594714063,3039.75,2635.462594714063,1.8669997844276875,618.5010536754905,22.342453422829724,310.2181154377914,0.9881305075080733,False,none,5126.438355459396,4657.246833579972,469.19152187942416,1794253.4244107886,1.4240106542942768,0.0,0.0,0.5352955041844055,2017.3597932670557,2.9134814499752957,488965.17267146014,kantrowitz_limit;nonlinear_acoustic_pulse;reduced_model_invalid
A,1.5,2.2,0.46487603305785113,350,0.1,piston,18917.375315713543,10132.5,8784.875315713543,1.8669997844276875,618.5010536754905,74.47484474276574,310.2181154377914,0.9881305075080733,False,none,25950.634375920446,15524.15611193324,10426.478263987205,9082722.031572156,7.2085095488667905,1.9081415697187343e-16,0.0,0.5352955041844055,6724.532644223518,2.9134814499752957,1629883.908904867,kantrowitz_limit;nonlinear_acoustic_pulse;reduced_model_invalid
A,1.5,2.2,0.46487603305785113,350,0.1,streamlined,18917.375315713543,10132.5,8784.875315713543,1.8669997844276875,618.5010536754905,74.47484474276574,310.2181154377914,0.9881305075080733,False,none,17088.12785153132,15524.15611193324,1563.9717395980804,5980844.748035962,4.746702180980923,1.9081415697187343e-16,0.0,0.5352955041844055,6724.532644223518,2.9134814499752957,1629883.908904867,kantrowitz_limit;nonlinear_acoustic_pulse;reduced_model_invalid
A,1.5,2.5,0.36,50,0.001,piston,102.03362019201418,101.325,0.7086201920141804,1.0069935375476355,88.35729338221293,0.1063926353468082,34.230552743520256,0.09982942109794425,False,none,3.380087950983304,1.2522352440471398,2.127852706936164,169.00439754916522,0.0009389133197175845,6.652407620992071e-15,0.0,2.574968697280076,7.439254399552419,2.9134814499752957,3326.2936916425847,low_reynolds_or_rarefaction_check
A,1.5,2.5,0.36,50,0.001,streamlined,102.03362019201418,101.325,0.7086201920141804,1.0069935375476355,88.35729338221293,0.1063926353468082,34.230552743520256,0.09982942109794425,False,none,1.5714131500875643,1.2522352440471398,0.3191779060404246,78.57065750437822,0.0004365036528021012,6.652407620992071e-15,0.0,2.574968697280076,7.439254399552419,2.9134814499752957,3326.2936916425847,low_reynolds_or_rarefaction_check
A,1.5,2.5,0.36,50,0.003,piston,306.1008605760426,303.975,2.1258605760425553,1.0069935375476358,88.35729338221293,0.3191779060404246,34.230552743520256,0.09982942109794425,False,none,10.140263852949937,3.756705732141445,6.383558120808493,507.01319264749685,0.00281673995915276,6.782846986109563e-15,0.0,2.5749686972800765,22.31776319865726,2.9134814499752957,9978.881074927755,low_reynolds_or_rarefaction_check
A,1.5,2.5,0.36,50,0.003,streamlined,306.1008605760426,303.975,2.1258605760425553,1.0069935375476358,88.35729338221293,0.3191779060404246,34.230552743520256,0.09982942109794425,False,none,4.714239450262719,3.756705732141445,0.9575337181212739,235.71197251313595,0.0013095109584063108,6.782846986109563e-15,0.0,2.5749686972800765,22.31776319865726,2.9134814499752957,9978.881074927755,low_reynolds_or_rarefaction_check
A,1.5,2.5,0.36,50,0.01,piston,1020.3362019201418,1013.25,7.086201920141775,1.0069935375476355,88.35729338221293,1.063926353468082,34.230552743520256,0.09982942109794425,False,none,33.800879509832995,12.522352440471348,21.278527069361644,1690.0439754916497,0.009389133197175832,6.469792509827583e-15,0.0,2.5749686972800765,74.39254399552419,2.9134814499752957,33262.936916425846,
A,1.5,2.5,0.36,50,0.01,streamlined,1020.3362019201418,1013.25,7.086201920141775,1.0069935375476355,88.35729338221293,1.063926353468082,34.230552743520256,0.09982942109794425,False,none,15.714131500875594,12.522352440471348,3.191779060404246,785.7065750437797,0.0043650365280209985,6.469792509827583e-15,0.0,2.5749686972800765,74.39254399552419,2.9134814499752957,33262.936916425846,
A,1.5,2.5,0.36,50,0.03,piston,3061.0086057604253,3039.75,21.258605760425326,1.0069935375476355,88.35729338221293,3.1917790604042464,34.230552743520256,0.09982942109794425,False,none,101.40263852949897,37.56705732141405,63.835581208084925,5070.131926474949,0.028167399591527493,6.678495494015569e-15,1.2104950009679043e-16,2.574968697280076,223.1776319865726,2.9134814499752957,99788.81074927755,
A,1.5,2.5,0.36,50,0.03,streamlined,3061.0086057604253,3039.75,21.258605760425326,1.0069935375476355,88.35729338221293,3.1917790604042464,34.230552743520256,0.09982942109794425,False,none,47.142394502626786,37.56705732141405,9.575337181212738,2357.1197251313392,0.013095109584062996,6.678495494015569e-15,1.2104950009679043e-16,2.574968697280076,223.1776319865726,2.9134814499752957,99788.81074927755,
A,1.5,2.5,0.36,50,0.1,piston,10203.362019201419,10132.5,70.86201920141866,1.0069935375476358,88.35729338221293,10.63926353468082,34.230552743520256,0.09982942109794425,False,none,338.0087950983315,125.22352440471509,212.7852706936164,16900.439754916577,0.09389133197175875,6.8454578813659586e-15,0.0,2.5749686972800765,743.9254399552419,2.9134814499752957,332629.3691642585,
A,1.5,2.5,0.36,50,0.1,streamlined,10203.362019201419,10132.5,70.86201920141866,1.0069935375476358,88.35729338221293,10.63926353468082,34.230552743520256,0.09982942109794425,False,none,157.14131500875754,125.22352440471509,31.91779060404246,7857.065750437877,0.04365036528021043,6.8454578813659586e-15,0.0,2.5749686972800765,743.9254399552419,2.9134814499752957,332629.3691642585,
A,1.5,2.5,0.36,100,0.001,piston,104.16374475148304,101.325,2.838744751483034,1.0280162324350657,176.71458676442586,0.2127852706936164,68.0581454944921,0.19907038205551197,False,none,13.527886884624728,5.016476056880072,8.511410827744657,1352.7886884624727,0.003757746356840202,4.0436203186422394e-15,1.133134459654154e-16,1.3370789422721603,14.878508799104837,2.9134814499752957,6652.587383285169,low_reynolds_or_rarefaction_check
A,1.5,2.5,0.36,100,0.001,streamlined,104.16374475148304,101.325,2.838744751483034,1.0280162324350657,176.71458676442586,0.2127852706936164,68.0581454944921,0.19907038205551197,False,none,6.29318768104177,5.016476056880072,1.2767116241616985,629.318768104177,0.0017481076891782694,4.0436203186422394e-15,1.133134459654154e-16,1.3370789422721603,14.878508799104837,2.9134814499752957,6652.587383285169,low_reynolds_or_rarefaction_check
A,1.5,2.5,0.36,100,0.003,piston,312.49123425444907,303.975,8.516234254449046,1.0280162324350655,176.71458676442586,0.6383558120808492,68.0581454944921,0.19907038205551197,False,none,40.583660653874084,15.049428170640114,25.53423248323397,4058.3660653874085,0.011273239070520578,3.826221376779753e-15,0.0,1.3370789422721603,44.63552639731452,2.9134814499752957,19957.76214985551,
A,1.5,2.5,0.36,100,0.003,streamlined,312.49123425444907,303.975,8.516234254449046,1.0280162324350655,176.71458676442586,0.6383558120808492,68.0581454944921,0.19907038205551197,False,none,18.87956304312521,15.049428170640114,3.8301348724850954,1887.9563043125208,0.00524432306753478,3.826221376779753e-15,0.0,1.3370789422721603,44.63552639731452,2.9134814499752957,19957.76214985551,
A,1.5,2.5,0.36,100,0.01,piston,1041.6374475148305,1013.25,28.387447514830455,1.028016232435066,176.71458676442586,2.127852706936164,68.05814549449303,0.19907038205551475,False,none,135.2788688462475,50.164760568800915,85.11410827744658,13527.88688462475,0.03757746356840208,3.965356699571744e-15,1.8130151354466393e-16,1.3370789422721603,148.78508799104839,2.9134814499752957,66525.87383285169,
A,1.5,2.5,0.36,100,0.01,streamlined,1041.6374475148305,1013.25,28.387447514830455,1.028016232435066,176.71458676442586,2.127852706936164,68.05814549449303,0.19907038205551475,False,none,62.9318768104179,50.164760568800915,12.767116241616984,6293.18768104179,0.01748107689178275,3.965356699571744e-15,1.8130151354466393e-16,1.3370789422721603,148.78508799104839,2.9134814499752957,66525.87383285169,
A,1.5,2.5,0.36,100,0.03,piston,3124.9123425444905,3039.75,85.16234254449046,1.0280162324350655,176.71458676442586,6.383558120808493,68.0581454944921,0.19907038205551197,False,none,405.83660653874085,150.49428170640115,255.3423248323397,40583.66065387409,0.1127323907052058,3.617518392591766e-15,1.208676756964439e-16,1.3370789422721603,446.3552639731452,2.9134814499752957,199577.6214985551,
A,1.5,2.5,0.36,100,0.03,streamlined,3124.9123425444905,3039.75,85.16234254449046,1.0280162324350655,176.71458676442586,6.383558120808493,68.0581454944921,0.19907038205551197,False,none,188.7956304312521,150.49428170640115,38.30134872485095,18879.56304312521,0.052443230675347806,3.617518392591766e-15,1.208676756964439e-16,1.3370789422721603,446.3552639731452,2.9134814499752957,199577.6214985551,
A,1.5,2.5,0.36,100,0.1,piston,10416.374475148301,10132.5,283.8744751483009,1.0280162324350655,176.71458676442586,21.27852706936164,68.0581454944921,0.19907038205551197,False,none,1352.7886884624684,501.6476056880028,851.1410827744656,135278.86884624683,0.375774635684019,3.673172521708563e-15,1.4504121083573301e-16,1.3370789422721605,1487.8508799104839,2.9134814499752957,665258.738328517,
A,1.5,2.5,0.36,100,0.1,streamlined,10416.374475148301,10132.5,283.8744751483009,1.0280162324350655,176.71458676442586,21.27852706936164,68.0581454944921,0.19907038205551197,False,none,629.3187681041726,501.6476056880028,127.67116241616984,62931.876810417256,0.1748107689178257,3.673172521708563e-15,1.4504121083573301e-16,1.3370789422721605,1487.8508799104839,2.9134814499752957,665258.738328517,
A,1.5,2.5,0.36,150,0.001,piston,107.72827821655203,101.325,6.403278216552025,1.06319544255171,265.0718801466388,0.3191779060404246,101.11048388408221,0.2971736636536181,False,none,30.466201002181883,11.315526639756408,19.150674362425477,4569.930150327283,0.00846283361171719,1.739191534899888e-15,1.3395969548859739e-16,0.9483592538771837,22.317763198657257,2.9134814499752957,9978.881074927755,kantrowitz_limit;nonlinear_acoustic_pulse;low_reynolds_or_rarefaction_check
A,1.5,2.5,0.36,150,0.001,streamlined,107.72827821655203,101.325,6.403278216552025,1.06319544255171,265.0718801466388,0.3191779060404246,101.11048388408221,0.2971736636536181,False,none,14.188127794120229,11.315526639756408,2.8726011543638212,2128.219169118034,0.003941146609477841,1.739191534899888e-15,1.3395969548859739e-16,0.9483592538771837,22.317763198657257,2.9134814499752957,9978.881074927755,kantrowitz_limit;nonlinear_acoustic_pulse;low_reynolds_or_rarefaction_check
A,1.5,2.5,0.36,150,0.003,piston,323.1848346496561,303.975,19.209834649656102,1.0631954425517103,265.0718801466388,0.957533718121274,101.11048388408221,0.2971736636536181,False,none,91.3986030065457,33.946579919269276,57.45202308727643,13709.790450981855,0.025388500835151585,1.855137637226547e-15,1.786129273181296e-16,0.9483592538771836,66.95328959597178,2.9134814499752957,29936.643224783267,kantrowitz_limit;nonlinear_acoustic_pulse
A,1.5,2.5,0.36,150,0.003,streamlined,323.1848346496561,303.975,19.209834649656102,1.0631954425517103,265.0718801466388,0.957533718121274,101.11048388408221,0.2971736636536181,False,none,42.56438338236074,33.946579919269276,8.617803463091464,6384.657507354111,0.011823439828433539,1.855137637226547e-15,1.786129273181296e-16,0.9483592538771836,66.95328959597178,2.9134814499752957,29936.643224783267,kantrowitz_limit;nonlinear_acoustic_pulse
A,1.5,2.5,0.36,150,0.01,piston,1077.2827821655203,1013.25,64.0327821655203,1.06319544255171,265.0718801466388,3.1917790604042464,101.11048388408221,0.2971736636536181,False,none,304.662010021819,113.15526639756419,191.5067436242548,45699.30150327285,0.08462833611717195,1.808759196295883e-15,0.0,0.9483592538771839,223.17763198657258,2.9134814499752957,99788.81074927755,kantrowitz_limit;nonlinear_acoustic_pulse
A,1.5,2.5,0.36,150,0.01,streamlined,1077.2827821655203,1013.25,64.0327821655203,1.06319544255171,265.0718801466388,3.1917790604042464,101.11048388408221,0.2971736636536181,False,none,141.8812779412024,113.15526639756419,28.726011543638215,21282.19169118036,0.03941146609477844,1.808759196295883e-15,0.0,0.9483592538771839,223.17763198657258,2.9134814499752957,99788.81074927755,kantrowitz_limit;nonlinear_acoustic_pulse
A,1.5,2.5,0.36,150,0.03,piston,3231.8483464965607,3039.75,192.09834649656068,1.06319544255171,265.0718801466388,9.57533718121274,101.11048388408221,0.2971736636536181,False,none,913.9860300654564,339.46579919269215,574.5202308727643,137097.90450981844,0.2538850083515157,1.669623873503892e-15,0.0,0.9483592538771837,669.5328959597178,2.9134814499752957,299366.43224783265,kantrowitz_limit;nonlinear_acoustic_pulse
A,1.5,2.5,0.36,150,0.03,streamlined,3231.8483464965607,3039.75,192.09834649656068,1.06319544255171,265.0718801466388,9.57533718121274,101.11048388408221,0.2971736636536181,False,none,425.64383382360677,339.46579919269215,86.17803463091464,63846.57507354102,0.11823439828433521,1.669623873503892e-15,0.0,0.9483592538771837,669.5328959597178,2.9134814499752957,299366.43224783265,kantrowitz_limit;nonlinear_acoustic_pulse
A,1.5,2.5,0.36,150,0.1,piston,10772.827821655203,10132.5,640.3278216552026,1.06319544255171,265.0718801466388,31.917790604042466,101.11048388408221,0.2971736636536181,False,none,3046.620100218189,1131.552663975641,1915.067436242548,456993.0150327283,0.8462833611717191,1.6696238735038922e-15,0.0,0.9483592538771839,2231.7763198657262,2.9134814499752957,997888.1074927754,kantrowitz_limit;nonlinear_acoustic_pulse
A,1.5,2.5,0.36,150,0.1,streamlined,10772.827821655203,10132.5,640.3278216552026,1.06319544255171,265.0718801466388,31.917790604042466,101.11048388408221,0.2971736636536181,False,none,1418.8127794120232,1131.552663975641,287.26011543638214,212821.91691180348,0.39411466094778425,1.6696238735038922e-15,0.0,0.9483592538771839,2231.7763198657262,2.9134814499752957,997888.1074927754,kantrowitz_limit;nonlinear_acoustic_pulse
A,1.5,2.5,0.36,200,0.001,piston,112.74905205074604,101.325,11.424052050746042,1.1127466276905604,353.4291735288517,0.4255705413872328,133.0707449486066,0.393661448716489,False,none,54.23360968420741,20.187966373228786,34.045643310978626,10846.72193684148,0.015064891578946502,2.6087873023498317e-16,0.0,0.7740950217226255,29.757017598209675,2.9134814499752957,13305.174766570339,kantrowitz_limit;nonlinear_acoustic_pulse
A,1.5,2.5,0.36,200,0.001,streamlined,112.74905205074604,101.325,11.424052050746042,1.1127466276905604,353.4291735288517,0.4255705413872328,133.0707449486066,0.393661448716489,False,none,25.294812869875578,20.187966373228786,5.106846496646794,5058.962573975115,0.0070263369082987715,2.6087873023498317e-16,0.0,0.7740950217226255,29.757017598209675,2.9134814499752957,13305.174766570339,kantrowitz_limit;nonlinear_acoustic_pulse
A,1.5,2.5,0.36,200,0.003,piston,338.24715615223806,303.975,34.27215615223804,1.1127466276905602,353.4291735288517,1.2767116241616985,133.07074494860612,0.39366144871648756,False,none,162.70082905262208,60.563899119686205,102.13692993293589,32540.165810524417,0.04519467473683947,1.7391915348998879e-16,0.0,0.7740950217226257,89.27105279462904,2.9134814499752957,39915.52429971102,kantrowitz_limit;nonlinear_acoustic_pulse
A,1.5,2.5,0.36,200,0.003,streamlined,338.24715615223806,303.975,34.27215615223804,1.1127466276905602,353.4291735288517,1.2767116241616985,133.07074494860612,0.39366144871648756,False,none,75.88443860962659,60.563899119686205,15.320539489940382,15176.887721925317,0.021079010724896274,1.7391915348998879e-16,0.0,0.7740950217226257,89.27105279462904,2.9134814499752957,39915.52429971102,kantrowitz_limit;nonlinear_acoustic_pulse
A,1.5,2.5,0.36,200,0.01,piston,1127.4905205074601,1013.25,114.24052050746013,1.1127466276905602,353.4291735288517,4.255705413872328,133.07074494860612,0.39366144871648756,False,none,542.3360968420736,201.87966373228736,340.4564331097863,108467.21936841472,0.1506489157894649,0.0,0.0,0.7740950217226256,297.57017598209677,2.9134814499752957,133051.74766570338,kantrowitz_limit;nonlinear_acoustic_pulse
A,1.5,2.5,0.36,200,0.01,streamlined,1127.4905205074601,1013.25,114.24052050746013,1.1127466276905602,353.4291735288517,4.255705413872328,133.07074494860612,0.39366144871648756,False,none,252.94812869875528,201.87966373228736,51.068464966467936,50589.625739751056,0.07026336908298758,0.0,0.0,0.7740950217226256,297.57017598209677,2.9134814499752957,133051.74766570338,kantrowitz_limit;nonlinear_acoustic_pulse
A,1.5,2.5,0.36,200,0.03,piston,3382.4715615223813,3039.75,342.7215615223813,1.1127466276905604,353.4291735288517,12.767116241616986,133.0707449486066,0.393661448716489,False,none,1627.0082905262225,605.6389911968637,1021.3692993293588,325401.6581052445,0.45194674736839513,2.3653004874638472e-15,1.201368755965444e-16,0.7740950217226256,892.7105279462904,2.9134814499752957,399155.2429971102,kantrowitz_limit;nonlinear_acoustic_pulse
A,1.5,2.5,0.36,200,0.03,streamlined,3382.4715615223813,3039.75,342.7215615223813,1.1127466276905604,353.4291735288517,12.767116241616986,133.0707449486066,0.393661448716489,False,none,758.8443860962675,605.6389911968637,153.2053948994038,151768.8772192535,0.2107901072489632,2.3653004874638472e-15,1.201368755965444e-16,0.7740950217226256,892.7105279462904,2.9134814499752957,399155.2429971102,kantrowitz_limit;nonlinear_acoustic_pulse
A,1.5,2.5,0.36,200,0.1,piston,11274.905205074601,10132.5,1142.4052050746013,1.1127466276905602,353.4291735288517,42.55705413872328,133.07074494860612,0.39366144871648756,False,none,5423.360968420736,2018.7966373228735,3404.5643310978626,1084672.1936841472,1.5064891578946489,0.0,0.0,0.7740950217226256,2975.7017598209677,2.9134814499752957,1330517.476657034,kantrowitz_limit;nonlinear_acoustic_pulse
A,1.5,2.5,0.36,200,0.1,streamlined,11274.905205074601,10132.5,1142.4052050746013,1.1127466276905602,353.4291735288517,42.55705413872328,133.07074494860612,0.39366144871648756,False,none,2529.4812869875527,2018.7966373228735,510.68464966467934,505896.2573975105,0.7026336908298757,0.0,0.0,0.7740950217226256,2975.7017598209677,2.9134814499752957,1330517.476657034,kantrowitz_limit;nonlinear_acoustic_pulse
A,1.5,2.5,0.36,250,0.001,piston,119.25715695369205,101.325,17.932156953692044,1.17697662920002,441.7864669110647,0.531963176734041,163.6926955758383,0.48814770185495465,False,none,84.88505473206925,31.68873705866515,53.1963176734041,21221.263683017314,0.023579181870019235,1.2522179051279192e-15,0.0,0.6881334287532772,37.196271997762096,2.9134814499752957,16631.468458212923,kantrowitz_limit;nonlinear_acoustic_pulse
A,1.5,2.5,0.36,250,0.001,streamlined,119.25715695369205,101.325,17.932156953692044,1.17697662920002,441.7864669110647,0.531963176734041,163.6926955758383,0.48814770185495465,False,none,39.668184709675764,31.68873705866515,7.979447651010615,9917.04617741894,0.011018940197132156,1.2522179051279192e-15,0.0,0.6881334287532772,37.196271997762096,2.9134814499752957,16631.468458212923,kantrowitz_limit;nonlinear_acoustic_pulse
A,1.5,2.5,0.36,250,0.003,piston,357.77147086107624,303.975,53.796470861076216,1.1769766292000203,441.7864669110647,1.5958895302021232,163.69269557583866,0.48814770185495576,False,none,254.65516419620792,95.0662111759956,159.58895302021233,63663.79104905198,0.07073754561005775,1.6696238735038922e-15,1.530713704517682e-16,0.6881334287532771,111.5888159932863,2.9134814499752957,49894.40537463877,kantrowitz_limit;nonlinear_acoustic_pulse
A,1.5,2.5,0.36,250,0.003,streamlined,357.77147086107624,303.975,53.796470861076216,1.1769766292000203,441.7864669110647,1.5958895302021232,163.69269557583866,0.48814770185495576,False,none,119.00455412902745,95.0662111759956,23.93834295303185,29751.138532256864,0.033056820591396516,1.6696238735038922e-15,1.530713704517682e-16,0.6881334287532771,111.5888159932863,2.9134814499752957,49894.40537463877,kantrowitz_limit;nonlinear_acoustic_pulse
A,1.5,2.5,0.36,250,0.01,piston,1192.5715695369204,1013.25,179.32156953692038,1.17697662920002,441.7864669110647,5.31963176734041,163.6926955758383,0.48814770185495465,False,none,848.8505473206924,316.8873705866514,531.963176734041,212212.63683017308,0.23579181870019233,1.335699098803114e-15,1.836856445421222e-16,0.6881334287532772,371.96271997762096,2.9134814499752957,166314.68458212924,kantrowitz_limit;nonlinear_acoustic_pulse
A,1.5,2.5,0.36,250,0.01,streamlined,1192.5715695369204,1013.25,179.32156953692038,1.17697662920002,441.7864669110647,5.31963176734041,163.6926955758383,0.48814770185495465,False,none,396.68184709675756,316.8873705866514,79.79447651010615,99170.46177418939,0.11018940197132154,1.335699098803114e-15,1.836856445421222e-16,0.6881334287532772,371.96271997762096,2.9134814499752957,166314.68458212924,kantrowitz_limit;nonlinear_acoustic_pulse
A,1.5,2.5,0.36,250,0.03,piston,3577.714708610761,3039.75,537.9647086107611,1.17697662920002,441.7864669110647,15.958895302021233,163.6926955758383,0.48814770185495465,False,none,2546.5516419620776,950.6621117599543,1595.8895302021233,636637.9104905194,0.7073754561005771,1.2243908405695209e-15,1.2245709636141482e-16,0.688133428753277,1115.8881599328631,2.9134814499752957,498944.0537463877,kantrowitz_limit;nonlinear_acoustic_pulse
A,1.5,2.5,0.36,250,0.03,streamlined,3577.714708610761,3039.75,537.9647086107611,1.17697662920002,441.7864669110647,15.958895302021233,163.6926955758383,0.48814770185495465,False,none,1190.0455412902727,950.6621117599543,239.38342953031847,297511.3853225682,0.33056820591396463,1.2243908405695209e-15,1.2245709636141482e-16,0.688133428753277,1115.8881599328631,2.9134814499752957,498944.0537463877,kantrowitz_limit;nonlinear_acoustic_pulse
A,1.5,2.5,0.36,250,0.1,piston,11925.715695369207,10132.5,1793.2156953692065,1.1769766292000203,441.7864669110647,53.1963176734041,163.69269557583866,0.48814770185495576,False,none,8488.50547320693,3168.8737058665192,5319.631767340411,2122126.3683017325,2.357918187001925,1.6028389185637366e-15,0.0,0.6881334287532771,3719.6271997762096,2.9134814499752957,1663146.8458212924,kantrowitz_limit;nonlinear_acoustic_pulse
A,1.5,2.5,0.36,250,0.1,streamlined,11925.715695369207,10132.5,1793.2156953692065,1.1769766292000203,441.7864669110647,53.1963176734041,163.69269557583866,0.48814770185495576,False,none,3966.8184709675807,3168.8737058665192,797.9447651010615,991704.6177418951,1.1018940197132168,1.6028389185637366e-15,0.0,0.6881334287532771,3719.6271997762096,2.9134814499752957,1663146.8458212924,kantrowitz_limit;nonlinear_acoustic_pulse
A,1.5,2.5,0.36,300,0.001,piston,127.29317763056451,101.325,25.96817763056451,1.2562859869781842,530.1437602932776,0.6383558120808492,192.80528076981193,0.5803455840908995,False,none,122.49225523980606,45.88955779010415,76.6026974497019,36747.67657194182,0.03402562645550168,1.0435149209399327e-15,1.3212805491725702e-16,0.6491635937596485,44.635526397314514,2.9134814499752957,19957.76214985551,kantrowitz_limit;nonlinear_acoustic_pulse
A,1.5,2.5,0.36,300,0.001,streamlined,127.29317763056451,101.325,25.96817763056451,1.2562859869781842,530.1437602932776,0.6383558120808492,192.80528076981193,0.5803455840908995,False,none,57.37996240755943,45.88955779010415,11.490404617455285,17213.98872226783,0.015938878446544288,1.0435149209399327e-15,1.3212805491725702e-16,0.6491635937596485,44.635526397314514,2.9134814499752957,19957.76214985551,kantrowitz_limit;nonlinear_acoustic_pulse
A,1.5,2.5,0.36,300,0.003,piston,381.87953289169354,303.975,77.90453289169352,1.2562859869781842,530.1437602932776,1.915067436242548,192.80528076981193,0.5803455840908995,False,none,367.47676571941815,137.66867337031243,229.80809234910572,110243.02971582544,0.10207687936650504,1.0435149209399325e-15,0.0,0.6491635937596485,133.90657919194356,2.9134814499752957,59873.286449566534,kantrowitz_limit;nonlinear_acoustic_pulse
A,1.5,2.5,0.36,300,0.003,streamlined,381.87953289169354,303.975,77.90453289169352,1.2562859869781842,530.1437602932776,1.915067436242548,192.80528076981193,0.5803455840908995,False,none,172.13988722267828,137.66867337031243,34.47121385236586,51641.96616680348,0.04781663533963286,1.0435149209399325e-15,0.0,0.6491635937596485,133.90657919194356,2.9134814499752957,59873.286449566534,kantrowitz_limit;nonlinear_acoustic_pulse
A,1.5,2.5,0.36,300,0.01,piston,1272.9317763056451,1013.25,259.68177630564514,1.2562859869781842,530.1437602932776,6.383558120808493,192.80528076981193,0.5803455840908995,False,none,1224.9225523980608,458.8955779010416,766.0269744970192,367476.76571941824,0.3402562645550169,1.113082582335928e-15,2.114048878676112e-16,0.6491635937596486,446.35526397314516,2.9134814499752957,199577.6214985551,kantrowitz_limit;nonlinear_acoustic_pulse
A,1.5,2.5,0.36,300,0.01,streamlined,1272.9317763056451,1013.25,259.68177630564514,1.2562859869781842,530.1437602932776,6.383558120808493,192.80528076981193,0.5803455840908995,False,none,573.7996240755945,458.8955779010416,114.90404617455286,172139.88722267834,0.1593887844654429,1.113082582335928e-15,2.114048878676112e-16,0.6491635937596486,446.35526397314516,2.9134814499752957,199577.6214985551,kantrowitz_limit;nonlinear_acoustic_pulse
A,1.5,2.5,0.36,300,0.03,piston,3818.7953289169354,3039.75,779.0453289169354,1.2562859869781842,530.1437602932776,19.15067436242548,192.80528076981193,0.5803455840908995,False,none,3674.767657194182,1376.6867337031247,2298.080923491057,1102430.2971582545,1.0207687936650505,9.275688186132733e-16,1.409365919117408e-16,0.6491635937596484,1339.0657919194357,2.9134814499752957,598732.8644956653,kantrowitz_limit;nonlinear_acoustic_pulse
A,1.5,2.5,0.36,300,0.03,streamlined,3818.7953289169354,3039.75,779.0453289169354,1.2562859869781842,530.1437602932776,19.15067436242548,192.80528076981193,0.5803455840908995,False,none,1721.3988722267832,1376.6867337031247,344.71213852365855,516419.66166803497,0.4781663533963287,9.275688186132733e-16,1.409365919117408e-16,0.6491635937596484,1339.0657919194357,2.9134814499752957,598732.8644956653,kantrowitz_limit;nonlinear_acoustic_pulse
A,1.5,2.5,0.36,300,0.1,piston,12729.317763056455,10132.5,2596.817763056455,1.2562859869781846,530.1437602932776,63.83558120808493,192.80528076981193,0.5803455840908995,False,none,12249.225523980615,4588.955779010422,7660.269744970192,3674767.657194184,3.4025626455501707,1.2243908405695209e-15,1.6912391029408874e-16,0.6491635937596486,4463.5526397314525,2.9134814499752957,1995776.2149855508,kantrowitz_limit;nonlinear_acoustic_pulse
A,1.5,2.5,0.36,300,0.1,streamlined,12729.317763056455,10132.5,2596.817763056455,1.2562859869781846,530.1437602932776,63.83558120808493,192.80528076981193,0.5803455840908995,False,none,5737.996240755951,4588.955779010422,1149.0404617455285,1721398.8722267852,1.5938878446544307,1.2243908405695209e-15,1.6912391029408874e-16,0.6491635937596486,4463.5526397314525,2.9134814499752957,1995776.2149855508,kantrowitz_limit;nonlinear_acoustic_pulse
A,1.5,2.5,0.36,350,0.001,piston,136.9072279109421,101.325,35.58222791094211,1.3511692860690068,618.5010536754905,0.7447484474276574,220.30840777371176,0.6700637947562994,False,none,167.1437696542696,62.87898701439755,104.26478263987204,58500.319378994354,0.04642882490396377,8.944413608056567e-16,0.0,0.6402051558925153,52.07478079686694,2.9134814499752957,23284.05584149809,kantrowitz_limit;nonlinear_acoustic_pulse
A,1.5,2.5,0.36,350,0.001,streamlined,136.9072279109421,101.325,35.58222791094211,1.3511692860690068,618.5010536754905,0.7447484474276574,220.30840777371176,0.6700637947562994,False,none,78.51870441037836,62.87898701439755,15.639717395980805,27481.546543632427,0.0218107512251051,8.944413608056567e-16,0.0,0.6402051558925153,52.07478079686694,2.9134814499752957,23284.05584149809,kantrowitz_limit;nonlinear_acoustic_pulse
A,1.5,2.5,0.36,350,0.003,piston,410.72168373282636,303.975,106.74668373282634,1.3511692860690068,618.5010536754905,2.2342453422829727,220.30840777371176,0.6700637947562994,False,none,501.4313089628089,188.63696104319268,312.7943479196162,175500.9581369831,0.13928647471189134,7.950589873828058e-16,0.0,0.6402051558925153,156.2243423906008,2.9134814499752957,69852.16752449429,kantrowitz_limit;nonlinear_acoustic_pulse
A,1.5,2.5,0.36,350,0.003,streamlined,410.72168373282636,303.975,106.74668373282634,1.3511692860690068,618.5010536754905,2.2342453422829727,220.30840777371176,0.6700637947562994,False,none,235.5561132311351,188.63696104319268,46.91915218794242,82444.63963089729,0.0654322536753153,7.950589873828058e-16,0.0,0.6402051558925153,156.2243423906008,2.9134814499752957,69852.16752449429,kantrowitz_limit;nonlinear_acoustic_pulse
A,1.5,2.5,0.36,350,0.01,piston,1369.072279109421,1013.25,355.82227910942106,1.3511692860690068,618.5010536754905,7.447484474276574,220.30840777371176,0.6700637947562994,False,none,1671.437696542696,628.7898701439755,1042.6478263987206,585003.1937899436,0.4642882490396377,8.348119367519463e-16,0.0,0.6402051558925153,520.7478079686693,2.9134814499752957,232840.55841498091,kantrowitz_limit;nonlinear_acoustic_pulse
A,1.5,2.5,0.36,350,0.01,streamlined,1369.072279109421,1013.25,355.82227910942106,1.3511692860690068,618.5010536754905,7.447484474276574,220.30840777371176,0.6700637947562994,False,none,785.1870441037836,628.7898701439755,156.39717395980807,274815.46543632424,0.218107512251051,8.348119367519463e-16,0.0,0.6402051558925153,520.7478079686693,2.9134814499752957,232840.55841498091,kantrowitz_limit;nonlinear_acoustic_pulse
A,1.5,2.5,0.36,350,0.03,piston,4107.216837328264,3039.75,1067.4668373282639,1.351169286069007,618.5010536754905,22.342453422829724,220.30840777371202,0.6700637947563003,False,none,5014.313089628089,1886.3696104319276,3127.943479196161,1755009.5813698312,1.3928647471189137,1.1130825823359282e-15,0.0,0.6402051558925151,1562.243423906008,2.9134814499752957,698521.6752449429,kantrowitz_limit;nonlinear_acoustic_pulse
A,1.5,2.5,0.36,350,0.03,streamlined,4107.216837328264,3039.75,1067.4668373282639,1.351169286069007,618.5010536754905,22.342453422829724,220.30840777371202,0.6700637947563003,False,none,2355.5611323113517,1886.3696104319276,469.19152187942416,824446.3963089731,0.6543225367531532,1.1130825823359282e-15,0.0,0.6402051558925151,1562.243423906008,2.9134814499752957,698521.6752449429,kantrowitz_limit;nonlinear_acoustic_pulse
A,1.5,2.5,0.36,350,0.1,piston,13690.722791094211,10132.5,3558.222791094211,1.3511692860690068,618.5010536754905,74.47484474276574,220.30840777371176,0.6700637947562994,False,none,16714.37696542696,6287.898701439755,10426.478263987205,5850031.937899436,4.642882490396378,9.54070784859367e-16,0.0,0.6402051558925153,5207.4780796866935,2.9134814499752957,2328405.5841498096,kantrowitz_limit;nonlinear_acoustic_pulse
A,1.5,2.5,0.36,350,0.1,streamlined,13690.722791094211,10132.5,3558.222791094211,1.3511692860690068,618.5010536754905,74.47484474276574,220.30840777371176,0.6700637947562994,False,none,7851.870441037836,6287.898701439755,1563.9717395980804,2748154.6543632424,2.18107512251051,9.54070784859367e-16,0.0,0.6402051558925153,5207.4780796866935,2.9134814499752957,2328405.5841498096,kantrowitz_limit;nonlinear_acoustic_pulse
A,1.5,3.0,0.25,50,0.001,piston,101.57376262314388,101.325,0.24876262314387532,1.0024550962067,88.35729338221293,0.1063926353468082,20.31096847491114,0.059196362630273225,False,none,2.5674525484492094,0.43959984151304526,2.127852706936164,128.37262742246048,0.0007131812634581137,3.3001159374725374e-14,0.0,3.017541442125089,5.166148888578069,2.9134814499752957,4989.440537463877,low_reynolds_or_rarefaction_check
A,1.5,3.0,0.25,50,0.001,streamlined,101.57376262314388,101.325,0.24876262314387532,1.0024550962067,88.35729338221293,0.1063926353468082,20.31096847491114,0.059196362630273225,False,none,0.7587777475534698,0.43959984151304526,0.3191779060404246,37.93888737767349,0.0002107715965426305,3.3001159374725374e-14,0.0,3.017541442125089,5.166148888578069,2.9134814499752957,4989.440537463877,low_reynolds_or_rarefaction_check
A,1.5,3.0,0.25,50,0.003,piston,304.72128786943165,303.975,0.746287869431626,1.0024550962067,88.35729338221293,0.3191779060404246,20.31096847491114,0.059196362630273225,False,none,7.702357645347629,1.3187995245391357,6.383558120808493,385.11788226738145,0.0021395437903743413,3.304463916309787e-14,0.0,3.0175414421250895,15.498446665734209,2.9134814499752957,14968.321612391634,
A,1.5,3.0,0.25,50,0.003,streamlined,304.72128786943165,303.975,0.746287869431626,1.0024550962067,88.35729338221293,0.3191779060404246,20.31096847491114,0.059196362630273225,False,none,2.2763332426604097,1.3187995245391357,0.9575337181212739,113.81666213302049,0.0006323147896278915,3.304463916309787e-14,0.0,3.0175414421250895,15.498446665734209,2.9134814499752957,14968.321612391634,
A,1.5,3.0,0.25,50,0.01,piston,1015.7376262314388,1013.25,2.487626231438753,1.0024550962067,88.35729338221293,1.063926353468082,20.31096847491114,0.059196362630273225,False,none,25.674525484492097,4.395998415130453,21.278527069361644,1283.7262742246048,0.007131812634581138,3.297507150170187e-14,1.2930718688423634e-16,3.017541442125089,51.66148888578069,2.9134814499752957,49894.40537463877,
A,1.5,3.0,0.25,50,0.01,streamlined,1015.7376262314388,1013.25,2.487626231438753,1.0024550962067,88.35729338221293,1.063926353468082,20.31096847491114,0.059196362630273225,False,none,7.587777475534699,4.395998415130453,3.191779060404246,379.38887377673495,0.0021077159654263053,3.297507150170187e-14,1.2930718688423634e-16,3.017541442125089,51.66148888578069,2.9134814499752957,49894.40537463877,
A,1.5,3.0,0.25,50,0.03,piston,3047.2128786943163,3039.75,7.4628786943162595,1.0024550962067,88.35729338221293,3.1917790604042464,20.31096847491114,0.059196362630273225,False,none,77.02357645347628,13.187995245391358,63.835581208084925,3851.178822673814,0.02139543790374341,3.297507150170187e-14,0.0,3.0175414421250895,154.9844666573421,2.9134814499752957,149683.2161239163,
A,1.5,3.0,0.25,50,0.03,streamlined,3047.2128786943163,3039.75,7.4628786943162595,1.0024550962067,88.35729338221293,3.1917790604042464,20.31096847491114,0.059196362630273225,False,none,22.763332426604094,13.187995245391358,9.575337181212738,1138.1666213302046,0.006323147896278915,3.297507150170187e-14,0.0,3.0175414421250895,154.9844666573421,2.9134814499752957,149683.2161239163,
A,1.5,3.0,0.25,50,0.1,piston,10157.376262314388,10132.5,24.87626231438844,1.0024550962067,88.35729338221293,10.63926353468082,20.31096847491114,0.059196362630273225,False,none,256.74525484492256,43.95998415130614,212.7852706936164,12837.262742246128,0.07131812634581182,3.305855269537707e-14,0.0,3.0175414421250886,516.6148888578069,2.9134814499752957,498944.0537463877,
A,1.5,3.0,0.25,50,0.1,streamlined,10157.376262314388,10132.5,24.87626231438844,1.0024550962067,88.35729338221293,10.63926353468082,20.31096847491114,0.059196362630273225,False,none,75.8777747553486,43.95998415130614,31.91779060404246,3793.88873776743,0.0210771596542635,3.305855269537707e-14,0.0,3.0175414421250886,516.6148888578069,2.9134814499752957,498944.0537463877,
A,1.5,3.0,0.25,100,0.001,piston,102.32057470295021,101.325,0.9955747029502078,1.0098255583809543,176.71458676442586,0.2127852706936164,40.53700398588819,0.1182688918426772,False,none,10.270736549994277,1.75932572224962,8.511410827744657,1027.0736549994276,0.0028529823749984104,1.3435254607101633e-14,0.0,1.566889385475188,10.332297777156137,2.9134814499752957,9978.881074927755,low_reynolds_or_rarefaction_check
A,1.5,3.0,0.25,100,0.001,streamlined,102.32057470295021,101.325,0.9955747029502078,1.0098255583809543,176.71458676442586,0.2127852706936164,40.53700398588819,0.1182688918426772,False,none,3.0360373464113186,1.75932572224962,1.2767116241616985,303.60373464113184,0.0008433437073364773,1.3435254607101633e-14,0.0,1.566889385475188,10.332297777156137,2.9134814499752957,9978.881074927755,low_reynolds_or_rarefaction_check
A,1.5,3.0,0.25,100,0.003,piston,306.96172410885066,303.975,2.9867241088506375,1.0098255583809546,176.71458676442586,0.6383558120808492,40.53700398588819,0.1182688918426772,False,none,30.812209649982854,5.277977166748885,25.53423248323397,3081.2209649982856,0.008558947124995237,1.3565693972219126e-14,0.0,1.5668893854751877,30.996893331468417,2.9134814499752957,29936.643224783267,
A,1.5,3.0,0.25,100,0.003,streamlined,306.96172410885066,303.975,2.9867241088506375,1.0098255583809546,176.71458676442586,0.6383558120808492,40.53700398588819,0.1182688918426772,False,none,9.10811203923398,5.277977166748885,3.8301348724850954,910.811203923398,0.002530031122009439,1.3565693972219126e-14,0.0,1.5668893854751877,30.996893331468417,2.9134814499752957,29936.643224783267,
A,1.5,3.0,0.25,100,0.01,piston,1023.2057470295022,1013.25,9.955747029502163,1.0098255583809546,176.71458676442586,2.127852706936164,40.53700398588819,0.1182688918426772,False,none,102.70736549994292,17.59325722249635,85.11410827744658,10270.736549994292,0.028529823749984147,1.3565693972219126e-14,1.2923910141692878e-16,1.566889385475188,103.32297777156138,2.9134814499752957,99788.81074927755,
A,1.5,3.0,0.25,100,0.01,streamlined,1023.2057470295022,1013.25,9.955747029502163,1.0098255583809546,176.71458676442586,2.127852706936164,40.53700398588819,0.1182688918426772,False,none,30.360373464113337,17.59325722249635,12.767116241616984,3036.0373464113336,0.008433437073364816,1.3565693972219126e-14,1.2923910141692878e-16,1.566889385475188,103.32297777156138,2.9134814499752957,99788.81074927755,
A,1.5,3.0,0.25,100,0.03,piston,3069.6172410885065,3039.75,29.86724108850649,1.0098255583809546,176.71458676442586,6.383558120808493,40.53700398588819,0.1182688918426772,False,none,308.12209649982873,52.77977166748905,255.3423248323397,30812.209649982873,0.08558947124995242,1.3496126310823128e-14,0.0,1.566889385475188,309.9689333146842,2.9134814499752957,299366.4322478326,
A,1.5,3.0,0.25,100,0.03,streamlined,3069.6172410885065,3039.75,29.86724108850649,1.0098255583809546,176.71458676442586,6.383558120808493,40.53700398588819,0.1182688918426772,False,none,91.08112039234001,52.77977166748905,38.30134872485095,9108.112039234002,0.02530031122009445,1.3496126310823128e-14,0.0,1.566889385475188,309.9689333146842,2.9134814499752957,299366.4322478326,
A,1.5,3.0,0.25,100,0.1,piston,10232.057470295022,10132.5,99.55747029502163,1.0098255583809546,176.71458676442586,21.27852706936164,40.53700398588819,0.1182688918426772,False,none,1027.0736549994292,175.9325722249635,851.1410827744656,102707.36549994293,0.28529823749984146,1.3690915762731917e-14,0.0,1.566889385475188,1033.2297777156139,2.9134814499752957,997888.1074927754,
A,1.5,3.0,0.25,100,0.1,streamlined,10232.057470295022,10132.5,99.55747029502163,1.0098255583809546,176.71458676442586,21.27852706936164,40.53700398588819,0.1182688918426772,False,none,303.6037346411333,175.9325722249635,127.67116241616984,30360.37346411333,0.08433437073364815,1.3690915762731917e-14,0.0,1.566889385475188,1033.2297777156139,2.9134814499752957,997888.1074927754,
A,1.5,3.0,0.25,150,0.001,piston,103.56701414484564,101.325,2.2420141448456405,1.0221269592385456,265.0718801466388,0.3191779060404246,60.59551521954858,0.17709674315671367,False,none,23.112640393689425,3.96196603126395,19.150674362425477,3466.896059053414,0.0064201778871359515,1.565272381409899e-15,0.0,1.1113585006373248,15.498446665734207,2.9134814499752957,14968.321612391634,
A,1.5,3.0,0.25,150,0.001,streamlined,103.56701414484564,101.325,2.2420141448456405,1.0221269592385456,265.0718801466388,0.3191779060404246,60.59551521954858,0.17709674315671367,False,none,6.834567185627771,3.96196603126395,2.8726011543638212,1025.1850778441656,0.001898490884896603,1.565272381409899e-15,0.0,1.1113585006373248,15.498446665734207,2.9134814499752957,14968.321612391634,
A,1.5,3.0,0.25,150,0.003,piston,310.70104243453693,303.975,6.726042434536907,1.0221269592385456,265.0718801466388,0.957533718121274,60.59551521954858,0.17709674315671367,False,none,69.33792118106825,11.885898093791825,57.45202308727643,10400.688177160238,0.01926053366140785,1.5072993302465693e-15,1.2753133932274053e-16,1.1113585006373248,46.49533999720263,2.9134814499752957,44904.9648371749,
A,1.5,3.0,0.25,150,0.003,streamlined,310.70104243453693,303.975,6.726042434536907,1.0221269592385456,265.0718801466388,0.957533718121274,60.59551521954858,0.17709674315671367,False,none,20.50370155688329,11.885898093791825,8.617803463091464,3075.5552335324933,0.005695472654689802,1.5072993302465693e-15,1.2753133932274053e-16,1.1113585006373248,46.49533999720263,2.9134814499752957,44904.9648371749,
A,1.5,3.0,0.25,150,0.01,piston,1035.6701414484564,1013.25,22.420141448456434,1.0221269592385458,265.0718801466388,3.1917790604042464,60.59551521954858,0.17709674315671367,False,none,231.12640393689435,39.61966031263955,191.5067436242548,34668.96059053415,0.06420177887135954,1.5304885507119012e-15,0.0,1.1113585006373248,154.98446665734207,2.9134814499752957,149683.2161239163,
A,1.5,3.0,0.25,150,0.01,streamlined,1035.6701414484564,1013.25,22.420141448456434,1.0221269592385458,265.0718801466388,3.1917790604042464,60.59551521954858,0.17709674315671367,False,none,68.34567185627776,39.61966031263955,28.726011543638215,10251.850778441663,0.018984908848966045,1.5304885507119012e-15,0.0,1.1113585006373248,154.98446665734207,2.9134814499752957,149683.2161239163,
A,1.5,3.0,0.25,150,0.03,piston,3107.0104243453693,3039.75,67.2604243453693,1.0221269592385458,265.0718801466388,9.57533718121274,60.59551521954858,0.17709674315671367,False,none,693.3792118106829,118.85898093791864,574.5202308727643,104006.88177160244,0.19260533661407858,1.2985963460585826e-15,0.0,1.1113585006373248,464.95339997202626,2.9134814499752957,449049.648371749,
A,1.5,3.0,0.25,150,0.03,streamlined,3107.0104243453693,3039.75,67.2604243453693,1.0221269592385458,265.0718801466388,9.57533718121274,60.59551521954858,0.17709674315671367,False,none,205.03701556883328,118.85898093791864,86.17803463091464,30755.552335324992,0.056954726546898135,1.2985963460585826e-15,0.0,1.1113585006373248,464.95339997202626,2.9134814499752957,449049.648371749,
A,1.5,3.0,0.25,150,0.1,piston,10356.701414484567,10132.5,224.20141448456707,1.022126959238546,265.0718801466388,31.917790604042466,60.59551521954858,0.17709674315671367,False,none,2311.264039368948,396.1966031264003,1915.067436242548,346689.6059053422,0.6420177887135967,1.0908209306892095e-14,1.2243008574982901e-16,1.1113585006373248,1549.844666573421,2.9134814499752957,1496832.1612391633,
A,1.5,3.0,0.25,150,0.1,streamlined,10356.701414484567,10132.5,224.20141448456707,1.022126959238546,265.0718801466388,31.917790604042466,60.59551521954858,0.17709674315671367,False,none,683.4567185627825,396.1966031264003,287.26011543638214,102518.50778441738,0.1898490884896618,1.0908209306892095e-14,1.2243008574982901e-16,1.1113585006373248,1549.844666573421,2.9134814499752957,1496832.1612391633,
A,1.5,3.0,0.25,200,0.001,piston,105.31572748895896,101.325,3.990727488958953,1.0393854180997677,353.4291735288517,0.4255705413872328,80.40842744414837,0.23556484921965157,False,none,41.097840901986785,7.052197591008163,34.045643310978626,8219.568180397357,0.011416066917218552,3.3914234930547814e-15,1.6120767498995115e-16,0.9071426035812019,20.664595554312275,2.9134814499752957,19957.76214985551,kantrowitz_limit;nonlinear_acoustic_pulse
A,1.5,3.0,0.25,200,0.001,streamlined,105.31572748895896,101.325,3.990727488958953,1.0393854180997677,353.4291735288517,0.4255705413872328,80.40842744414837,0.23556484921965157,False,none,12.159044087654957,7.052197591008163,5.106846496646794,2431.8088175309913,0.0033775122465708215,3.3914234930547814e-15,1.6120767498995115e-16,0.9071426035812019,20.664595554312275,2.9134814499752957,19957.76214985551,kantrowitz_limit;nonlinear_acoustic_pulse
A,1.5,3.0,0.25,200,0.003,piston,315.9471824668769,303.975,11.972182466876859,1.0393854180997677,353.4291735288517,1.2767116241616985,80.40842744414837,0.23556484921965157,False,none,123.29352270596037,21.15659277302449,102.13692993293589,24658.704541192074,0.03424820075165566,3.304463916309787e-15,2.149435666532682e-16,0.9071426035812019,61.993786662936834,2.9134814499752957,59873.286449566534,kantrowitz_limit;nonlinear_acoustic_pulse
A,1.5,3.0,0.25,200,0.003,streamlined,315.9471824668769,303.975,11.972182466876859,1.0393854180997677,353.4291735288517,1.2767116241616985,80.40842744414837,0.23556484921965157,False,none,36.47713226296487,21.15659277302449,15.320539489940382,7295.426452592975,0.010132536739712464,3.304463916309787e-15,2.149435666532682e-16,0.9071426035812019,61.993786662936834,2.9134814499752957,59873.286449566534,kantrowitz_limit;nonlinear_acoustic_pulse
A,1.5,3.0,0.25,200,0.01,piston,1053.1572748895896,1013.25,39.907274889589644,1.0393854180997677,353.4291735288517,4.255705413872328,80.40842744414837,0.23556484921965157,False,none,410.97840901986814,70.52197591008182,340.4564331097863,82195.68180397362,0.11416066917218559,3.547950731195771e-15,1.2896613999196055e-16,0.9071426035812018,206.64595554312277,2.9134814499752957,199577.6214985551,kantrowitz_limit;nonlinear_acoustic_pulse
A,1.5,3.0,0.25,200,0.01,streamlined,1053.1572748895896,1013.25,39.907274889589644,1.0393854180997677,353.4291735288517,4.255705413872328,80.40842744414837,0.23556484921965157,False,none,121.59044087654976,70.52197591008182,51.068464966467936,24318.088175309953,0.03377512246570827,3.547950731195771e-15,1.2896613999196055e-16,0.9071426035812018,206.64595554312277,2.9134814499752957,199577.6214985551,kantrowitz_limit;nonlinear_acoustic_pulse
A,1.5,3.0,0.25,200,0.03,piston,3159.4718246687685,3039.75,119.72182466876848,1.0393854180997675,353.4291735288517,12.767116241616986,80.40842744414837,0.23556484921965157,False,none,1232.9352270596034,211.56592773024468,1021.3692993293588,246587.0454119207,0.3424820075165565,3.200112424215793e-15,1.7195485332261474e-16,0.9071426035812019,619.9378666293684,2.9134814499752957,598732.8644956652,kantrowitz_limit;nonlinear_acoustic_pulse
A,1.5,3.0,0.25,200,0.03,streamlined,3159.4718246687685,3039.75,119.72182466876848,1.0393854180997675,353.4291735288517,12.767116241616986,80.40842744414837,0.23556484921965157,False,none,364.77132262964847,211.56592773024468,153.2053948994038,72954.2645259297,0.10132536739712457,3.200112424215793e-15,1.7195485332261474e-16,0.9071426035812019,619.9378666293684,2.9134814499752957,598732.8644956652,kantrowitz_limit;nonlinear_acoustic_pulse
A,1.5,3.0,0.25,200,0.1,piston,10531.572748895895,10132.5,399.0727488958946,1.0393854180997675,353.4291735288517,42.55705413872328,80.40842744414837,0.23556484921965157,False,none,4109.784090198677,705.219759100815,3404.5643310978626,821956.8180397354,1.1416066917218548,3.3392477470077847e-15,0.0,0.907142603581202,2066.4595554312277,2.9134814499752957,1995776.2149855508,kantrowitz_limit;nonlinear_acoustic_pulse
A,1.5,3.0,0.25,200,0.1,streamlined,10531.572748895895,10132.5,399.0727488958946,1.0393854180997675,353.4291735288517,42.55705413872328,80.40842744414837,0.23556484921965157,False,none,1215.9044087654943,705.219759100815,510.68464966467934,243180.88175309886,0.33775122465708174,3.3392477470077847e-15,0.0,0.907142603581202,2066.4595554312277,2.9134814499752957,1995776.2149855508,kantrowitz_limit;nonlinear_acoustic_pulse
A,1.5,3.0,0.25,250,0.001,piston,107.5704520396183,101.325,6.2454520396183,1.0616378192905829,441.7864669110647,0.531963176734041,99.90404630932503,0.29356633249722913,False,none,64.23294243678599,11.036624763381885,53.1963176734041,16058.235609196498,0.017842484010218332,0.0,0.0,0.8064063618202466,25.830744442890346,2.9134814499752957,24947.202687319386,kantrowitz_limit;nonlinear_acoustic_pulse
A,1.5,3.0,0.25,250,0.001,streamlined,107.5704520396183,101.325,6.2454520396183,1.0616378192905829,441.7864669110647,0.531963176734041,99.90404630932503,0.29356633249722913,False,none,19.0160724143925,11.036624763381885,7.979447651010615,4754.018103598125,0.00528224233733125,0.0,0.0,0.8064063618202466,25.830744442890346,2.9134814499752957,24947.202687319386,kantrowitz_limit;nonlinear_acoustic_pulse
A,1.5,3.0,0.25,250,0.003,piston,322.71135611885495,303.975,18.73635611885493,1.0616378192905829,441.7864669110647,1.5958895302021232,99.90404630932503,0.29356633249722913,False,none,192.69882731035804,33.109874290145704,159.58895302021233,48174.70682758951,0.05352745203065501,0.0,2.1975189487049564e-16,0.8064063618202466,77.49223332867105,2.9134814499752957,74841.60806195815,kantrowitz_limit;nonlinear_acoustic_pulse
A,1.5,3.0,0.25,250,0.003,streamlined,322.71135611885495,303.975,18.73635611885493,1.0616378192905829,441.7864669110647,1.5958895302021232,99.90404630932503,0.29356633249722913,False,none,57.048217243177554,33.109874290145704,23.93834295303185,14262.054310794389,0.015846727011993765,0.0,2.1975189487049564e-16,0.8064063618202466,77.49223332867105,2.9134814499752957,74841.60806195815,kantrowitz_limit;nonlinear_acoustic_pulse
A,1.5,3.0,0.25,250,0.01,piston,1075.704520396183,1013.25,62.45452039618294,1.0616378192905827,441.7864669110647,5.31963176734041,99.90404630932503,0.29356633249722913,False,none,642.3294243678597,110.36624763381876,531.963176734041,160582.35609196493,0.17842484010218326,0.0,0.0,0.8064063618202467,258.30744442890347,2.9134814499752957,249472.02687319386,kantrowitz_limit;nonlinear_acoustic_pulse
A,1.5,3.0,0.25,250,0.01,streamlined,1075.704520396183,1013.25,62.45452039618294,1.0616378192905827,441.7864669110647,5.31963176734041,99.90404630932503,0.29356633249722913,False,none,190.1607241439249,110.36624763381876,79.79447651010615,47540.18103598123,0.05282242337331247,0.0,0.0,0.8064063618202467,258.30744442890347,2.9134814499752957,249472.02687319386,kantrowitz_limit;nonlinear_acoustic_pulse
A,1.5,3.0,0.25,250,0.03,piston,3227.1135611885497,3039.75,187.36356118854974,1.061637819290583,441.7864669110647,15.958895302021233,99.90404630932503,0.29356633249722913,False,none,1926.9882731035812,331.09874290145785,1595.8895302021233,481747.06827589526,0.5352745203065503,3.56186426347497e-15,0.0,0.8064063618202465,774.9223332867105,2.9134814499752957,748416.0806195816,kantrowitz_limit;nonlinear_acoustic_pulse
A,1.5,3.0,0.25,250,0.03,streamlined,3227.1135611885497,3039.75,187.36356118854974,1.061637819290583,441.7864669110647,15.958895302021233,99.90404630932503,0.29356633249722913,False,none,570.4821724317763,331.09874290145785,239.38342953031847,142620.54310794408,0.1584672701199379,3.56186426347497e-15,0.0,0.8064063618202465,774.9223332867105,2.9134814499752957,748416.0806195816,kantrowitz_limit;nonlinear_acoustic_pulse
A,1.5,3.0,0.25,250,0.1,piston,10757.04520396183,10132.5,624.5452039618303,1.0616378192905829,441.7864669110647,53.1963176734041,99.90404630932503,0.29356633249722913,False,none,6423.2942436786,1103.6624763381892,5319.631767340411,1605823.56091965,1.7842484010218334,0.0,0.0,0.8064063618202465,2583.0744442890345,2.9134814499752957,2494720.2687319387,kantrowitz_limit;nonlinear_acoustic_pulse
A,1.5,3.0,0.25,250,0.1,streamlined,10757.04520396183,10132.5,624.5452039618303,1.0616378192905829,441.7864669110647,53.1963176734041,99.90404630932503,0.29356633249722913,False,none,1901.6072414392506,1103.6624763381892,797.9447651010615,475401.81035981263,0.5282242337331252,0.0,0.0,0.8064063618202465,2583.0744442890345,2.9134814499752957,2494720.2687319387,kantrowitz_limit;nonlinear_acoustic_pulse
A,1.5,3.0,0.25,300,0.001,piston,110.3360415914268,101.325,9.011041591426803,1.088932066039248,530.1437602932776,0.6383558120808492,119.01850595791781,0.3510044142689651,False,none,92.52652236116232,15.92382491146042,76.6026974497019,27757.956708348698,0.025701811766989532,2.2609489953698543e-15,0.0,0.7607385864370881,30.996893331468414,2.9134814499752957,29936.643224783267,kantrowitz_limit;nonlinear_acoustic_pulse
A,1.5,3.0,0.25,300,0.001,streamlined,110.3360415914268,101.325,9.011041591426803,1.088932066039248,530.1437602932776,0.6383558120808492,119.01850595791781,0.3510044142689651,False,none,27.414229528915705,15.92382491146042,11.490404617455285,8224.268858674712,0.007615063758032141,2.2609489953698543e-15,0.0,0.7607385864370881,30.996893331468414,2.9134814499752957,29936.643224783267,kantrowitz_limit;nonlinear_acoustic_pulse
A,1.5,3.0,0.25,300,0.003,piston,331.0081247742804,303.975,27.033124774280395,1.0889320660392479,530.1437602932776,1.915067436242548,119.01850595791781,0.3510044142689651,False,none,277.57956708348695,47.77147473438123,229.80809234910572,83273.87012504609,0.0771054353009686,2.087029841879865e-15,2.5384596332990126e-16,0.7607385864370881,92.99067999440526,2.9134814499752957,89809.9296743498,kantrowitz_limit;nonlinear_acoustic_pulse
A,1.5,3.0,0.25,300,0.003,streamlined,331.0081247742804,303.975,27.033124774280395,1.0889320660392479,530.1437602932776,1.915067436242548,119.01850595791781,0.3510044142689651,False,none,82.24268858674708,47.77147473438123,34.47121385236586,24672.806576024122,0.02284519127409641,2.087029841879865e-15,2.5384596332990126e-16,0.7607385864370881,92.99067999440526,2.9134814499752957,89809.9296743498,kantrowitz_limit;nonlinear_acoustic_pulse
A,1.5,3.0,0.25,300,0.01,piston,1103.360415914268,1013.25,90.11041591426806,1.088932066039248,530.1437602932776,6.383558120808493,119.01850595791781,0.3510044142689651,False,none,925.2652236116235,159.23824911460423,766.0269744970192,277579.56708348705,0.2570181176698954,2.0870298418798653e-15,1.523075779979406e-16,0.7607385864370881,309.96893331468414,2.9134814499752957,299366.4322478326,kantrowitz_limit;nonlinear_acoustic_pulse
A,1.5,3.0,0.25,300,0.01,streamlined,1103.360415914268,1013.25,90.11041591426806,1.088932066039248,530.1437602932776,6.383558120808493,119.01850595791781,0.3510044142689651,False,none,274.1422952891571,159.23824911460423,114.90404617455286,82242.68858674713,0.07615063758032142,2.0870298418798653e-15,1.523075779979406e-16,0.7607385864370881,309.96893331468414,2.9134814499752957,299366.4322478326,kantrowitz_limit;nonlinear_acoustic_pulse
A,1.5,3.0,0.25,300,0.03,piston,3310.081247742805,3039.75,270.33124774280486,1.0889320660392483,530.1437602932776,19.15067436242548,119.01850595791781,0.3510044142689651,False,none,2775.795670834871,477.71474734381394,2298.080923491057,832738.7012504613,0.7710543530096864,2.226165164671856e-15,0.0,0.760738586437088,929.9067999440525,2.9134814499752957,898099.296743498,kantrowitz_limit;nonlinear_acoustic_pulse
A,1.5,3.0,0.25,300,0.03,streamlined,3310.081247742805,3039.75,270.33124774280486,1.0889320660392483,530.1437602932776,19.15067436242548,119.01850595791781,0.3510044142689651,False,none,822.4268858674725,477.71474734381394,344.71213852365855,246728.06576024173,0.22845191274096457,2.226165164671856e-15,0.0,0.760738586437088,929.9067999440525,2.9134814499752957,898099.296743498,kantrowitz_limit;nonlinear_acoustic_pulse
A,1.5,3.0,0.25,300,0.1,piston,11033.60415914268,10132.5,901.1041591426801,1.088932066039248,530.1437602932776,63.83558120808493,119.01850595791781,0.3510044142689651,False,none,9252.652236116233,1592.3824911460415,7660.269744970192,2775795.67083487,2.5701811766989535,2.1148569064382634e-15,2.436921247967051e-16,0.7607385864370881,3099.689333146842,2.9134814499752957,2993664.3224783265,kantrowitz_limit;nonlinear_acoustic_pulse
A,1.5,3.0,0.25,300,0.1,streamlined,11033.60415914268,10132.5,901.1041591426801,1.088932066039248,530.1437602932776,63.83558120808493,119.01850595791781,0.3510044142689651,False,none,2741.4229528915703,1592.3824911460415,1149.0404617455285,822426.8858674711,0.761506375803214,2.1148569064382634e-15,2.436921247967051e-16,0.7607385864370881,3099.689333146842,2.9134814499752957,2993664.3224783265,kantrowitz_limit;nonlinear_acoustic_pulse
A,1.5,3.0,0.25,350,0.001,piston,113.61849168872122,101.325,12.293491688721218,1.121327329767789,618.5010536754905,0.7447484474276574,137.69674624017753,0.40779374963516124,False,none,125.98917567651478,21.724393036642738,104.26478263987204,44096.21148678017,0.034996993243476326,4.472206804028283e-16,1.1961467859639555e-16,0.7502404170615414,36.163042220046485,2.9134814499752957,34926.08376224714,kantrowitz_limit;nonlinear_acoustic_pulse
A,1.5,3.0,0.25,350,0.001,streamlined,113.61849168872122,101.325,12.293491688721218,1.121327329767789,618.5010536754905,0.7447484474276574,137.69674624017753,0.40779374963516124,False,none,37.36411043262354,21.724393036642738,15.639717395980805,13077.438651418239,0.01037891956461765,4.472206804028283e-16,1.1961467859639555e-16,0.7502404170615414,36.163042220046485,2.9134814499752957,34926.08376224714,kantrowitz_limit;nonlinear_acoustic_pulse
A,1.5,3.0,0.25,350,0.003,piston,340.8554750661637,303.975,36.88047506616368,1.121327329767789,618.5010536754905,2.2342453422829727,137.69674624017753,0.40779374963516124,False,none,377.9675270295445,65.17317910992827,312.7943479196162,132288.63446034057,0.10499097973042902,3.975294936914029e-16,0.0,0.7502404170615413,108.48912666013946,2.9134814499752957,104778.25128674143,kantrowitz_limit;nonlinear_acoustic_pulse
A,1.5,3.0,0.25,350,0.003,streamlined,340.8554750661637,303.975,36.88047506616368,1.121327329767789,618.5010536754905,2.2342453422829727,137.69674624017753,0.40779374963516124,False,none,112.09233129787069,65.17317910992827,46.91915218794242,39232.315954254744,0.03113675869385297,3.975294936914029e-16,0.0,0.7502404170615413,108.48912666013946,2.9134814499752957,104778.25128674143,kantrowitz_limit;nonlinear_acoustic_pulse
A,1.5,3.0,0.25,350,0.01,piston,1136.1849168872122,1013.25,122.93491688721224,1.121327329767789,618.5010536754905,7.447484474276574,137.69674624017753,0.40779374963516124,False,none,1259.891756765148,217.2439303664275,1042.6478263987206,440962.11486780184,0.3499699324347634,5.962942405371044e-16,1.9138348575423278e-16,0.7502404170615414,361.63042220046486,2.9134814499752957,349260.8376224714,kantrowitz_limit;nonlinear_acoustic_pulse
A,1.5,3.0,0.25,350,0.01,streamlined,1136.1849168872122,1013.25,122.93491688721224,1.121327329767789,618.5010536754905,7.447484474276574,137.69674624017753,0.40779374963516124,False,none,373.64110432623556,217.2439303664275,156.39717395980807,130774.38651418245,0.10378919564617654,5.962942405371044e-16,1.9138348575423278e-16,0.7502404170615414,361.63042220046486,2.9134814499752957,349260.8376224714,kantrowitz_limit;nonlinear_acoustic_pulse
A,1.5,3.0,0.25,350,0.03,piston,3408.554750661635,3039.75,368.8047506616349,1.1213273297677884,618.5010536754905,22.342453422829724,137.69674624017708,0.4077937496351599,False,none,3779.6752702954404,651.7317910992792,3127.943479196161,1322886.3446034042,1.049909797304289,0.0,1.2758899050282248e-16,0.7502404170615414,1084.8912666013946,2.9134814499752957,1047782.5128674144,kantrowitz_limit;nonlinear_acoustic_pulse
A,1.5,3.0,0.25,350,0.03,streamlined,3408.554750661635,3039.75,368.8047506616349,1.1213273297677884,618.5010536754905,22.342453422829724,137.69674624017708,0.4077937496351599,False,none,1120.9233129787035,651.7317910992792,469.19152187942416,392323.1595425462,0.31136758693852873,0.0,1.2758899050282248e-16,0.7502404170615414,1084.8912666013946,2.9134814499752957,1047782.5128674144,kantrowitz_limit;nonlinear_acoustic_pulse
A,1.5,3.0,0.25,350,0.1,piston,11361.849168872119,10132.5,1229.3491688721188,1.1213273297677886,618.5010536754905,74.47484474276574,137.69674624017753,0.40779374963516124,False,none,12598.917567651473,2172.4393036642687,10426.478263987205,4409621.148678016,3.4996993243476315,3.8162831394374686e-16,0.0,0.7502404170615413,3616.3042220046486,2.9134814499752957,3492608.3762247143,kantrowitz_limit;nonlinear_acoustic_pulse
A,1.5,3.0,0.25,350,0.1,streamlined,11361.849168872119,10132.5,1229.3491688721188,1.1213273297677886,618.5010536754905,74.47484474276574,137.69674624017753,0.40779374963516124,False,none,3736.4110432623493,2172.4393036642687,1563.9717395980804,1307743.8651418223,1.0378919564617637,3.8162831394374686e-16,0.0,0.7502404170615413,3616.3042220046486,2.9134814499752957,3492608.3762247143,kantrowitz_limit;nonlinear_acoustic_pulse
