experiment,pod_diameter_m,tube_diameter_m,blockage_ratio,speed_m_s,pressure_atm,shape,pressure_front_pa,pressure_rear_pa,pressure_difference_pa,pressure_ratio,displaced_volume_flow_m3_s,mass_flow_kg_s,max_gas_velocity_m_s,max_mach,choked,choking_location,drag_n,pressure_drag_n,shape_drag_n,power_w,energy_kwh_per_vehicle_km,mass_conservation_relative_error,power_conservation_relative_error,kantrowitz_capacity_ratio,acoustic_overpressure_pa,acoustic_transit_s_per_km,reynolds_gap,flags,bypass_area_m2,required_bypass_area_for_target_m2,target_relative_pressure_difference
B,1.5,1.7,0.7785467128027683,50,0.001,piston,129.54658486821495,101.325,28.221584868214947,1.278525387300419,88.35729338221293,0.1063926353468082,199.8344265696797,0.603013117619777,False,none,51.99950978517395,49.87165707823778,2.127852706936164,2599.9754892586975,0.01444430827365943,0.0,0.0,0.8909926288166348,16.088352940208523,2.9134814499752957,665.2587383285169,kantrowitz_limit;low_reynolds_or_rarefaction_check,0.0,0.7677107406421214,0.05
B,1.5,1.7,0.7785467128027683,50,0.001,piston,121.66479649332626,101.325,20.33979649332626,1.2007381839953246,88.35729338221293,0.1063926353468082,173.1963628419667,0.5179654418834118,False,none,38.07124002884285,35.943387321906684,2.127852706936164,1903.5620014421424,0.010575344452456347,2.6087873023498317e-16,0.0,0.8909926288166348,16.088352940208523,2.9134814499752957,665.2587383285169,kantrowitz_limit;low_reynolds_or_rarefaction_check,0.1,0.7677107406421214,0.05
B,1.5,1.7,0.7785467128027683,50,0.001,piston,114.85727410030952,101.325,13.532274100309522,1.1335531616117396,88.35729338221293,0.1063926353468082,143.95808937598082,0.4269979053130922,False,none,26.041354963127564,23.9135022561914,2.127852706936164,1302.0677481563782,0.007233709711979879,0.0,0.0,0.8909926288166348,16.088352940208523,2.9134814499752957,665.2587383285169,kantrowitz_limit;low_reynolds_or_rarefaction_check,0.25,0.7677107406421214,0.05
B,1.5,1.7,0.7785467128027683,50,0.001,piston,109.25222674755462,101.325,7.927226747554613,1.0782356451769515,88.35729338221293,0.1063926353468082,111.98988526746092,0.32981047163923277,False,none,16.136418695756337,14.008565988820171,2.127852706936164,806.8209347878169,0.004482338526598982,5.217574604699663e-16,0.0,0.8909926288166348,16.088352940208523,2.9134814499752957,665.2587383285169,kantrowitz_limit;low_reynolds_or_rarefaction_check,0.5,0.7677107406421214,0.05
B,1.5,1.7,0.7785467128027683,50,0.001,piston,105.00139414021939,101.325,3.6763941402193865,1.0362831891460091,88.35729338221293,0.1063926353468082,77.25127882083406,0.22621903338553778,False,none,8.62457741965642,6.496724712720256,2.127852706936164,431.22887098282104,0.0023957159499045613,2.3479085721148487e-15,1.7499100354217408e-16,0.8909926288166348,16.088352940208523,2.9134814499752957,665.2587383285169,kantrowitz_limit;low_reynolds_or_rarefaction_check,1.0,0.7677107406421214,0.05
B,1.5,1.7,0.7785467128027683,50,0.001,piston,103.43912660462671,101.325,2.114126604626705,1.0208648073488942,88.35729338221293,0.1063926353468082,58.86534894943043,0.17200978625905936,False,none,5.863822799979033,3.735970093042869,2.127852706936164,293.19113999895166,0.0016288396666608426,4.6958171442296974e-15,0.0,0.8909926288166348,16.088352940208523,2.9134814499752957,665.2587383285169,kantrowitz_limit;low_reynolds_or_rarefaction_check,1.5,0.7677107406421214,0.05
B,1.5,1.7,0.7785467128027683,50,0.001,piston,102.69644717050248,101.325,1.3714471705024778,1.0135351312164074,88.35729338221293,0.1063926353468082,47.521670274086375,0.13871967710139643,False,none,4.551399906982029,2.4235472000458644,2.127852706936164,227.56999534910145,0.0012642777519394526,6.782846986109563e-15,0.0,0.8909926288166348,16.088352940208523,2.9134814499752957,665.2587383285169,kantrowitz_limit;low_reynolds_or_rarefaction_check,2.0,0.7677107406421214,0.05
B,1.5,1.7,0.7785467128027683,50,0.001,piston,102.03578777746448,101.325,0.7107877774644749,1.0070149299527706,88.35729338221293,0.1063926353468082,34.282632089644345,0.09998160787039787,False,none,3.383918390654558,1.2560656837183937,2.127852706936164,169.1959195327279,0.0009399773307373772,8.739437462871936e-15,1.1313783108167485e-16,0.8909926288166348,16.088352940208523,2.9134814499752957,665.2587383285169,kantrowitz_limit;low_reynolds_or_rarefaction_check,3.0,0.7677107406421214,0.05
B,1.5,1.7,0.7785467128027683,50,0.001,piston,101.7588009141264,101.325,0.4338009141263939,1.00428128215274,88.35729338221293,0.1063926353468082,26.80582190476308,0.07814594327540561,False,none,2.894442199714923,0.7665894927787589,2.127852706936164,144.72210998574616,0.0008040117221430342,9.130755558224412e-16,1.8537763495413994e-16,0.8909926288166348,16.088352940208523,2.9134814499752957,665.2587383285169,kantrowitz_limit;low_reynolds_or_rarefaction_check,4.0,0.7677107406421214,0.05
B,1.5,1.7,0.7785467128027683,50,0.003,piston,388.63975460464485,303.975,84.66475460464483,1.2785253873004188,88.35729338221293,0.3191779060404246,199.8344265696797,0.603013117619777,False,none,155.9985293555218,149.61497123471332,6.383558120808493,7799.92646777609,0.04333292482097828,0.0,0.0,0.890992628816635,48.265058820625576,2.9134814499752957,1995.7762149855505,kantrowitz_limit;low_reynolds_or_rarefaction_check,0.0,0.7677107406421215,0.05
B,1.5,1.7,0.7785467128027683,50,0.003,piston,364.9943894799789,303.975,61.019389479978884,1.2007381839953248,88.35729338221293,0.3191779060404246,173.1963628419667,0.5179654418834118,False,none,114.21372008652872,107.83016196572024,6.383558120808493,5710.686004326436,0.03172603335736909,5.217574604699663e-16,0.0,0.890992628816635,48.265058820625576,2.9134814499752957,1995.7762149855505,kantrowitz_limit;low_reynolds_or_rarefaction_check,0.1,0.7677107406421215,0.05
B,1.5,1.7,0.7785467128027683,50,0.003,piston,344.57182230092855,303.975,40.59682230092852,1.1335531616117396,88.35729338221293,0.3191779060404246,143.9580893759804,0.4269979053130909,False,none,78.12406488938261,71.74050676857412,6.383558120808493,3906.2032444691304,0.021701129135939613,0.0,0.0,0.890992628816635,48.265058820625576,2.9134814499752957,1995.7762149855505,kantrowitz_limit;low_reynolds_or_rarefaction_check,0.25,0.7677107406421215,0.05
B,1.5,1.7,0.7785467128027683,50,0.003,piston,327.7566802426639,303.975,23.781680242663867,1.0782356451769517,88.35729338221293,0.3191779060404246,111.98988526746092,0.32981047163923277,False,none,48.40925608726906,42.02569796646056,6.383558120808493,2420.462804363453,0.01344701557979696,6.956766139599551e-16,0.0,0.890992628816635,48.265058820625576,2.9134814499752957,1995.7762149855505,kantrowitz_limit;low_reynolds_or_rarefaction_check,0.5,0.7677107406421215,0.05
B,1.5,1.7,0.7785467128027683,50,0.003,piston,315.0041824206582,303.975,11.029182420658174,1.0362831891460094,88.35729338221293,0.3191779060404246,77.25127882083406,0.22621903338553778,False,none,25.873732258969284,19.490174138160793,6.383558120808493,1293.6866129484642,0.00718714784971369,2.4348681488598428e-15,0.0,0.890992628816635,48.265058820625576,2.9134814499752957,1995.7762149855505,kantrowitz_limit;low_reynolds_or_rarefaction_check,1.0,0.7677107406421215,0.05
B,1.5,1.7,0.7785467128027683,50,0.003,piston,310.31737981388017,303.975,6.342379813880143,1.0208648073488944,88.35729338221293,0.3191779060404246,58.86534894943043,0.17200978625905936,False,none,17.59146839993715,11.207910279128656,6.383558120808493,879.5734199968574,0.0048865189999825415,4.6958171442296974e-15,0.0,0.890992628816635,48.265058820625576,2.9134814499752957,1995.7762149855505,kantrowitz_limit;low_reynolds_or_rarefaction_check,1.5,0.7677107406421215,0.05
B,1.5,1.7,0.7785467128027683,50,0.003,piston,308.0893415115074,303.975,4.114341511507405,1.0135351312164074,88.35729338221293,0.3191779060404246,47.521670274086375,0.13871967710139643,False,none,13.654199720946036,7.270641600137544,6.383558120808493,682.7099860473018,0.0037928332558183433,6.782846986109563e-15,0.0,0.890992628816635,48.265058820625576,2.9134814499752957,1995.7762149855505,kantrowitz_limit;low_reynolds_or_rarefaction_check,2.0,0.7677107406421215,0.05
B,1.5,1.7,0.7785467128027683,50,0.003,piston,306.10736333239345,303.975,2.1323633323934246,1.0070149299527706,88.35729338221293,0.3191779060404246,34.282632089644345,0.09998160787039787,False,none,10.151755171963673,3.7681970511551808,6.383558120808493,507.58775859818365,0.0028199319922121314,8.869876827989428e-15,0.0,0.890992628816635,48.265058820625576,2.9134814499752957,1995.7762149855505,kantrowitz_limit;low_reynolds_or_rarefaction_check,3.0,0.7677107406421215,0.05
B,1.5,1.7,0.7785467128027683,50,0.003,piston,305.2764027423792,303.975,1.3014027423791958,1.0042812821527403,88.35729338221293,0.3191779060404246,26.80582190476308,0.07814594327540561,False,none,8.683326599144795,2.2997684783363015,6.383558120808493,434.1663299572398,0.00241203516642911,1.0435149209399327e-15,0.0,0.890992628816635,48.265058820625576,2.9134814499752957,1995.7762149855505,kantrowitz_limit;low_reynolds_or_rarefaction_check,4.0,0.7677107406421215,0.05
B,1.5,1.7,0.7785467128027683,50,0.01,piston,1295.4658486821495,1013.25,282.2158486821495,1.278525387300419,88.35729338221293,1.063926353468082,199.8344265696797,0.603013117619777,False,none,519.9950978517395,498.71657078237786,21.278527069361644,25999.754892586974,0.1444430827365943,0.0,1.4589364060570577e-16,0.8909926288166349,160.88352940208523,2.9134814499752957,6652.5873832851685,kantrowitz_limit;low_reynolds_or_rarefaction_check,0.0,0.7677107406421276,0.05
B,1.5,1.7,0.7785467128027683,50,0.01,piston,1216.647964933263,1013.25,203.39796493326298,1.2007381839953248,88.35729338221293,1.063926353468082,173.1963628419667,0.5179654418834118,False,none,380.71240028842914,359.4338732190675,21.278527069361644,19035.620014421456,0.10575344452456364,6.261089525639596e-16,2.0242826723648497e-16,0.8909926288166349,160.88352940208523,2.9134814499752957,6652.5873832851685,kantrowitz_limit;low_reynolds_or_rarefaction_check,0.1,0.7677107406421276,0.05
B,1.5,1.7,0.7785467128027683,50,0.01,piston,1148.5727410030952,1013.25,135.3227410030952,1.1335531616117396,88.35729338221293,1.063926353468082,143.95808937598082,0.4269979053130922,False,none,260.4135496312756,239.13502256191393,21.278527069361644,13020.67748156378,0.07233709711979877,0.0,0.0,0.8909926288166349,160.88352940208523,2.9134814499752957,6652.5873832851685,kantrowitz_limit;low_reynolds_or_rarefaction_check,0.25,0.7677107406421276,0.05
B,1.5,1.7,0.7785467128027683,50,0.01,piston,1092.5222674755462,1013.25,79.27226747554619,1.0782356451769515,88.35729338221293,1.063926353468082,111.98988526746092,0.32981047163923277,False,none,161.36418695756345,140.0856598882018,21.278527069361644,8068.209347878173,0.04482338526598985,6.261089525639596e-16,0.0,0.8909926288166349,160.88352940208523,2.9134814499752957,6652.5873832851685,kantrowitz_limit;low_reynolds_or_rarefaction_check,0.5,0.7677107406421276,0.05
B,1.5,1.7,0.7785467128027683,50,0.01,piston,1050.013941402194,1013.25,36.76394140219395,1.0362831891460094,88.35729338221293,1.063926353468082,77.25127882083406,0.22621903338553778,False,none,86.24577419656435,64.96724712720271,21.278527069361644,4312.288709828218,0.023957159499045654,2.295732826067852e-15,0.0,0.8909926288166349,160.88352940208523,2.9134814499752957,6652.5873832851685,kantrowitz_limit;low_reynolds_or_rarefaction_check,1.0,0.7677107406421276,0.05
B,1.5,1.7,0.7785467128027683,50,0.01,piston,1034.3912660462672,1013.25,21.14126604626722,1.0208648073488944,88.35729338221293,1.063926353468082,58.86534894943043,0.17200978625905936,False,none,58.63822799979064,37.35970093042899,21.278527069361644,2931.9113999895317,0.01628839666660851,4.800168636323691e-15,1.2172135738808293e-16,0.8909926288166349,160.88352940208523,2.9134814499752957,6652.5873832851685,kantrowitz_limit;low_reynolds_or_rarefaction_check,1.5,0.7677107406421276,0.05
B,1.5,1.7,0.7785467128027683,50,0.01,piston,1026.9644717050248,1013.25,13.714471705024835,1.0135351312164074,88.35729338221293,1.063926353468082,47.521670274086375,0.13871967710139643,False,none,45.513999069820386,24.235472000458746,21.278527069361644,2275.699953491019,0.01264277751939455,6.887198478203556e-15,0.0,0.8909926288166349,160.88352940208523,2.9134814499752957,6652.5873832851685,kantrowitz_limit;low_reynolds_or_rarefaction_check,2.0,0.7677107406421276,0.05
B,1.5,1.7,0.7785467128027683,50,0.01,piston,1020.3578777746447,1013.25,7.107877774644749,1.0070149299527706,88.35729338221293,1.063926353468082,34.282632089644345,0.09998160787039787,False,none,33.83918390654558,12.560656837183936,21.278527069361644,1691.9591953272788,0.009399773307373772,8.765525335895435e-15,0.0,0.8909926288166349,160.88352940208523,2.9134814499752957,6652.5873832851685,kantrowitz_limit;low_reynolds_or_rarefaction_check,3.0,0.7677107406421276,0.05
B,1.5,1.7,0.7785467128027683,50,0.01,piston,1017.5880091412637,1013.25,4.338009141263683,1.0042812821527398,88.35729338221293,1.063926353468082,26.80582190476308,0.07814594327540561,False,none,28.94442199714878,7.665894927787137,21.278527069361644,1447.221099857439,0.008040117221430217,8.348119367519462e-16,0.0,0.8909926288166349,160.88352940208523,2.9134814499752957,6652.5873832851685,kantrowitz_limit;low_reynolds_or_rarefaction_check,4.0,0.7677107406421276,0.05
B,1.5,1.7,0.7785467128027683,50,0.03,piston,3886.39754604645,3039.75,846.6475460464499,1.2785253873004194,88.35729338221293,3.1917790604042464,199.8344265696797,0.603013117619777,False,none,1559.985293555221,1496.149712347136,63.835581208084925,77999.26467776105,0.43332924820978364,2.78270645583982e-16,0.0,0.8909926288166348,482.65058820625575,2.9134814499752957,19957.7621498555,kantrowitz_limit,0.0,0.7677107406421217,0.05
B,1.5,1.7,0.7785467128027683,50,0.03,piston,3649.9438947997887,3039.75,610.1938947997887,1.2007381839953248,88.35729338221293,3.1917790604042464,173.1963628419667,0.5179654418834118,False,none,1142.137200865287,1078.301619657202,63.835581208084925,57106.86004326435,0.3172603335736908,5.56541291167964e-16,0.0,0.8909926288166348,482.65058820625575,2.9134814499752957,19957.7621498555,kantrowitz_limit,0.1,0.7677107406421217,0.05
B,1.5,1.7,0.7785467128027683,50,0.03,piston,3445.718223009286,3039.75,405.9682230092858,1.1335531616117398,88.35729338221293,3.1917790604042464,143.95808937598082,0.4269979053130922,False,none,781.2406488938271,717.4050676857422,63.835581208084925,39062.03244469136,0.21701129135939642,0.0,0.0,0.8909926288166348,482.65058820625575,2.9134814499752957,19957.7621498555,kantrowitz_limit,0.25,0.7677107406421217,0.05
B,1.5,1.7,0.7785467128027683,50,0.03,piston,3277.5668024266383,3039.75,237.81680242663833,1.0782356451769515,88.35729338221293,3.1917790604042464,111.98988526746092,0.32981047163923277,False,none,484.09256087268994,420.256979664605,63.835581208084925,24204.628043634497,0.13447015579796942,4.1740596837597304e-16,0.0,0.8909926288166348,482.65058820625575,2.9134814499752957,19957.7621498555,kantrowitz_limit,0.5,0.7677107406421217,0.05
B,1.5,1.7,0.7785467128027683,50,0.03,piston,3150.0418242065816,3039.75,110.29182420658162,1.0362831891460091,88.35729338221293,3.1917790604042464,77.25127882083406,0.22621903338553778,False,none,258.73732258969267,194.90174138160774,63.835581208084925,12936.866129484633,0.07187147849713685,2.226165164671856e-15,0.0,0.8909926288166348,482.65058820625575,2.9134814499752957,19957.7621498555,kantrowitz_limit,1.0,0.7677107406421217,0.05
B,1.5,1.7,0.7785467128027683,50,0.03,piston,3103.1737981388014,3039.75,63.42379813880143,1.0208648073488944,88.35729338221293,3.1917790604042464,58.86534894943043,0.17200978625905936,False,none,175.9146839993715,112.07910279128657,63.835581208084925,8795.734199968576,0.04886518999982542,4.591465652135703e-15,0.0,0.8909926288166348,482.65058820625575,2.9134814499752957,19957.7621498555,kantrowitz_limit,1.5,0.7677107406421217,0.05
B,1.5,1.7,0.7785467128027683,50,0.03,piston,3080.8934151150743,3039.75,41.143415115074276,1.0135351312164074,88.35729338221293,3.1917790604042464,47.521670274086375,0.13871967710139643,False,none,136.54199720946076,72.70641600137584,63.835581208084925,6827.099860473038,0.03792833255818354,6.678495494015569e-15,1.2509139520172714e-16,0.8909926288166348,482.65058820625575,2.9134814499752957,19957.7621498555,kantrowitz_limit,2.0,0.7677107406421217,0.05
B,1.5,1.7,0.7785467128027683,50,0.03,piston,3061.0736333239342,3039.75,21.323633323934246,1.0070149299527706,88.35729338221293,3.1917790604042464,34.282632089644345,0.09998160787039787,False,none,101.51755171963674,37.68197051155181,63.835581208084925,5075.877585981837,0.028199319922121317,8.626390013103444e-15,0.0,0.8909926288166348,482.65058820625575,2.9134814499752957,19957.7621498555,kantrowitz_limit,3.0,0.7677107406421217,0.05
B,1.5,1.7,0.7785467128027683,50,0.03,piston,3052.764027423791,3039.75,13.014027423791049,1.0042812821527398,88.35729338221293,3.1917790604042464,26.80582190476308,0.07814594327540561,False,none,86.83326599144632,22.997684783361407,63.835581208084925,4341.663299572317,0.024120351664290645,5.56541291167964e-16,1.9773614395109424e-16,0.8909926288166348,482.65058820625575,2.9134814499752957,19957.7621498555,kantrowitz_limit,4.0,0.7677107406421217,0.05
B,1.5,1.7,0.7785467128027683,50,0.1,piston,12954.658486821494,10132.5,2822.158486821494,1.2785253873004188,88.35729338221293,10.63926353468082,199.8344265696797,0.603013117619777,False,none,5199.950978517393,4987.165707823777,212.7852706936164,259997.54892586966,1.4444308273659425,0.0,1.1671491248456464e-16,0.8909926288166348,1608.8352940208524,2.9134814499752957,66525.87383285168,kantrowitz_limit,0.0,0.7677107406421217,0.05
B,1.5,1.7,0.7785467128027683,50,0.1,piston,12166.479649332628,10132.5,2033.9796493326285,1.2007381839953248,88.35729338221293,10.63926353468082,173.1963628419667,0.5179654418834118,False,none,3807.124002884289,3594.3387321906725,212.7852706936164,190356.20014421444,1.057534445245636,5.008871620511677e-16,0.0,0.8909926288166348,1608.8352940208524,2.9134814499752957,66525.87383285168,kantrowitz_limit,0.1,0.7677107406421217,0.05
B,1.5,1.7,0.7785467128027683,50,0.1,piston,11485.727410030951,10132.5,1353.2274100309514,1.1335531616117396,88.35729338221293,10.63926353468082,143.9580893759804,0.4269979053130909,False,none,2604.135496312755,2391.3502256191387,212.7852706936164,130206.77481563775,0.7233709711979875,0.0,1.2170459243040615e-16,0.8909926288166348,1608.8352940208524,2.9134814499752957,66525.87383285168,kantrowitz_limit,0.25,0.7677107406421217,0.05
B,1.5,1.7,0.7785467128027683,50,0.1,piston,10925.222674755461,10132.5,792.7226747554614,1.0782356451769515,88.35729338221293,10.63926353468082,111.98988526746092,0.32981047163923277,False,none,1613.6418695756338,1400.8565988820174,212.7852706936164,80682.0934787817,0.4482338526598983,5.008871620511677e-16,2.0775738558793687e-16,0.8909926288166348,1608.8352940208524,2.9134814499752957,66525.87383285168,kantrowitz_limit,0.5,0.7677107406421217,0.05
B,1.5,1.7,0.7785467128027683,50,0.1,piston,10500.139414021938,10132.5,367.63941402193814,1.0362831891460091,88.35729338221293,10.63926353468082,77.25127882083406,0.22621903338553778,False,none,862.4577419656412,649.6724712720247,212.7852706936164,43122.88709828206,0.23957159499045588,2.17051103555506e-15,0.0,0.8909926288166348,1608.8352940208524,2.9134814499752957,66525.87383285168,kantrowitz_limit,1.0,0.7677107406421217,0.05
B,1.5,1.7,0.7785467128027683,50,0.1,piston,10343.91266046267,10132.5,211.41266046267083,1.0208648073488942,88.35729338221293,10.63926353468082,58.86534894943043,0.17200978625905936,False,none,586.3822799979039,373.5970093042875,212.7852706936164,29319.113999895195,0.1628839666660844,4.674946845810898e-15,0.0,0.8909926288166348,1608.8352940208524,2.9134814499752957,66525.87383285168,kantrowitz_limit,1.5,0.7677107406421217,0.05
B,1.5,1.7,0.7785467128027683,50,0.1,piston,10269.644717050247,10132.5,137.14471705024698,1.0135351312164074,88.35729338221293,10.63926353468082,47.521670274086375,0.13871967710139643,False,none,455.1399906982015,242.35472000458506,212.7852706936164,22756.99953491007,0.12642777519394485,6.6784954940155694e-15,1.5010967424207324e-16,0.8909926288166348,1608.8352940208524,2.9134814499752957,66525.87383285168,kantrowitz_limit,2.0,0.7677107406421217,0.05
B,1.5,1.7,0.7785467128027683,50,0.1,piston,10203.578777746448,10132.5,71.0787777464484,1.0070149299527706,88.35729338221293,10.63926353468082,34.282632089644345,0.09998160787039787,False,none,338.39183906545736,125.60656837184096,212.7852706936164,16919.59195327287,0.09399773307373815,9.015968916921018e-15,0.0,0.8909926288166348,1608.8352940208524,2.9134814499752957,66525.87383285168,kantrowitz_limit,3.0,0.7677107406421217,0.05
B,1.5,1.7,0.7785467128027683,50,0.1,piston,10175.880091412637,10132.5,43.38009141263683,1.0042812821527398,88.35729338221293,10.63926353468082,26.80582190476308,0.07814594327540561,False,none,289.44421997148777,76.65894927787136,212.7852706936164,14472.210998574388,0.08040117221430215,8.348119367519462e-16,0.0,0.8909926288166348,1608.8352940208524,2.9134814499752957,66525.87383285168,kantrowitz_limit,4.0,0.7677107406421217,0.05
B,1.5,1.7,0.7785467128027683,100,0.001,piston,218.7063031227303,101.325,117.3813031227303,2.158463391292675,176.71458676442586,0.2127852706936164,313.3264943845849,1.0,True,annulus,215.94129557977564,207.42988475203097,8.511410827744657,21594.129557977565,0.05998369321660434,0.0,0.0,0.4626570734505743,32.176705880417046,2.9134814499752957,1330.5174766570337,choked_restriction;kantrowitz_limit;nonlinear_acoustic_pulse;reduced_model_invalid;low_reynolds_or_rarefaction_check,0.0,2.1078894759383826,0.05
B,1.5,1.7,0.7785467128027683,100,0.001,piston,186.28358957832532,101.325,84.95858957832532,1.8384760876222581,176.71458676442586,0.2127852706936164,306.69652776771534,0.9747670239238936,False,none,158.64563132196682,150.13422049422215,8.511410827744657,15864.563132196681,0.04406823092276856,0.0,0.0,0.4626570734505743,32.176705880417046,2.9134814499752957,1330.5174766570337,kantrowitz_limit;nonlinear_acoustic_pulse;reduced_model_invalid;low_reynolds_or_rarefaction_check,0.1,2.1078894759383826,0.05
B,1.5,1.7,0.7785467128027683,100,0.001,piston,157.05150090788783,101.325,55.726500907887825,1.5499778031866551,176.71458676442586,0.2127852706936164,263.29474296098743,0.8166647292067032,False,none,106.98826662539265,98.476855797648,8.511410827744657,10698.826662539266,0.02971896295149796,2.6087873023498317e-16,0.0,0.4626570734505743,32.176705880417046,2.9134814499752957,1330.5174766570337,kantrowitz_limit;nonlinear_acoustic_pulse;reduced_model_invalid;low_reynolds_or_rarefaction_check,0.25,2.1078894759383826,0.05
B,1.5,1.7,0.7785467128027683,100,0.001,piston,133.57961039356545,101.325,32.25461039356544,1.3183282545626986,176.71458676442586,0.2127852706936164,211.47698826211104,0.6409462293574042,False,none,65.51001229720939,56.998601469464724,8.511410827744657,6551.001229720939,0.01819722563811372,1.3043936511749158e-16,1.5956438900701142e-16,0.4626570734505743,32.176705880417046,2.9134814499752957,1330.5174766570337,kantrowitz_limit;nonlinear_acoustic_pulse;low_reynolds_or_rarefaction_check,0.5,2.1078894759383826,0.05
B,1.5,1.7,0.7785467128027683,100,0.001,piston,116.14676983246241,101.325,14.821769832462408,1.1462794950156665,176.71458676442586,0.2127852706936164,150.11287358446904,0.445964481225378,False,none,34.703640138354935,26.19222931061028,8.511410827744657,3470.3640138354936,0.009639900038431926,1.4348330162924075e-15,0.0,0.4626570734505743,32.176705880417046,2.9134814499752957,1330.5174766570337,kantrowitz_limit;nonlinear_acoustic_pulse;low_reynolds_or_rarefaction_check,1.0,2.1078894759383826,0.05
B,1.5,1.7,0.7785467128027683,100,0.001,piston,109.81970725243774,101.325,8.494707252437735,1.0838362423137204,176.71458676442586,0.2127852706936164,115.7343963651286,0.34109041703164134,False,none,23.52279764573771,15.011386817993056,8.511410827744657,2352.279764573771,0.0065341104571493645,2.7392266674673234e-15,0.0,0.4626570734505743,32.176705880417046,2.9134814499752957,1330.5174766570337,kantrowitz_limit;nonlinear_acoustic_pulse;low_reynolds_or_rarefaction_check,1.5,2.1078894759383826,0.05
B,1.5,1.7,0.7785467128027683,100,0.001,piston,106.82681185998625,101.325,5.5018118599862476,1.0542986613371452,176.71458676442586,0.2127852706936164,93.97857998218339,0.2758809151731318,False,none,18.233914920675524,9.722504092930869,8.511410827744657,1823.3914920675525,0.005064976366854312,1.3043936511749158e-16,0.0,0.4626570734505743,32.176705880417046,2.9134814499752957,1330.5174766570337,kantrowitz_limit;nonlinear_acoustic_pulse;low_reynolds_or_rarefaction_check,2.0,2.1078894759383826,0.05
B,1.5,1.7,0.7785467128027683,100,0.001,piston,104.1724412666766,101.325,2.847441266676597,1.0281020603669044,176.71458676442586,0.2127852706936164,68.16047897808284,0.1993720857500816,False,none,13.54325489551194,5.031844067767282,8.511410827744657,1354.3254895511939,0.0037620152487533166,4.6958171442296974e-15,0.0,0.4626570734505743,32.176705880417046,2.9134814499752957,1330.5174766570337,kantrowitz_limit;nonlinear_acoustic_pulse;low_reynolds_or_rarefaction_check,3.0,2.1078894759383826,0.05
B,1.5,1.7,0.7785467128027683,100,0.001,piston,103.06179934556003,101.325,1.73679934556003,1.0171408768375034,176.71458676442586,0.2127852706936164,53.41710420004176,0.15600806205807038,False,none,11.580588614178316,3.06917778643366,8.511410827744657,1158.0588614178316,0.0032168301706050877,7.565483176814512e-15,0.0,0.4626570734505743,32.176705880417046,2.9134814499752957,1330.5174766570337,kantrowitz_limit;nonlinear_acoustic_pulse;low_reynolds_or_rarefaction_check,4.0,2.1078894759383826,0.05
B,1.5,1.7,0.7785467128027683,100,0.003,piston,656.118909368191,303.975,352.143909368191,2.1584633912926754,176.71458676442586,0.6383558120808492,313.3264943845849,1.0,True,annulus,647.823886739327,622.2896542560931,25.53423248323397,64782.3886739327,0.17995107964981305,0.0,1.1692236186830652e-16,0.4626570734505743,96.53011764125115,2.9134814499752957,3991.552429971101,choked_restriction;kantrowitz_limit;nonlinear_acoustic_pulse;reduced_model_invalid;low_reynolds_or_rarefaction_check,0.0,2.1078894759383826,0.05
B,1.5,1.7,0.7785467128027683,100,0.003,piston,558.850768734976,303.975,254.87576873497596,1.8384760876222583,176.71458676442586,0.6383558120808492,306.69652776771534,0.9747670239238936,False,none,475.9368939659005,450.40266148266653,25.53423248323397,47593.689396590045,0.13220469276830568,0.0,0.0,0.4626570734505743,96.53011764125115,2.9134814499752957,3991.552429971101,kantrowitz_limit;nonlinear_acoustic_pulse;reduced_model_invalid;low_reynolds_or_rarefaction_check,0.1,2.1078894759383826,0.05
B,1.5,1.7,0.7785467128027683,100,0.003,piston,471.1545027236635,303.975,167.17950272366346,1.549977803186655,176.71458676442586,0.6383558120808492,263.29474296098743,0.8166647292067032,False,none,320.9647998761779,295.43056739294394,25.53423248323397,32096.47998761779,0.08915688885449385,1.7391915348998879e-16,0.0,0.4626570734505743,96.53011764125115,2.9134814499752957,3991.552429971101,kantrowitz_limit;nonlinear_acoustic_pulse;reduced_model_invalid;low_reynolds_or_rarefaction_check,0.25,2.1078894759383826,0.05
B,1.5,1.7,0.7785467128027683,100,0.003,piston,400.7388311806963,303.975,96.76383118069629,1.3183282545626984,176.71458676442586,0.6383558120808492,211.47698826211104,0.6409462293574042,False,none,196.53003689162807,170.9958044083941,25.53423248323397,19653.003689162808,0.05459167691434113,0.0,0.0,0.4626570734505743,96.53011764125115,2.9134814499752957,3991.552429971101,kantrowitz_limit;nonlinear_acoustic_pulse;low_reynolds_or_rarefaction_check,0.5,2.1078894759383826,0.05
B,1.5,1.7,0.7785467128027683,100,0.003,piston,348.44030949738726,303.975,44.46530949738724,1.1462794950156665,176.71458676442586,0.6383558120808492,150.11287358446904,0.445964481225378,False,none,104.11092041506484,78.57668793183086,25.53423248323397,10411.092041506485,0.02891970011529579,1.565272381409899e-15,1.157461234001056e-16,0.4626570734505743,96.53011764125115,2.9134814499752957,3991.552429971101,kantrowitz_limit;nonlinear_acoustic_pulse;low_reynolds_or_rarefaction_check,1.0,2.1078894759383826,0.05
B,1.5,1.7,0.7785467128027683,100,0.003,piston,329.4591217573132,303.975,25.484121757313176,1.0838362423137204,176.71458676442586,0.6383558120808492,115.7343963651286,0.34109041703164134,False,none,70.56839293721309,45.03416045397912,25.53423248323397,7056.839293721309,0.01960233137144808,2.7827064558398206e-15,0.0,0.4626570734505743,96.53011764125115,2.9134814499752957,3991.552429971101,kantrowitz_limit;nonlinear_acoustic_pulse;low_reynolds_or_rarefaction_check,1.5,2.1078894759383826,0.05
B,1.5,1.7,0.7785467128027683,100,0.003,piston,320.4804355799588,303.975,16.50543557995877,1.0542986613371454,176.71458676442586,0.6383558120808492,93.97857998218339,0.2758809151731318,False,none,54.701744762026635,29.16751227879266,25.53423248323397,5470.174476202664,0.015194929100562955,4.174059683759731e-15,0.0,0.4626570734505743,96.53011764125115,2.9134814499752957,3991.552429971101,kantrowitz_limit;nonlinear_acoustic_pulse;low_reynolds_or_rarefaction_check,2.0,2.1078894759383826,0.05
B,1.5,1.7,0.7785467128027683,100,0.003,piston,312.5173238000299,303.975,8.542323800029862,1.0281020603669047,176.71458676442586,0.6383558120808492,68.16047897808284,0.1993720857500816,False,none,40.62976468653594,15.095532203301971,25.53423248323397,4062.976468653594,0.011286045746259984,5.0436554512096744e-15,0.0,0.4626570734505743,96.53011764125115,2.9134814499752957,3991.552429971101,kantrowitz_limit;nonlinear_acoustic_pulse;low_reynolds_or_rarefaction_check,3.0,2.1078894759383826,0.05
B,1.5,1.7,0.7785467128027683,100,0.003,piston,309.1853980366801,303.975,5.21039803668009,1.0171408768375034,176.71458676442586,0.6383558120808492,53.41710420004176,0.15600806205807038,False,none,34.741765842534946,9.207533359300978,25.53423248323397,3474.1765842534946,0.009650490511815263,7.652442753559506e-15,0.0,0.4626570734505743,96.53011764125115,2.9134814499752957,3991.552429971101,kantrowitz_limit;nonlinear_acoustic_pulse;low_reynolds_or_rarefaction_check,4.0,2.1078894759383826,0.05
B,1.5,1.7,0.7785467128027683,100,0.01,piston,2187.063031227303,1013.25,1173.8130312273029,2.158463391292675,176.71458676442586,2.127852706936164,313.3264943845849,1.0,True,annulus,2159.412955797756,2074.298847520309,85.11410827744658,215941.2955797756,0.5998369321660433,0.0,0.0,0.46265707345057416,321.76705880417046,2.9134814499752957,13305.174766570337,choked_restriction;kantrowitz_limit;nonlinear_acoustic_pulse;reduced_model_invalid,0.0,2.1078894759383946,0.05
B,1.5,1.7,0.7785467128027683,100,0.01,piston,1862.8358957832531,1013.25,849.5858957832531,1.8384760876222581,176.71458676442586,2.127852706936164,306.69652776771534,0.9747670239238936,False,none,1586.4563132196681,1501.3422049422215,85.11410827744658,158645.63132196682,0.4406823092276856,0.0,0.0,0.46265707345057416,321.76705880417046,2.9134814499752957,13305.174766570337,kantrowitz_limit;nonlinear_acoustic_pulse;reduced_model_invalid,0.1,2.1078894759383946,0.05
B,1.5,1.7,0.7785467128027683,100,0.01,piston,1570.5150090788782,1013.25,557.2650090788782,1.549977803186655,176.71458676442586,2.127852706936164,263.29474296098743,0.8166647292067032,False,none,1069.8826662539263,984.7685579764798,85.11410827744658,106988.26662539263,0.2971896295149795,2.0870298418798654e-16,0.0,0.46265707345057416,321.76705880417046,2.9134814499752957,13305.174766570337,kantrowitz_limit;nonlinear_acoustic_pulse;reduced_model_invalid,0.25,2.1078894759383946,0.05
B,1.5,1.7,0.7785467128027683,100,0.01,piston,1335.7961039356544,1013.25,322.5461039356544,1.3183282545626986,176.71458676442586,2.127852706936164,211.47698826211104,0.6409462293574042,False,none,655.1001229720938,569.9860146946472,85.11410827744658,65510.01229720938,0.18197225638113718,0.0,0.0,0.46265707345057416,321.76705880417046,2.9134814499752957,13305.174766570337,kantrowitz_limit;nonlinear_acoustic_pulse,0.5,2.1078894759383946,0.05
B,1.5,1.7,0.7785467128027683,100,0.01,piston,1161.4676983246245,1013.25,148.2176983246245,1.146279495015667,176.71458676442586,2.127852706936164,150.11287358446904,0.445964481225378,False,none,347.0364013835501,261.92229310610355,85.11410827744658,34703.64013835501,0.09639900038431948,1.6696238735038924e-15,0.0,0.46265707345057416,321.76705880417046,2.9134814499752957,13305.174766570337,kantrowitz_limit;nonlinear_acoustic_pulse,1.0,2.1078894759383946,0.05
B,1.5,1.7,0.7785467128027683,100,0.01,piston,1098.1970725243773,1013.25,84.94707252437729,1.0838362423137204,176.71458676442586,2.127852706936164,115.7343963651286,0.34109041703164134,False,none,235.22797645737705,150.11386817993048,85.11410827744658,23522.797645737704,0.06534110457149363,2.713138794443825e-15,0.0,0.46265707345057416,321.76705880417046,2.9134814499752957,13305.174766570337,kantrowitz_limit;nonlinear_acoustic_pulse,1.5,2.1078894759383946,0.05
B,1.5,1.7,0.7785467128027683,100,0.01,piston,1068.2681185998624,1013.25,55.01811859986242,1.0542986613371452,176.71458676442586,2.127852706936164,93.97857998218339,0.2758809151731318,False,none,182.33914920675517,97.22504092930859,85.11410827744658,18233.914920675517,0.0506497636685431,0.0,0.0,0.46265707345057416,321.76705880417046,2.9134814499752957,13305.174766570337,kantrowitz_limit;nonlinear_acoustic_pulse,2.0,2.1078894759383946,0.05
B,1.5,1.7,0.7785467128027683,100,0.01,piston,1041.7244126667663,1013.25,28.474412666766284,1.0281020603669049,176.71458676442586,2.127852706936164,68.16047897808284,0.1993720857500816,False,none,135.43254895511996,50.31844067767337,85.11410827744658,13543.254895511996,0.03762015248753332,1.2313476067091205e-14,0.0,0.46265707345057416,321.76705880417046,2.9134814499752957,13305.174766570337,kantrowitz_limit;nonlinear_acoustic_pulse,3.0,2.1078894759383946,0.05
B,1.5,1.7,0.7785467128027683,100,0.01,piston,1030.6179934556003,1013.25,17.3679934556003,1.0171408768375034,176.71458676442586,2.127852706936164,53.41710420004176,0.15600806205807038,False,none,115.80588614178318,30.691777864336597,85.11410827744658,11580.588614178318,0.03216830170605088,7.722010414955501e-15,0.0,0.46265707345057416,321.76705880417046,2.9134814499752957,13305.174766570337,kantrowitz_limit;nonlinear_acoustic_pulse,4.0,2.1078894759383946,0.05
B,1.5,1.7,0.7785467128027683,100,0.03,piston,6561.18909368191,3039.75,3521.43909368191,2.1584633912926754,176.71458676442586,6.383558120808493,313.3264943845849,1.0,True,annulus,6478.23886739327,6222.89654256093,255.3423248323397,647823.886739327,1.7995107964981305,0.0,0.0,0.4626570734505742,965.3011764125115,2.9134814499752957,39915.524299711,choked_restriction;kantrowitz_limit;nonlinear_acoustic_pulse;reduced_model_invalid,0.0,2.107889475938383,0.05
B,1.5,1.7,0.7785467128027683,100,0.03,piston,5588.507687349759,3039.75,2548.757687349759,1.8384760876222581,176.71458676442586,6.383558120808493,306.69652776771534,0.9747670239238936,False,none,4759.368939659004,4504.026614826665,255.3423248323397,475936.8939659004,1.3220469276830569,0.0,0.0,0.4626570734505742,965.3011764125115,2.9134814499752957,39915.524299711,kantrowitz_limit;nonlinear_acoustic_pulse;reduced_model_invalid,0.1,2.107889475938383,0.05
B,1.5,1.7,0.7785467128027683,100,0.03,piston,4711.545027236635,3039.75,1671.7950272366352,1.5499778031866551,176.71458676442586,6.383558120808493,263.29474296098743,0.8166647292067032,False,none,3209.6479987617804,2954.3056739294407,255.3423248323397,320964.79987617803,0.891568888544939,2.78270645583982e-16,0.0,0.4626570734505742,965.3011764125115,2.9134814499752957,39915.524299711,kantrowitz_limit;nonlinear_acoustic_pulse;reduced_model_invalid,0.25,2.107889475938383,0.05
B,1.5,1.7,0.7785467128027683,100,0.03,piston,4007.388311806964,3039.75,967.6383118069639,1.3183282545626989,176.71458676442586,6.383558120808493,211.47698826211104,0.6409462293574042,False,none,1965.3003689162827,1709.958044083943,255.3423248323397,196530.03689162826,0.5459167691434118,1.39135322791991e-16,0.0,0.4626570734505742,965.3011764125115,2.9134814499752957,39915.524299711,kantrowitz_limit;nonlinear_acoustic_pulse,0.5,2.107889475938383,0.05
B,1.5,1.7,0.7785467128027683,100,0.03,piston,3484.403094973873,3039.75,444.65309497387307,1.1462794950156667,176.71458676442586,6.383558120808493,150.11287358446904,0.445964481225378,False,none,1041.1092041506495,785.7668793183099,255.3423248323397,104110.92041506495,0.2891970011529582,1.5304885507119012e-15,0.0,0.4626570734505742,965.3011764125115,2.9134814499752957,39915.524299711,kantrowitz_limit;nonlinear_acoustic_pulse,1.0,2.107889475938383,0.05
B,1.5,1.7,0.7785467128027683,100,0.03,piston,3294.591217573132,3039.75,254.84121757313187,1.0838362423137204,176.71458676442586,6.383558120808493,115.7343963651286,0.34109041703164134,False,none,705.6839293721312,450.34160453979143,255.3423248323397,70568.39293721311,0.19602331371448087,2.78270645583982e-15,1.6156529933801698e-16,0.4626570734505742,965.3011764125115,2.9134814499752957,39915.524299711,kantrowitz_limit;nonlinear_acoustic_pulse,1.5,2.107889475938383,0.05
B,1.5,1.7,0.7785467128027683,100,0.03,piston,3204.8043557995875,3039.75,165.05435579958748,1.0542986613371452,176.71458676442586,6.383558120808493,93.97857998218339,0.2758809151731318,False,none,547.0174476202659,291.67512278792617,255.3423248323397,54701.74476202659,0.15194929100562943,0.0,1.2472708581790323e-16,0.4626570734505742,965.3011764125115,2.9134814499752957,39915.524299711,kantrowitz_limit;nonlinear_acoustic_pulse,2.0,2.107889475938383,0.05
B,1.5,1.7,0.7785467128027683,100,0.03,piston,3125.1732380002977,3039.75,85.42323800029772,1.0281020603669044,176.71458676442586,6.383558120808493,68.16047897808284,0.1993720857500816,False,none,406.2976468653578,150.95532203301812,255.3423248323397,40629.76468653578,0.1128604574625994,4.591465652135703e-15,1.2049852758076282e-16,0.4626570734505742,965.3011764125115,2.9134814499752957,39915.524299711,kantrowitz_limit;nonlinear_acoustic_pulse,3.0,2.107889475938383,0.05
B,1.5,1.7,0.7785467128027683,100,0.03,piston,3091.853980366801,3039.75,52.1039803668009,1.0171408768375034,176.71458676442586,6.383558120808493,53.41710420004176,0.15600806205807038,False,none,347.4176584253495,92.07533359300979,255.3423248323397,34741.76584253495,0.09650490511815263,7.652442753559506e-15,0.0,0.4626570734505742,965.3011764125115,2.9134814499752957,39915.524299711,kantrowitz_limit;nonlinear_acoustic_pulse,4.0,2.107889475938383,0.05
B,1.5,1.7,0.7785467128027683,100,0.1,piston,21870.630312273028,10132.5,11738.130312273028,2.158463391292675,176.71458676442586,21.27852706936164,313.3264943845849,1.0,True,annulus,21594.129557977558,20742.988475203092,851.1410827744656,2159412.9557977556,5.998369321660433,0.0,0.0,0.4626570734505743,3217.670588041705,2.9134814499752957,133051.74766570335,choked_restriction;kantrowitz_limit;nonlinear_acoustic_pulse;reduced_model_invalid,0.0,2.107889475938383,0.05
B,1.5,1.7,0.7785467128027683,100,0.1,piston,18628.35895783253,10132.5,8495.85895783253,1.8384760876222581,176.71458676442586,21.27852706936164,306.69652776771534,0.9747670239238936,False,none,15864.56313219668,15013.422049422214,851.1410827744656,1586456.3132196679,4.406823092276856,0.0,0.0,0.4626570734505743,3217.670588041705,2.9134814499752957,133051.74766570335,kantrowitz_limit;nonlinear_acoustic_pulse;reduced_model_invalid,0.1,2.107889475938383,0.05
B,1.5,1.7,0.7785467128027683,100,0.1,piston,15705.150090788782,10132.5,5572.650090788782,1.5499778031866551,176.71458676442586,21.27852706936164,263.29474296098743,0.8166647292067032,False,none,10698.826662539264,9847.685579764799,851.1410827744656,1069882.6662539265,2.971896295149796,3.339247747007785e-16,0.0,0.4626570734505743,3217.670588041705,2.9134814499752957,133051.74766570335,kantrowitz_limit;nonlinear_acoustic_pulse;reduced_model_invalid,0.25,2.107889475938383,0.05
B,1.5,1.7,0.7785467128027683,100,0.1,piston,13357.961039356544,10132.5,3225.4610393565436,1.3183282545626986,176.71458676442586,21.27852706936164,211.47698826211104,0.6409462293574042,False,none,6551.001229720937,5699.860146946471,851.1410827744656,655100.1229720936,1.8197225638113714,0.0,0.0,0.4626570734505743,3217.670588041705,2.9134814499752957,133051.74766570335,kantrowitz_limit;nonlinear_acoustic_pulse,0.5,2.107889475938383,0.05
B,1.5,1.7,0.7785467128027683,100,0.1,piston,11614.676983246241,10132.5,1482.1769832462414,1.1462794950156665,176.71458676442586,21.27852706936164,150.11287358446904,0.445964481225378,False,none,3470.364013835495,2619.222931061029,851.1410827744656,347036.4013835495,0.963990003843193,1.6696238735038924e-15,0.0,0.4626570734505743,3217.670588041705,2.9134814499752957,133051.74766570335,kantrowitz_limit;nonlinear_acoustic_pulse,1.0,2.107889475938383,0.05
B,1.5,1.7,0.7785467128027683,100,0.1,piston,10981.970725243773,10132.5,849.4707252437729,1.0838362423137204,176.71458676442586,21.27852706936164,115.7343963651286,0.34109041703164134,False,none,2352.2797645737705,1501.1386817993048,851.1410827744656,235227.97645737705,0.6534110457149362,2.838360584956617e-15,1.9387835920562038e-16,0.4626570734505743,3217.670588041705,2.9134814499752957,133051.74766570335,kantrowitz_limit;nonlinear_acoustic_pulse,1.5,2.107889475938383,0.05
B,1.5,1.7,0.7785467128027683,100,0.1,piston,10682.681185998625,10132.5,550.1811859986246,1.0542986613371452,176.71458676442586,21.27852706936164,93.97857998218339,0.2758809151731318,False,none,1823.3914920675525,972.2504092930868,851.1410827744656,182339.14920675525,0.5064976366854312,0.0,1.4967250298148396e-16,0.4626570734505743,3217.670588041705,2.9134814499752957,133051.74766570335,kantrowitz_limit;nonlinear_acoustic_pulse,2.0,2.107889475938383,0.05
B,1.5,1.7,0.7785467128027683,100,0.1,piston,10417.24412666766,10132.5,284.74412666765966,1.0281020603669044,176.71458676442586,21.27852706936164,68.16047897808284,0.1993720857500816,False,none,1354.3254895511936,503.1844067767281,851.1410827744656,135432.54895511936,0.3762015248753316,4.674946845810898e-15,1.4459823309691507e-16,0.4626570734505743,3217.670588041705,2.9134814499752957,133051.74766570335,kantrowitz_limit;nonlinear_acoustic_pulse,3.0,2.107889475938383,0.05
B,1.5,1.7,0.7785467128027683,100,0.1,piston,10306.179934556003,10132.5,173.679934556003,1.0171408768375034,176.71458676442586,21.27852706936164,53.41710420004176,0.15600806205807038,False,none,1158.0588614178316,306.917778643366,851.1410827744656,115805.88614178316,0.3216830170605088,7.680269818117905e-15,0.0,0.4626570734505743,3217.670588041705,2.9134814499752957,133051.74766570335,kantrowitz_limit;nonlinear_acoustic_pulse,4.0,2.107889475938383,0.05
B,1.5,1.7,0.7785467128027683,150,0.001,piston,328.0594546840955,101.325,226.7344546840955,3.237695086939013,265.0718801466388,0.3191779060404246,313.3264943845849,1.0,True,annulus,419.8235290099993,400.6728546475738,19.150674362425477,62973.52935149989,0.11661764694722201,0.0,1.2106231687999353e-16,0.32815199096096304,48.26505882062557,2.9134814499752957,1995.7762149855505,choked_restriction;kantrowitz_limit;nonlinear_acoustic_pulse;reduced_model_invalid;low_reynolds_or_rarefaction_check,0.0,3.448068211234644,0.05
B,1.5,1.7,0.7785467128027683,150,0.001,piston,279.27505791100873,101.325,177.95005791100874,2.756230524658364,265.0718801466388,0.3191779060404246,313.3264943845849,1.0,True,annulus+dedicated_bypass,333.6143838469211,314.4637094844956,19.150674362425477,50042.15757703817,0.09267066217970031,1.7391915348998879e-16,0.0,0.32815199096096304,48.26505882062557,2.9134814499752957,1995.7762149855505,choked_restriction;kantrowitz_limit;nonlinear_acoustic_pulse;reduced_model_invalid;low_reynolds_or_rarefaction_check,0.1,3.448068211234644,0.05
B,1.5,1.7,0.7785467128027683,150,0.001,piston,228.34145446511752,101.325,127.01645446511752,2.2535549416739946,265.0718801466388,0.3191779060404246,313.3264943845849,1.0,True,annulus+dedicated_bypass,243.60727699328305,224.45660263085756,19.150674362425477,36541.09154899246,0.06766868805368974,0.0,0.0,0.32815199096096304,48.26505882062557,2.9134814499752957,1995.7762149855505,choked_restriction;kantrowitz_limit;nonlinear_acoustic_pulse;reduced_model_invalid;low_reynolds_or_rarefaction_check,0.25,3.448068211234644,0.05
B,1.5,1.7,0.7785467128027683,150,0.001,piston,175.98888732876395,101.325,74.66388732876395,1.7368752758822004,265.0718801466388,0.3191779060404246,293.18483174827855,0.9242860895936827,False,none,151.09265431770723,131.94197995528174,19.150674362425477,22663.898147656084,0.04197018175491867,0.0,0.0,0.32815199096096304,48.26505882062557,2.9134814499752957,1995.7762149855505,kantrowitz_limit;nonlinear_acoustic_pulse;reduced_model_invalid;low_reynolds_or_rarefaction_check,0.5,3.448068211234644,0.05
B,1.5,1.7,0.7785467128027683,150,0.001,piston,135.11919871551905,101.325,33.794198715519045,1.3335228099237013,265.0718801466388,0.3191779060404246,215.64278568165633,0.6546428029700899,False,none,78.86995297290386,59.71927861047839,19.150674362425477,11830.492945935579,0.021908320270251073,0.0,0.0,0.32815199096096304,48.26505882062557,2.9134814499752957,1995.7762149855505,kantrowitz_limit;nonlinear_acoustic_pulse;low_reynolds_or_rarefaction_check,1.0,3.448068211234644,0.05
B,1.5,1.7,0.7785467128027683,150,0.001,piston,120.58369653454416,101.325,19.258696534544157,1.1900685569656468,265.0718801466388,0.3191779060404246,169.02515200832573,0.5048467789901272,False,none,53.18360035965999,34.032925997234514,19.150674362425477,7977.540053948998,0.014773222322127775,5.217574604699663e-16,0.0,0.32815199096096304,48.26505882062557,2.9134814499752957,1995.7762149855505,kantrowitz_limit;nonlinear_acoustic_pulse;low_reynolds_or_rarefaction_check,1.5,3.448068211234644,0.05
B,1.5,1.7,0.7785467128027683,150,0.001,piston,113.7648921273395,101.325,12.43989212733949,1.122772189759087,265.0718801466388,0.3191779060404246,138.4561145324201,0.4101180825405896,False,none,41.1337783291938,21.983103966768326,19.150674362425477,6170.066749379071,0.011426049535887167,0.0,1.3790814120211044e-16,0.32815199096096304,48.26505882062557,2.9134814499752957,1995.7762149855505,kantrowitz_limit;nonlinear_acoustic_pulse;low_reynolds_or_rarefaction_check,2.0,3.448068211234644,0.05
B,1.5,1.7,0.7785467128027683,150,0.001,piston,107.74794451987586,101.325,6.4229445198758555,1.063389533874916,265.0718801466388,0.3191779060404246,101.25964970880628,0.2976198375840918,False,none,30.500954228832434,11.350279866406956,19.150674362425477,4575.143134324865,0.008472487285786787,3.130544762819798e-15,0.0,0.32815199096096304,48.26505882062557,2.9134814499752957,1995.7762149855505,kantrowitz_limit;nonlinear_acoustic_pulse;low_reynolds_or_rarefaction_check,3.0,3.448068211234644,0.05
B,1.5,1.7,0.7785467128027683,150,0.001,piston,105.23880944702526,101.325,3.9138094470252582,1.0386262960476216,265.0718801466388,0.3191779060404246,79.64854134645799,0.2333143304782097,False,none,26.066946553483223,6.916272191057746,19.150674362425477,3910.0419830224837,0.007240818487078673,3.130544762819798e-15,0.0,0.32815199096096304,48.26505882062557,2.9134814499752957,1995.7762149855505,kantrowitz_limit;nonlinear_acoustic_pulse;low_reynolds_or_rarefaction_check,4.0,3.448068211234644,0.05
B,1.5,1.7,0.7785467128027683,150,0.003,piston,984.1783640522867,303.975,680.2033640522867,3.2376950869390138,265.0718801466388,0.957533718121274,313.3264943845849,1.0,True,annulus,1259.4705870299983,1202.0185639427218,57.45202308727643,188920.58805449976,0.3498529408416662,2.3189220465331837e-16,0.0,0.32815199096096304,144.79517646187674,2.9134814499752957,5987.328644956652,choked_restriction;kantrowitz_limit;nonlinear_acoustic_pulse;reduced_model_invalid;low_reynolds_or_rarefaction_check,0.0,3.448068211234644,0.05
B,1.5,1.7,0.7785467128027683,150,0.003,piston,837.8251737330263,303.975,533.8501737330263,2.7562305246583643,265.0718801466388,0.957533718121274,313.3264943845849,1.0,True,annulus+dedicated_bypass,1000.8431515407633,943.3911284534869,57.45202308727643,150126.47273111448,0.2780119865391009,2.3189220465331837e-16,2.0566817995871258e-16,0.32815199096096304,144.79517646187674,2.9134814499752957,5987.328644956652,choked_restriction;kantrowitz_limit;nonlinear_acoustic_pulse;reduced_model_invalid;low_reynolds_or_rarefaction_check,0.1,3.448068211234644,0.05
B,1.5,1.7,0.7785467128027683,150,0.003,piston,685.0243633953527,303.975,381.04936339535266,2.253554941673995,265.0718801466388,0.957533718121274,313.3264943845849,1.0,True,annulus+dedicated_bypass,730.8218309798493,673.3698078925729,57.45202308727643,109623.2746469774,0.20300606416106926,1.1594610232665918e-16,0.0,0.32815199096096304,144.79517646187674,2.9134814499752957,5987.328644956652,choked_restriction;kantrowitz_limit;nonlinear_acoustic_pulse;reduced_model_invalid;low_reynolds_or_rarefaction_check,0.25,3.448068211234644,0.05
B,1.5,1.7,0.7785467128027683,150,0.003,piston,527.966661986292,303.975,223.991661986292,1.7368752758822008,265.0718801466388,0.957533718121274,293.1848317482787,0.9242860895936834,False,none,453.2779629531219,395.8259398658455,57.45202308727643,67991.69444296829,0.1259105452647561,2.3189220465331837e-16,1.2254473294750743e-16,0.32815199096096304,144.79517646187674,2.9134814499752957,5987.328644956652,kantrowitz_limit;nonlinear_acoustic_pulse;reduced_model_invalid;low_reynolds_or_rarefaction_check,0.5,3.448068211234644,0.05
B,1.5,1.7,0.7785467128027683,150,0.003,piston,405.35759614655717,303.975,101.38259614655715,1.3335228099237015,265.0718801466388,0.957533718121274,215.64278568165633,0.6546428029700899,False,none,236.6098589187116,179.1578358314352,57.45202308727643,35491.47883780674,0.06572496081075323,0.0,1.3537332561941226e-16,0.32815199096096304,144.79517646187674,2.9134814499752957,5987.328644956652,kantrowitz_limit;nonlinear_acoustic_pulse;low_reynolds_or_rarefaction_check,1.0,3.448068211234644,0.05
B,1.5,1.7,0.7785467128027683,150,0.003,piston,361.7510896036324,303.975,57.776089603632386,1.1900685569656464,265.0718801466388,0.957533718121274,169.02515200832536,0.5048467789901261,False,none,159.55080107897982,102.09877799170339,57.45202308727643,23932.62016184697,0.04431966696638328,1.1594610232665918e-16,0.0,0.32815199096096304,144.79517646187674,2.9134814499752957,5987.328644956652,kantrowitz_limit;nonlinear_acoustic_pulse;low_reynolds_or_rarefaction_check,1.5,3.448068211234644,0.05
B,1.5,1.7,0.7785467128027683,150,0.003,piston,341.29467638201857,303.975,37.31967638201854,1.1227721897590872,265.0718801466388,0.957533718121274,138.4561145324201,0.4101180825405896,False,none,123.40133498758154,65.9493119003051,57.45202308727643,18510.20024813723,0.03427814860766154,0.0,0.0,0.32815199096096304,144.79517646187674,2.9134814499752957,5987.328644956652,kantrowitz_limit;nonlinear_acoustic_pulse;low_reynolds_or_rarefaction_check,2.0,3.448068211234644,0.05
B,1.5,1.7,0.7785467128027683,150,0.003,piston,323.2438335596276,303.975,19.26883355962758,1.063389533874916,265.0718801466388,0.957533718121274,101.25964970880628,0.2976198375840918,False,none,91.50286268649731,34.050839599220886,57.45202308727643,13725.429402974596,0.025417461857360362,3.246490865146457e-15,1.7806603546886564e-16,0.32815199096096304,144.79517646187674,2.9134814499752957,5987.328644956652,kantrowitz_limit;nonlinear_acoustic_pulse;low_reynolds_or_rarefaction_check,3.0,3.448068211234644,0.05
B,1.5,1.7,0.7785467128027683,150,0.003,piston,315.71642834107587,303.975,11.741428341075846,1.0386262960476218,265.0718801466388,0.957533718121274,79.64854134645799,0.2333143304782097,False,none,78.20083966044979,20.748816573173364,57.45202308727643,11730.125949067467,0.02172245546123605,3.246490865146457e-15,0.0,0.32815199096096304,144.79517646187674,2.9134814499752957,5987.328644956652,kantrowitz_limit;nonlinear_acoustic_pulse;low_reynolds_or_rarefaction_check,4.0,3.448068211234644,0.05
B,1.5,1.7,0.7785467128027683,150,0.01,piston,3280.594546840955,1013.25,2267.344546840955,3.237695086939013,265.0718801466388,3.1917790604042464,313.3264943845849,1.0,True,annulus,4198.235290099992,4006.728546475738,191.5067436242548,629735.2935149989,1.16617646947222,0.0,0.0,0.328151990960963,482.6505882062557,2.9134814499752957,19957.7621498555,choked_restriction;kantrowitz_limit;nonlinear_acoustic_pulse;reduced_model_invalid,0.0,3.448068211234661,0.05
B,1.5,1.7,0.7785467128027683,150,0.01,piston,2792.750579110087,1013.25,1779.500579110087,2.756230524658364,265.0718801466388,3.1917790604042464,313.3264943845849,1.0,True,annulus+dedicated_bypass,3336.14383846921,3144.6370948449553,191.5067436242548,500421.5757703815,0.9267066217970028,0.0,1.2340090797522759e-16,0.328151990960963,482.6505882062557,2.9134814499752957,19957.7621498555,choked_restriction;kantrowitz_limit;nonlinear_acoustic_pulse;reduced_model_invalid,0.1,3.448068211234661,0.05
B,1.5,1.7,0.7785467128027683,150,0.01,piston,2283.4145446511757,1013.25,1270.1645446511757,2.253554941673995,265.0718801466388,3.1917790604042464,313.3264943845849,1.0,True,annulus+dedicated_bypass,2436.0727699328313,2244.5660263085765,191.5067436242548,365410.9154899247,0.6766868805368976,0.0,1.7288467713050076e-16,0.328151990960963,482.6505882062557,2.9134814499752957,19957.7621498555,choked_restriction;kantrowitz_limit;nonlinear_acoustic_pulse;reduced_model_invalid,0.25,3.448068211234661,0.05
B,1.5,1.7,0.7785467128027683,150,0.01,piston,1759.88887328764,1013.25,746.6388732876401,1.7368752758822008,265.0718801466388,3.1917790604042464,293.1848317482787,0.9242860895936834,False,none,1510.9265431770732,1319.4197995528184,191.5067436242548,226638.981476561,0.419701817549187,4.1740596837597304e-16,0.0,0.328151990960963,482.6505882062557,2.9134814499752957,19957.7621498555,kantrowitz_limit;nonlinear_acoustic_pulse;reduced_model_invalid,0.5,3.448068211234661,0.05
B,1.5,1.7,0.7785467128027683,150,0.01,piston,1351.1919871551906,1013.25,337.94198715519065,1.3335228099237015,265.0718801466388,3.1917790604042464,215.64278568165633,0.6546428029700899,False,none,788.6995297290391,597.1927861047843,191.5067436242548,118304.92945935587,0.21908320270251086,0.0,1.6244799074329465e-16,0.328151990960963,482.6505882062557,2.9134814499752957,19957.7621498555,kantrowitz_limit;nonlinear_acoustic_pulse,1.0,3.448068211234661,0.05
B,1.5,1.7,0.7785467128027683,150,0.01,piston,1205.8369653454413,1013.25,192.58696534544129,1.1900685569656464,265.0718801466388,3.1917790604042464,169.02515200832536,0.5048467789901261,False,none,531.8360035965994,340.32925997234463,191.5067436242548,79775.40053948991,0.14773222322127763,0.0,0.0,0.328151990960963,482.6505882062557,2.9134814499752957,19957.7621498555,kantrowitz_limit;nonlinear_acoustic_pulse,1.5,3.448068211234661,0.05
B,1.5,1.7,0.7785467128027683,150,0.01,piston,1137.648921273395,1013.25,124.39892127339499,1.122772189759087,265.0718801466388,3.1917790604042464,138.4561145324201,0.4101180825405896,False,none,411.3377832919382,219.8310396676834,191.5067436242548,61700.66749379073,0.11426049535887173,0.0,0.0,0.328151990960963,482.6505882062557,2.9134814499752957,19957.7621498555,kantrowitz_limit;nonlinear_acoustic_pulse,2.0,3.448068211234661,0.05
B,1.5,1.7,0.7785467128027683,150,0.01,piston,1077.4794451987586,1013.25,64.22944519875864,1.063389533874916,265.0718801466388,3.1917790604042464,101.25964970880628,0.2976198375840918,False,none,305.0095422883245,113.5027986640697,191.5067436242548,45751.431343248674,0.08472487285786792,3.3392477470077843e-15,0.0,0.328151990960963,482.6505882062557,2.9134814499752957,19957.7621498555,kantrowitz_limit;nonlinear_acoustic_pulse,3.0,3.448068211234661,0.05
B,1.5,1.7,0.7785467128027683,150,0.01,piston,1052.3880944702526,1013.25,39.138094470252554,1.0386262960476216,265.0718801466388,3.1917790604042464,79.64854134645799,0.2333143304782097,False,none,260.66946553483217,69.1627219105774,191.5067436242548,39100.419830224826,0.07240818487078671,3.200112424215793e-15,1.7533427963286187e-16,0.328151990960963,482.6505882062557,2.9134814499752957,19957.7621498555,kantrowitz_limit;nonlinear_acoustic_pulse,4.0,3.448068211234661,0.05
B,1.5,1.7,0.7785467128027683,150,0.03,piston,9841.783640522866,3039.75,6802.033640522866,3.2376950869390133,265.0718801466388,9.57533718121274,313.3264943845849,1.0,True,annulus,12594.70587029998,12020.185639427216,574.5202308727643,1889205.880544997,3.4985294084166614,0.0,1.2913313800532642e-16,0.3281519909609631,1447.9517646187671,2.9134814499752957,59873.28644956652,choked_restriction;kantrowitz_limit;nonlinear_acoustic_pulse;reduced_model_invalid,0.0,3.448068211234644,0.05
B,1.5,1.7,0.7785467128027683,150,0.03,piston,8378.251737330263,3039.75,5338.5017373302635,2.7562305246583647,265.0718801466388,9.57533718121274,313.3264943845849,1.0,True,annulus+dedicated_bypass,10008.431515407634,9433.91128453487,574.5202308727643,1501264.727311145,2.7801198653910095,0.0,0.0,0.3281519909609631,1447.9517646187671,2.9134814499752957,59873.28644956652,choked_restriction;kantrowitz_limit;nonlinear_acoustic_pulse;reduced_model_invalid,0.1,3.448068211234644,0.05
B,1.5,1.7,0.7785467128027683,150,0.03,piston,6850.243633953526,3039.75,3810.493633953526,2.253554941673995,265.0718801466388,9.57533718121274,313.3264943845849,1.0,True,annulus+dedicated_bypass,7308.218309798492,6733.698078925728,574.5202308727643,1096232.7464697738,2.0300606416106923,0.0,1.1525645142033388e-16,0.3281519909609631,1447.9517646187671,2.9134814499752957,59873.28644956652,choked_restriction;kantrowitz_limit;nonlinear_acoustic_pulse;reduced_model_invalid,0.25,3.448068211234644,0.05
B,1.5,1.7,0.7785467128027683,150,0.03,piston,5279.66661986292,3039.75,2239.91661986292,1.7368752758822008,265.0718801466388,9.57533718121274,293.1848317482787,0.9242860895936834,False,none,4532.779629531219,3958.2593986584548,574.5202308727643,679916.9444296829,1.259105452647561,1.8551376372265467e-16,0.0,0.3281519909609631,1447.9517646187671,2.9134814499752957,59873.28644956652,kantrowitz_limit;nonlinear_acoustic_pulse;reduced_model_invalid,0.5,3.448068211234644,0.05
B,1.5,1.7,0.7785467128027683,150,0.03,piston,4053.5759614655717,3039.75,1013.8259614655717,1.3335228099237015,265.0718801466388,9.57533718121274,215.64278568165633,0.6546428029700899,False,none,2366.098589187117,1791.5783583143525,574.5202308727643,354914.78837806755,0.6572496081075325,0.0,0.0,0.3281519909609631,1447.9517646187671,2.9134814499752957,59873.28644956652,kantrowitz_limit;nonlinear_acoustic_pulse,1.0,3.448068211234644,0.05
B,1.5,1.7,0.7785467128027683,150,0.03,piston,3617.5108960363245,3039.75,577.7608960363245,1.1900685569656466,265.0718801466388,9.57533718121274,169.02515200832573,0.5048467789901272,False,none,1595.5080107897993,1020.987779917035,574.5202308727643,239326.2016184699,0.44319666966383314,1.8551376372265467e-16,1.900370799677848e-16,0.3281519909609631,1447.9517646187671,2.9134814499752957,59873.28644956652,kantrowitz_limit;nonlinear_acoustic_pulse,1.5,3.448068211234644,0.05
B,1.5,1.7,0.7785467128027683,150,0.03,piston,3412.9467638201854,3039.75,373.1967638201854,1.1227721897590872,265.0718801466388,9.57533718121274,138.4561145324201,0.4101180825405896,False,none,1234.0133498758153,659.493119003051,574.5202308727643,185102.0024813723,0.34278148607661535,0.0,1.4710201728225087e-16,0.3281519909609631,1447.9517646187671,2.9134814499752957,59873.28644956652,kantrowitz_limit;nonlinear_acoustic_pulse,2.0,3.448068211234644,0.05
B,1.5,1.7,0.7785467128027683,150,0.03,piston,3232.4383355962755,3039.75,192.68833559627546,1.0633895338749157,265.0718801466388,9.57533718121274,101.25964970880628,0.2976198375840918,False,none,915.0286268649726,340.5083959922083,574.5202308727643,137254.29402974588,0.2541746185736035,2.9682202195624748e-15,1.4245282837509276e-16,0.3281519909609631,1447.9517646187671,2.9134814499752957,59873.28644956652,kantrowitz_limit;nonlinear_acoustic_pulse,3.0,3.448068211234644,0.05
B,1.5,1.7,0.7785467128027683,150,0.03,piston,3157.1642834107583,3039.75,117.41428341075834,1.0386262960476218,265.0718801466388,9.57533718121274,79.64854134645799,0.2333143304782097,False,none,782.0083966044976,207.48816573173343,574.5202308727643,117301.25949067465,0.21722455461236045,3.1537339832851293e-15,1.1688951975524057e-16,0.3281519909609631,1447.9517646187671,2.9134814499752957,59873.28644956652,kantrowitz_limit;nonlinear_acoustic_pulse,4.0,3.448068211234644,0.05
B,1.5,1.7,0.7785467128027683,150,0.1,piston,32805.94546840956,10132.5,22673.44546840956,3.237695086939014,265.0718801466388,31.917790604042466,313.3264943845849,1.0,True,annulus,41982.35290099995,40067.2854647574,1915.067436242548,6297352.935149992,11.661764694722208,3.3392477470077844e-16,0.0,0.3281519909609631,4826.505882062557,2.9134814499752957,199577.62149855506,choked_restriction;kantrowitz_limit;nonlinear_acoustic_pulse;reduced_model_invalid,0.0,3.448068211234644,0.05
B,1.5,1.7,0.7785467128027683,150,0.1,piston,27927.505791100873,10132.5,17795.005791100873,2.756230524658364,265.0718801466388,31.917790604042466,313.3264943845849,1.0,True,annulus+dedicated_bypass,33361.438384692105,31446.37094844956,1915.067436242548,5004215.757703816,9.26706621797003,0.0,1.9744145276036408e-16,0.3281519909609631,4826.505882062557,2.9134814499752957,199577.62149855506,choked_restriction;kantrowitz_limit;nonlinear_acoustic_pulse;reduced_model_invalid,0.1,3.448068211234644,0.05
B,1.5,1.7,0.7785467128027683,150,0.1,piston,22834.145446511757,10132.5,12701.645446511757,2.253554941673995,265.0718801466388,31.917790604042466,313.3264943845849,1.0,True,annulus+dedicated_bypass,24360.727699328316,22445.660263085767,1915.067436242548,3654109.1548992475,6.7668688053689765,0.0,0.0,0.3281519909609631,4826.505882062557,2.9134814499752957,199577.62149855506,choked_restriction;kantrowitz_limit;nonlinear_acoustic_pulse;reduced_model_invalid,0.25,3.448068211234644,0.05
B,1.5,1.7,0.7785467128027683,150,0.1,piston,17598.8887328764,10132.5,7466.388732876399,1.7368752758822008,265.0718801466388,31.917790604042466,293.1848317482787,0.9242860895936834,False,none,15109.265431770731,13194.197995528182,1915.067436242548,2266389.81476561,4.19701817549187,1.1130825823359281e-16,0.0,0.3281519909609631,4826.505882062557,2.9134814499752957,199577.62149855506,kantrowitz_limit;nonlinear_acoustic_pulse;reduced_model_invalid,0.5,3.448068211234644,0.05
B,1.5,1.7,0.7785467128027683,150,0.1,piston,13511.919871551907,10132.5,3379.419871551907,1.3335228099237015,265.0718801466388,31.917790604042466,215.64278568165633,0.6546428029700899,False,none,7886.995297290391,5971.927861047843,1915.067436242548,1183049.2945935586,2.1908320270251087,0.0,1.299583925946357e-16,0.3281519909609631,4826.505882062557,2.9134814499752957,199577.62149855506,kantrowitz_limit;nonlinear_acoustic_pulse,1.0,3.448068211234644,0.05
B,1.5,1.7,0.7785467128027683,150,0.1,piston,12058.369653454416,10132.5,1925.869653454416,1.1900685569656468,265.0718801466388,31.917790604042466,169.02515200832573,0.5048467789901272,False,none,5318.3600359659995,3403.2925997234515,1915.067436242548,797754.0053948999,1.4773222322127777,3.3392477470077844e-16,1.1402224798067084e-16,0.3281519909609631,4826.505882062557,2.9134814499752957,199577.62149855506,kantrowitz_limit;nonlinear_acoustic_pulse,1.5,3.448068211234644,0.05
B,1.5,1.7,0.7785467128027683,150,0.1,piston,11376.489212733952,10132.5,1243.9892127339517,1.1227721897590872,265.0718801466388,31.917790604042466,138.4561145324201,0.4101180825405896,False,none,4113.377832919385,2198.310396676837,1915.067436242548,617006.6749379077,1.142604953588718,0.0,1.7652242073870098e-16,0.3281519909609631,4826.505882062557,2.9134814499752957,199577.62149855506,kantrowitz_limit;nonlinear_acoustic_pulse,2.0,3.448068211234644,0.05
B,1.5,1.7,0.7785467128027683,150,0.1,piston,10774.794451987585,10132.5,642.2944519875855,1.063389533874916,265.0718801466388,31.917790604042466,101.25964970880628,0.2976198375840918,False,none,3050.0954228832434,1135.0279866406954,1915.067436242548,457514.3134324865,0.8472487285786787,3.005322972307006e-15,0.0,0.3281519909609631,4826.505882062557,2.9134814499752957,199577.62149855506,kantrowitz_limit;nonlinear_acoustic_pulse,3.0,3.448068211234644,0.05
B,1.5,1.7,0.7785467128027683,150,0.1,piston,10523.880944702529,10132.5,391.3809447025287,1.0386262960476218,265.0718801466388,31.917790604042466,79.64854134645799,0.2333143304782097,False,none,2606.6946553483276,691.6272191057798,1915.067436242548,391004.19830224913,0.7240818487078687,3.3392477470077843e-15,0.0,0.3281519909609631,4826.505882062557,2.9134814499752957,199577.62149855506,kantrowitz_limit;nonlinear_acoustic_pulse,4.0,3.448068211234644,0.05
B,1.5,1.7,0.7785467128027683,200,0.001,piston,437.4126062454606,101.325,336.0876062454606,4.31692678258535,353.4291735288517,0.4255705413872328,313.3264943845849,1.0,True,annulus,627.9614678540952,593.9158245431165,34.045643310978626,125592.29357081903,0.174433741070582,0.0,1.225082295084598e-16,0.2678529486929499,64.35341176083409,2.9134814499752957,2661.0349533140675,choked_restriction;kantrowitz_limit;nonlinear_acoustic_pulse;reduced_model_invalid;low_reynolds_or_rarefaction_check,0.0,4.788246946530904,0.05
B,1.5,1.7,0.7785467128027683,200,0.001,piston,372.3667438813449,101.325,271.0417438813449,3.674974032877818,353.4291735288517,0.4255705413872328,313.3264943845849,1.0,True,annulus+dedicated_bypass,513.0159409699909,478.9702976590122,34.045643310978626,102603.18819399818,0.1425044280472197,0.0,0.0,0.2678529486929499,64.35341176083409,2.9134814499752957,2661.0349533140675,choked_restriction;kantrowitz_limit;nonlinear_acoustic_pulse;reduced_model_invalid;low_reynolds_or_rarefaction_check,0.1,4.788246946530904,0.05
B,1.5,1.7,0.7785467128027683,200,0.001,piston,304.45527262015673,101.325,203.13027262015675,3.0047399222319933,353.4291735288517,0.4255705413872328,313.3264943845849,1.0,True,annulus+dedicated_bypass,393.0064651651403,358.9608218541617,34.045643310978626,78601.29303302807,0.1091684625458723,1.3043936511749158e-16,0.0,0.2678529486929499,64.35341176083409,2.9134814499752957,2661.0349533140675,choked_restriction;kantrowitz_limit;nonlinear_acoustic_pulse;reduced_model_invalid;low_reynolds_or_rarefaction_check,0.25,4.788246946530904,0.05
B,1.5,1.7,0.7785467128027683,200,0.001,piston,233.48455970896617,101.325,132.15955970896619,2.3043134439572284,353.4291735288517,0.4255705413872328,313.3264943845849,1.0,True,annulus+dedicated_bypass,267.5908631203629,233.54521980938426,34.045643310978626,53518.17262407258,0.07433079531121191,1.3043936511749158e-16,0.0,0.2678529486929499,64.35341176083409,2.9134814499752957,2661.0349533140675,choked_restriction;kantrowitz_limit;nonlinear_acoustic_pulse;reduced_model_invalid;low_reynolds_or_rarefaction_check,0.5,4.788246946530904,0.05
B,1.5,1.7,0.7785467128027683,200,0.001,piston,162.52852676537597,101.325,61.20352676537597,1.6040318456982579,353.4291735288517,0.4255705413872328,272.74437471986704,0.8501277649346052,False,none,142.20120271966755,108.15555940868892,34.045643310978626,28440.24054393351,0.039500334088796545,0.0,0.0,0.2678529486929499,64.35341176083409,2.9134814499752957,2661.0349533140675,kantrowitz_limit;nonlinear_acoustic_pulse;reduced_model_invalid;low_reynolds_or_rarefaction_check,1.0,4.788246946530904,0.05
B,1.5,1.7,0.7785467128027683,200,0.001,piston,135.93098506971612,101.325,34.60598506971611,1.341534518329298,353.4291735288517,0.4255705413872328,217.78320979501478,0.6617066323262838,False,none,95.19946682268636,61.15382351170774,34.045643310978626,19039.89336453727,0.0264442963396351,3.9131809535247475e-16,0.0,0.2678529486929499,64.35341176083409,2.9134814499752957,2661.0349533140675,kantrowitz_limit;nonlinear_acoustic_pulse;low_reynolds_or_rarefaction_check,1.5,4.788246946530904,0.05
B,1.5,1.7,0.7785467128027683,200,0.001,piston,123.59383775469435,101.325,22.268837754694346,1.2197763410283182,353.4291735288517,0.4255705413872328,180.28866847036352,0.5403889155214652,False,none,73.39792792642719,39.35228461544856,34.045643310978626,14679.585585285437,0.02038831331289644,0.0,0.0,0.2678529486929499,64.35341176083409,2.9134814499752957,2661.0349533140675,kantrowitz_limit;nonlinear_acoustic_pulse;low_reynolds_or_rarefaction_check,2.0,4.788246946530904,0.05
B,1.5,1.7,0.7785467128027683,200,0.001,piston,112.78426423507577,101.325,11.459264235075764,1.1130941449304295,353.4291735288517,0.4255705413872328,133.26212183592048,0.3942451826217921,False,none,54.29583475023641,20.250191439257783,34.045643310978626,10859.166950047282,0.015082176319510114,1.1739542860574244e-15,0.0,0.2678529486929499,64.35341176083409,2.9134814499752957,2661.0349533140675,kantrowitz_limit;nonlinear_acoustic_pulse;low_reynolds_or_rarefaction_check,3.0,4.788246946530904,0.05
B,1.5,1.7,0.7785467128027683,200,0.001,piston,108.29793732526431,101.325,6.972937325264311,1.0688175408365588,353.4291735288517,0.4255705413872328,105.33217714037707,0.30981497089422444,False,none,46.367840690661865,12.322197379683237,34.045643310978626,9273.568138132374,0.012879955747406073,5.217574604699663e-16,0.0,0.2678529486929499,64.35341176083409,2.9134814499752957,2661.0349533140675,kantrowitz_limit;nonlinear_acoustic_pulse;low_reynolds_or_rarefaction_check,4.0,4.788246946530904,0.05
B,1.5,1.7,0.7785467128027683,200,0.003,piston,1312.237818736382,303.975,1008.262818736382,4.316926782585351,353.4291735288517,1.2767116241616985,313.3264943845849,1.0,True,annulus,1883.8844035622853,1781.7474736293495,102.13692993293589,376776.88071245706,0.5233012232117459,0.0,0.0,0.2678529486929499,193.0602352825023,2.9134814499752957,7983.104859942202,choked_restriction;kantrowitz_limit;nonlinear_acoustic_pulse;reduced_model_invalid;low_reynolds_or_rarefaction_check,0.0,4.788246946530905,0.05
B,1.5,1.7,0.7785467128027683,200,0.003,piston,1117.100231644035,303.975,813.1252316440349,3.6749740328778184,353.4291735288517,1.2767116241616985,313.3264943845849,1.0,True,annulus+dedicated_bypass,1539.0478229099726,1436.9108929770368,102.13692993293589,307809.56458199455,0.42751328414165907,1.7391915348998879e-16,0.0,0.2678529486929499,193.0602352825023,2.9134814499752957,7983.104859942202,choked_restriction;kantrowitz_limit;nonlinear_acoustic_pulse;reduced_model_invalid;low_reynolds_or_rarefaction_check,0.1,4.788246946530905,0.05
B,1.5,1.7,0.7785467128027683,200,0.003,piston,913.3658178604701,303.975,609.3908178604701,3.004739922231993,353.4291735288517,1.2767116241616985,313.3264943845849,1.0,True,annulus+dedicated_bypass,1179.0193954954204,1076.8824655624846,102.13692993293589,235803.8790990841,0.3275053876376168,0.0,1.3513002294791747e-16,0.2678529486929499,193.0602352825023,2.9134814499752957,7983.104859942202,choked_restriction;kantrowitz_limit;nonlinear_acoustic_pulse;reduced_model_invalid;low_reynolds_or_rarefaction_check,0.25,4.788246946530905,0.05
B,1.5,1.7,0.7785467128027683,200,0.003,piston,700.4536791268985,303.975,396.47867912689844,2.304313443957228,353.4291735288517,1.2767116241616985,313.3264943845849,1.0,True,annulus+dedicated_bypass,802.7725893610884,700.6356594281525,102.13692993293589,160554.5178722177,0.22299238593363568,0.0,0.0,0.2678529486929499,193.0602352825023,2.9134814499752957,7983.104859942202,choked_restriction;kantrowitz_limit;nonlinear_acoustic_pulse;reduced_model_invalid;low_reynolds_or_rarefaction_check,0.5,4.788246946530905,0.05
B,1.5,1.7,0.7785467128027683,200,0.003,piston,487.5855802961277,303.975,183.6105802961277,1.604031845698257,353.4291735288517,1.2767116241616985,272.74437471986704,0.8501277649346052,False,none,426.6036081590023,324.4666782260664,102.13692993293589,85320.72163180046,0.11850100226638953,3.4783830697997757e-16,0.0,0.2678529486929499,193.0602352825023,2.9134814499752957,7983.104859942202,kantrowitz_limit;nonlinear_acoustic_pulse;reduced_model_invalid;low_reynolds_or_rarefaction_check,1.0,4.788246946530905,0.05
B,1.5,1.7,0.7785467128027683,200,0.003,piston,407.7929552091482,303.975,103.81795520914818,1.3415345183292975,353.4291735288517,1.2767116241616985,217.78320979501456,0.661706632326283,False,none,285.5984004680588,183.46147053512294,102.13692993293589,57119.68009361176,0.07933288901890523,0.0,0.0,0.2678529486929499,193.0602352825023,2.9134814499752957,7983.104859942202,kantrowitz_limit;nonlinear_acoustic_pulse;low_reynolds_or_rarefaction_check,1.5,4.788246946530905,0.05
B,1.5,1.7,0.7785467128027683,200,0.003,piston,370.78151326408306,303.975,66.80651326408304,1.2197763410283182,353.4291735288517,1.2767116241616985,180.28866847036352,0.5403889155214652,False,none,220.19378377928157,118.05685384634569,102.13692993293589,44038.75675585632,0.06116493993868933,0.0,0.0,0.2678529486929499,193.0602352825023,2.9134814499752957,7983.104859942202,kantrowitz_limit;nonlinear_acoustic_pulse;low_reynolds_or_rarefaction_check,2.0,4.788246946530905,0.05
B,1.5,1.7,0.7785467128027683,200,0.003,piston,338.35279270522733,303.975,34.37779270522731,1.1130941449304295,353.4291735288517,1.2767116241616985,133.26212183592048,0.3942451826217921,False,none,162.88750425070927,60.75057431777338,102.13692993293589,32577.500850141852,0.04524652895853035,1.2174340744299214e-15,1.4970964669659818e-16,0.2678529486929499,193.0602352825023,2.9134814499752957,7983.104859942202,kantrowitz_limit;nonlinear_acoustic_pulse;low_reynolds_or_rarefaction_check,3.0,4.788246946530905,0.05
B,1.5,1.7,0.7785467128027683,200,0.003,piston,324.893811975793,303.975,20.918811975793005,1.068817540836559,353.4291735288517,1.2767116241616985,105.33217714037707,0.30981497089422444,False,none,139.1035220719857,36.96659213904984,102.13692993293589,27820.704414397143,0.038639867242218254,6.956766139599551e-16,1.2301576222550673e-16,0.2678529486929499,193.0602352825023,2.9134814499752957,7983.104859942202,kantrowitz_limit;nonlinear_acoustic_pulse;low_reynolds_or_rarefaction_check,4.0,4.788246946530905,0.05
B,1.5,1.7,0.7785467128027683,200,0.01,piston,4374.126062454606,1013.25,3360.8760624546057,4.31692678258535,353.4291735288517,4.255705413872328,313.3264943845849,1.0,True,annulus,6279.61467854095,5939.158245431164,340.4564331097863,1255922.93570819,1.7443374107058194,0.0,0.0,0.2678529486929499,643.5341176083409,2.9134814499752957,26610.349533140674,choked_restriction;kantrowitz_limit;nonlinear_acoustic_pulse;reduced_model_invalid,0.0,4.788246946530929,0.05
B,1.5,1.7,0.7785467128027683,200,0.01,piston,3723.6674388134493,1013.25,2710.4174388134493,3.674974032877818,353.4291735288517,4.255705413872328,313.3264943845849,1.0,True,annulus+dedicated_bypass,5130.159409699909,4789.7029765901225,340.4564331097863,1026031.8819399817,1.4250442804721968,0.0,1.2152666083462762e-16,0.2678529486929499,643.5341176083409,2.9134814499752957,26610.349533140674,choked_restriction;kantrowitz_limit;nonlinear_acoustic_pulse;reduced_model_invalid,0.1,4.788246946530929,0.05
B,1.5,1.7,0.7785467128027683,200,0.01,piston,3044.552726201567,1013.25,2031.302726201567,3.0047399222319933,353.4291735288517,4.255705413872328,313.3264943845849,1.0,True,annulus+dedicated_bypass,3930.0646516514025,3589.608218541616,340.4564331097863,786012.9303302804,1.091684625458723,0.0,0.0,0.2678529486929499,643.5341176083409,2.9134814499752957,26610.349533140674,choked_restriction;kantrowitz_limit;nonlinear_acoustic_pulse;reduced_model_invalid,0.25,4.788246946530929,0.05
B,1.5,1.7,0.7785467128027683,200,0.01,piston,2334.8455970896616,1013.25,1321.5955970896616,2.3043134439572284,353.4291735288517,4.255705413872328,313.3264943845849,1.0,True,annulus+dedicated_bypass,2675.9086312036284,2335.452198093842,340.4564331097863,535181.7262407257,0.743307953112119,2.0870298418798654e-16,0.0,0.2678529486929499,643.5341176083409,2.9134814499752957,26610.349533140674,choked_restriction;kantrowitz_limit;nonlinear_acoustic_pulse;reduced_model_invalid,0.5,4.788246946530929,0.05
B,1.5,1.7,0.7785467128027683,200,0.01,piston,1625.2852676537598,1013.25,612.0352676537598,1.6040318456982579,353.4291735288517,4.255705413872328,272.74437471986704,0.8501277649346052,False,none,1422.0120271966757,1081.5555940868894,340.4564331097863,284402.40543933515,0.39500334088796546,0.0,1.3454616025219125e-16,0.2678529486929499,643.5341176083409,2.9134814499752957,26610.349533140674,kantrowitz_limit;nonlinear_acoustic_pulse;reduced_model_invalid,1.0,4.788246946530929,0.05
B,1.5,1.7,0.7785467128027683,200,0.01,piston,1359.3098506971605,1013.25,346.0598506971605,1.3415345183292973,353.4291735288517,4.255705413872328,217.78320979501456,0.661706632326283,False,none,951.9946682268626,611.5382351170763,340.4564331097863,190398.9336453725,0.2644429633963507,0.0,1.189779673022485e-16,0.2678529486929499,643.5341176083409,2.9134814499752957,26610.349533140674,kantrowitz_limit;nonlinear_acoustic_pulse,1.5,4.788246946530929,0.05
B,1.5,1.7,0.7785467128027683,200,0.01,piston,1235.9383775469437,1013.25,222.68837754694368,1.2197763410283184,353.4291735288517,4.255705413872328,180.28866847036386,0.5403889155214662,False,none,733.9792792642723,393.52284615448605,340.4564331097863,146795.85585285447,0.20388313312896456,0.0,0.0,0.2678529486929499,643.5341176083409,2.9134814499752957,26610.349533140674,kantrowitz_limit;nonlinear_acoustic_pulse,2.0,4.788246946530929,0.05
B,1.5,1.7,0.7785467128027683,200,0.01,piston,1127.8426423507576,1013.25,114.59264235075761,1.1130941449304295,353.4291735288517,4.255705413872328,133.26212183592048,0.3942451826217921,False,none,542.9583475023641,202.5019143925778,340.4564331097863,108591.66950047281,0.15082176319510113,1.0435149209399327e-15,0.0,0.2678529486929499,643.5341176083409,2.9134814499752957,26610.349533140674,kantrowitz_limit;nonlinear_acoustic_pulse,3.0,4.788246946530929,0.05
B,1.5,1.7,0.7785467128027683,200,0.01,piston,1082.9793732526434,1013.25,69.72937325264343,1.068817540836559,353.4291735288517,4.255705413872328,105.33217714037707,0.30981497089422444,False,none,463.6784069066192,123.22197379683293,340.4564331097863,92735.68138132384,0.12879955747406088,8.348119367519462e-16,0.0,0.2678529486929499,643.5341176083409,2.9134814499752957,26610.349533140674,kantrowitz_limit;nonlinear_acoustic_pulse,4.0,4.788246946530929,0.05
B,1.5,1.7,0.7785467128027683,200,0.03,piston,13122.37818736382,3039.75,10082.62818736382,4.316926782585351,353.4291735288517,12.767116241616986,313.3264943845849,1.0,True,annulus,18838.844035622857,17817.474736293498,1021.3692993293588,3767768.8071245714,5.23301223211746,0.0,1.306754448090238e-16,0.26785294869294984,1930.602352825023,2.9134814499752957,79831.048599422,choked_restriction;kantrowitz_limit;nonlinear_acoustic_pulse;reduced_model_invalid,0.0,4.788246946530905,0.05
B,1.5,1.7,0.7785467128027683,200,0.03,piston,11171.002316440348,3039.75,8131.252316440348,3.6749740328778184,353.4291735288517,12.767116241616986,313.3264943845849,1.0,True,annulus+dedicated_bypass,15390.478229099726,14369.108929770367,1021.3692993293588,3078095.6458199453,4.275132841416591,0.0,0.0,0.26785294869294984,1930.602352825023,2.9134814499752957,79831.048599422,choked_restriction;kantrowitz_limit;nonlinear_acoustic_pulse;reduced_model_invalid,0.1,4.788246946530905,0.05
B,1.5,1.7,0.7785467128027683,200,0.03,piston,9133.658178604703,3039.75,6093.908178604703,3.0047399222319937,353.4291735288517,12.767116241616986,313.3264943845849,1.0,True,annulus+dedicated_bypass,11790.19395495421,10768.82465562485,1021.3692993293588,2358038.790990842,3.275053876376169,0.0,0.0,0.26785294869294984,1930.602352825023,2.9134814499752957,79831.048599422,choked_restriction;kantrowitz_limit;nonlinear_acoustic_pulse;reduced_model_invalid,0.25,4.788246946530905,0.05
B,1.5,1.7,0.7785467128027683,200,0.03,piston,7004.536791268985,3039.75,3964.7867912689853,2.3043134439572284,353.4291735288517,12.767116241616986,313.3264943845849,1.0,True,annulus+dedicated_bypass,8027.7258936108865,7006.356594281528,1021.3692993293588,1605545.1787221774,2.2299238593363575,1.39135322791991e-16,0.0,0.26785294869294984,1930.602352825023,2.9134814499752957,79831.048599422,choked_restriction;kantrowitz_limit;nonlinear_acoustic_pulse;reduced_model_invalid,0.5,4.788246946530905,0.05
B,1.5,1.7,0.7785467128027683,200,0.03,piston,4875.85580296128,3039.75,1836.1058029612796,1.6040318456982579,353.4291735288517,12.767116241616986,272.74437471986704,0.8501277649346052,False,none,4266.036081590028,3244.6667822606687,1021.3692993293588,853207.2163180055,1.1850100226638967,2.78270645583982e-16,0.0,0.26785294869294984,1930.602352825023,2.9134814499752957,79831.048599422,kantrowitz_limit;nonlinear_acoustic_pulse;reduced_model_invalid,1.0,4.788246946530905,0.05
B,1.5,1.7,0.7785467128027683,200,0.03,piston,4077.929552091482,3039.75,1038.179552091482,1.3415345183292975,353.4291735288517,12.767116241616986,217.78320979501456,0.661706632326283,False,none,2855.9840046805884,1834.6147053512298,1021.3692993293588,571196.8009361177,0.7933288901890524,0.0,1.5863728973633125e-16,0.26785294869294984,1930.602352825023,2.9134814499752957,79831.048599422,kantrowitz_limit;nonlinear_acoustic_pulse,1.5,4.788246946530905,0.05
B,1.5,1.7,0.7785467128027683,200,0.03,piston,3707.8151326408306,3039.75,668.0651326408306,1.2197763410283182,353.4291735288517,12.767116241616986,180.28866847036386,0.5403889155214662,False,none,2201.937837792816,1180.5685384634573,1021.3692993293588,440387.5675585632,0.6116493993868933,0.0,1.2326192638765872e-16,0.26785294869294984,1930.602352825023,2.9134814499752957,79831.048599422,kantrowitz_limit;nonlinear_acoustic_pulse,2.0,4.788246946530905,0.05
B,1.5,1.7,0.7785467128027683,200,0.03,piston,3383.527927052273,3039.75,343.77792705227284,1.1130941449304295,353.4291735288517,12.767116241616986,133.26212183592048,0.3942451826217921,False,none,1628.875042507092,607.5057431777334,1021.3692993293588,325775.0085014184,0.45246528958530335,1.113082582335928e-15,1.1976771735727863e-16,0.26785294869294984,1930.602352825023,2.9134814499752957,79831.048599422,kantrowitz_limit;nonlinear_acoustic_pulse,3.0,4.788246946530905,0.05
B,1.5,1.7,0.7785467128027683,200,0.03,piston,3248.93811975793,3039.75,209.18811975793005,1.068817540836559,353.4291735288517,12.767116241616986,105.33217714037707,0.30981497089422444,False,none,1391.035220719857,369.6659213904984,1021.3692993293588,278207.0441439714,0.3863986724221825,5.56541291167964e-16,0.0,0.26785294869294984,1930.602352825023,2.9134814499752957,79831.048599422,kantrowitz_limit;nonlinear_acoustic_pulse,4.0,4.788246946530905,0.05
B,1.5,1.7,0.7785467128027683,200,0.1,piston,43741.260624546056,10132.5,33608.760624546056,4.31692678258535,353.4291735288517,42.55705413872328,313.3264943845849,1.0,True,annulus,62796.146785409495,59391.58245431163,3404.5643310978626,12559229.3570819,17.443374107058194,0.0,0.0,0.26785294869294984,6435.34117608341,2.9134814499752957,266103.4953314067,choked_restriction;kantrowitz_limit;nonlinear_acoustic_pulse;reduced_model_invalid,0.0,4.788246946530905,0.05
B,1.5,1.7,0.7785467128027683,200,0.1,piston,37236.674388134496,10132.5,27104.174388134496,3.6749740328778184,353.4291735288517,42.55705413872328,313.3264943845849,1.0,True,annulus+dedicated_bypass,51301.59409699909,47897.02976590123,3404.5643310978626,10260318.819399819,14.25044280472197,0.0,1.9444265733540417e-16,0.26785294869294984,6435.34117608341,2.9134814499752957,266103.4953314067,choked_restriction;kantrowitz_limit;nonlinear_acoustic_pulse;reduced_model_invalid,0.1,4.788246946530905,0.05
B,1.5,1.7,0.7785467128027683,200,0.1,piston,30445.527262015665,10132.5,20313.027262015665,3.0047399222319924,353.4291735288517,42.55705413872328,313.3264943845849,1.0,True,annulus+dedicated_bypass,39300.64651651401,35896.08218541615,3404.5643310978626,7860129.303302802,10.916846254587226,0.0,1.297248220300008e-16,0.26785294869294984,6435.34117608341,2.9134814499752957,266103.4953314067,choked_restriction;kantrowitz_limit;nonlinear_acoustic_pulse;reduced_model_invalid,0.25,4.788246946530905,0.05
B,1.5,1.7,0.7785467128027683,200,0.1,piston,23348.455970896615,10132.5,13215.955970896615,2.3043134439572284,353.4291735288517,42.55705413872328,313.3264943845849,1.0,True,annulus+dedicated_bypass,26759.08631203628,23354.521980938418,3404.5643310978626,5351817.262407256,7.433079531121189,0.0,0.0,0.26785294869294984,6435.34117608341,2.9134814499752957,266103.4953314067,choked_restriction;kantrowitz_limit;nonlinear_acoustic_pulse;reduced_model_invalid,0.5,4.788246946530905,0.05
B,1.5,1.7,0.7785467128027683,200,0.1,piston,16252.852676537597,10132.5,6120.352676537597,1.6040318456982579,353.4291735288517,42.55705413872328,272.74437471986704,0.8501277649346052,False,none,14220.120271966756,10815.555940868893,3404.5643310978626,2844024.054393351,3.9500334088796545,1.6696238735038925e-16,2.1527385640350601e-16,0.26785294869294984,6435.34117608341,2.9134814499752957,266103.4953314067,kantrowitz_limit;nonlinear_acoustic_pulse;reduced_model_invalid,1.0,4.788246946530905,0.05
B,1.5,1.7,0.7785467128027683,200,0.1,piston,13593.098506971606,10132.5,3460.598506971606,1.3415345183292975,353.4291735288517,42.55705413872328,217.78320979501456,0.661706632326283,False,none,9519.946682268628,6115.382351170765,3404.5643310978626,1903989.3364537256,2.6444296339635076,0.0,0.0,0.26785294869294984,6435.34117608341,2.9134814499752957,266103.4953314067,kantrowitz_limit;nonlinear_acoustic_pulse,1.5,4.788246946530905,0.05
B,1.5,1.7,0.7785467128027683,200,0.1,piston,12359.383775469434,10132.5,2226.883775469434,1.2197763410283182,353.4291735288517,42.55705413872328,180.28866847036352,0.5403889155214652,False,none,7339.792792642718,3935.2284615448557,3404.5643310978626,1467958.5585285437,2.0388313312896438,0.0,1.4791431166519054e-16,0.26785294869294984,6435.34117608341,2.9134814499752957,266103.4953314067,kantrowitz_limit;nonlinear_acoustic_pulse,2.0,4.788246946530905,0.05
B,1.5,1.7,0.7785467128027683,200,0.1,piston,11278.426423507577,10132.5,1145.926423507577,1.1130941449304295,353.4291735288517,42.55705413872328,133.26212183592048,0.3942451826217921,False,none,5429.583475023642,2025.0191439257794,3404.5643310978626,1085916.6950047284,1.5082176319510117,1.1687367114527246e-15,0.0,0.26785294869294984,6435.34117608341,2.9134814499752957,266103.4953314067,kantrowitz_limit;nonlinear_acoustic_pulse,3.0,4.788246946530905,0.05
B,1.5,1.7,0.7785467128027683,200,0.1,piston,10829.793732526434,10132.5,697.2937325264338,1.068817540836559,353.4291735288517,42.55705413872328,105.33217714037707,0.30981497089422444,False,none,4636.784069066191,1232.2197379683284,3404.5643310978626,927356.8138132382,1.2879955747406084,6.67849549401557e-16,0.0,0.26785294869294984,6435.34117608341,2.9134814499752957,266103.4953314067,kantrowitz_limit;nonlinear_acoustic_pulse,4.0,4.788246946530905,0.05
B,1.5,1.7,0.7785467128027683,250,0.001,piston,546.7657578068257,101.325,445.44075780682573,5.396158478231687,441.7864669110647,0.531963176734041,313.3264943845849,1.0,True,annulus,840.3551121120632,787.1587944386591,53.1963176734041,210088.7780280158,0.23343197558668424,0.0,1.4789305874420576e-16,0.23810845285580506,80.44176470104262,2.9134814499752957,3326.2936916425842,choked_restriction;kantrowitz_limit;nonlinear_acoustic_pulse;reduced_model_invalid;low_reynolds_or_rarefaction_check,0.0,6.128425681827165,0.05
B,1.5,1.7,0.7785467128027683,250,0.001,piston,465.45842985168116,101.325,364.13342985168117,4.593717541097273,441.7864669110647,0.531963176734041,313.3264943845849,1.0,True,annulus+dedicated_bypass,696.673203506933,643.4768858335289,53.1963176734041,174168.30087673324,0.1935203343074814,0.0,1.8091608943518775e-16,0.23810845285580506,80.44176470104262,2.9134814499752957,3326.2936916425842,choked_restriction;kantrowitz_limit;nonlinear_acoustic_pulse;reduced_model_invalid;low_reynolds_or_rarefaction_check,0.1,6.128425681827165,0.05
B,1.5,1.7,0.7785467128027683,250,0.001,piston,380.5690907751959,101.325,279.2440907751959,3.7559249027899915,441.7864669110647,0.531963176734041,313.3264943845849,1.0,True,annulus+dedicated_bypass,546.6613587508698,493.4650410774657,53.1963176734041,136665.33968771744,0.15185037743079716,0.0,0.0,0.23810845285580506,80.44176470104262,2.9134814499752957,3326.2936916425842,choked_restriction;kantrowitz_limit;nonlinear_acoustic_pulse;reduced_model_invalid;low_reynolds_or_rarefaction_check,0.25,6.128425681827165,0.05
B,1.5,1.7,0.7785467128027683,250,0.001,piston,291.8556996362077,101.325,190.53069963620771,2.8803918049465356,441.7864669110647,0.531963176734041,313.3264943845849,1.0,True,annulus+dedicated_bypass,389.891856194898,336.6955385214939,53.1963176734041,97472.9640487245,0.10830329338747167,2.0870298418798654e-16,0.0,0.23810845285580506,80.44176470104262,2.9134814499752957,3326.2936916425842,choked_restriction;kantrowitz_limit;nonlinear_acoustic_pulse;reduced_model_invalid;low_reynolds_or_rarefaction_check,0.5,6.128425681827165,0.05
B,1.5,1.7,0.7785467128027683,250,0.001,piston,199.05390633153675,101.325,97.72890633153675,1.9645093148930348,441.7864669110647,0.531963176734041,313.3264943845849,1.0,True,annulus+dedicated_bypass,225.89755064657209,172.70123297316798,53.1963176734041,56474.38766164302,0.0627493196240478,0.0,1.685212662103893e-16,0.23810845285580506,80.44176470104262,2.9134814499752957,3326.2936916425842,choked_restriction;kantrowitz_limit;nonlinear_acoustic_pulse;reduced_model_invalid;low_reynolds_or_rarefaction_check,1.0,6.128425681827165,0.05
B,1.5,1.7,0.7785467128027683,250,0.001,piston,156.1452702207249,101.325,54.82027022072491,1.5410340016849238,441.7864669110647,0.531963176734041,261.6564498975228,0.810912545341822,False,none,150.07173165709975,96.87541398369564,53.1963176734041,37517.932914274934,0.04168659212697215,6.261089525639596e-16,0.0,0.23810845285580506,80.44176470104262,2.9134814499752957,3326.2936916425842,kantrowitz_limit;nonlinear_acoustic_pulse;reduced_model_invalid;low_reynolds_or_rarefaction_check,1.5,6.128425681827165,0.05
B,1.5,1.7,0.7785467128027683,250,0.001,piston,136.43228580960906,101.325,35.10728580960905,1.346481971967521,441.7864669110647,0.531963176734041,219.0864360749209,0.6660164690288869,False,none,115.23601271606066,62.03969504265656,53.1963176734041,28809.003179015162,0.032010003532239074,1.0435149209399327e-15,0.0,0.23810845285580506,80.44176470104262,2.9134814499752957,3326.2936916425842,kantrowitz_limit;nonlinear_acoustic_pulse;low_reynolds_or_rarefaction_check,2.0,6.128425681827165,0.05
B,1.5,1.7,0.7785467128027683,250,0.001,piston,119.31268440507709,101.325,17.98768440507709,1.1775246425371535,441.7864669110647,0.531963176734041,163.92093434830463,0.4888608406534727,False,none,84.98317983832516,31.786862164921054,53.1963176734041,21245.79495958129,0.02360643884397921,6.261089525639596e-16,0.0,0.23810845285580506,80.44176470104262,2.9134814499752957,3326.2936916425842,kantrowitz_limit;nonlinear_acoustic_pulse;low_reynolds_or_rarefaction_check,3.0,6.128425681827165,0.05
B,1.5,1.7,0.7785467128027683,250,0.001,piston,112.25068020874374,101.325,10.925680208743742,1.1078280800270786,441.7864669110647,0.531963176734041,130.32353340636035,0.385290498492064,False,none,72.50358830548826,19.307270632084165,53.1963176734041,18125.897076372064,0.020139885640413406,1.878326857691879e-15,0.0,0.23810845285580506,80.44176470104262,2.9134814499752957,3326.2936916425842,kantrowitz_limit;nonlinear_acoustic_pulse;low_reynolds_or_rarefaction_check,4.0,6.128425681827165,0.05
B,1.5,1.7,0.7785467128027683,250,0.003,piston,1640.2972734204775,303.975,1336.3222734204774,5.396158478231688,441.7864669110647,1.5958895302021232,313.3264943845849,1.0,True,annulus,2521.06533633619,2361.4763833159777,159.58895302021233,630266.3340840475,0.7002959267600527,0.0,0.0,0.2381084528558051,241.32529410312787,2.9134814499752957,9978.88107492775,choked_restriction;kantrowitz_limit;nonlinear_acoustic_pulse;reduced_model_invalid;low_reynolds_or_rarefaction_check,0.0,6.128425681827167,0.05
B,1.5,1.7,0.7785467128027683,250,0.003,piston,1396.3752895550435,303.975,1092.4002895550434,4.593717541097273,441.7864669110647,1.5958895302021232,313.3264943845849,1.0,True,annulus+dedicated_bypass,2090.019610520799,1930.4306575005864,159.58895302021233,522504.9026301997,0.5805610029224441,0.0,1.2061072629012516e-16,0.2381084528558051,241.32529410312787,2.9134814499752957,9978.88107492775,choked_restriction;kantrowitz_limit;nonlinear_acoustic_pulse;reduced_model_invalid;low_reynolds_or_rarefaction_check,0.1,6.128425681827167,0.05
B,1.5,1.7,0.7785467128027683,250,0.003,piston,1141.7072723255878,303.975,837.7322723255878,3.755924902789992,441.7864669110647,1.5958895302021232,313.3264943845849,1.0,True,annulus+dedicated_bypass,1639.9840762526096,1480.3951232323973,159.58895302021233,409996.01906315243,0.4555511322923916,0.0,0.0,0.2381084528558051,241.32529410312787,2.9134814499752957,9978.88107492775,choked_restriction;kantrowitz_limit;nonlinear_acoustic_pulse;reduced_model_invalid;low_reynolds_or_rarefaction_check,0.25,6.128425681827167,0.05
B,1.5,1.7,0.7785467128027683,250,0.003,piston,875.5670989086232,303.975,571.5920989086231,2.8803918049465356,441.7864669110647,1.5958895302021232,313.3264943845849,1.0,True,annulus+dedicated_bypass,1169.675568584694,1010.0866155644817,159.58895302021233,292418.8921461735,0.324909880162415,1.39135322791991e-16,1.1525281102935584e-16,0.2381084528558051,241.32529410312787,2.9134814499752957,9978.88107492775,choked_restriction;kantrowitz_limit;nonlinear_acoustic_pulse;reduced_model_invalid;low_reynolds_or_rarefaction_check,0.5,6.128425681827167,0.05
B,1.5,1.7,0.7785467128027683,250,0.003,piston,597.1617189946103,303.975,293.18671899461026,1.9645093148930348,441.7864669110647,1.5958895302021232,313.3264943845849,1.0,True,annulus+dedicated_bypass,677.6926519397164,518.103698919504,159.58895302021233,169423.1629849291,0.18824795887214343,0.0,1.1234751080692619e-16,0.2381084528558051,241.32529410312787,2.9134814499752957,9978.88107492775,choked_restriction;kantrowitz_limit;nonlinear_acoustic_pulse;reduced_model_invalid;low_reynolds_or_rarefaction_check,1.0,6.128425681827167,0.05
B,1.5,1.7,0.7785467128027683,250,0.003,piston,468.4358106621748,303.975,164.46081066217477,1.541034001684924,441.7864669110647,1.5958895302021232,261.6564498975228,0.810912545341822,False,none,450.2151949712993,290.62624195108697,159.58895302021233,112553.79874282483,0.12505977638091648,6.95676613959955e-16,0.0,0.2381084528558051,241.32529410312787,2.9134814499752957,9978.88107492775,kantrowitz_limit;nonlinear_acoustic_pulse;reduced_model_invalid;low_reynolds_or_rarefaction_check,1.5,6.128425681827167,0.05
B,1.5,1.7,0.7785467128027683,250,0.003,piston,409.29685742882714,303.975,105.32185742882712,1.3464819719675207,441.7864669110647,1.5958895302021232,219.0864360749209,0.6660164690288869,False,none,345.7080381481819,186.1190851279696,159.58895302021233,86427.00953704548,0.0960300105967172,9.739472595439371e-16,0.0,0.2381084528558051,241.32529410312787,2.9134814499752957,9978.88107492775,kantrowitz_limit;nonlinear_acoustic_pulse;low_reynolds_or_rarefaction_check,2.0,6.128425681827167,0.05
B,1.5,1.7,0.7785467128027683,250,0.003,piston,357.9380532152312,303.975,53.963053215231184,1.1775246425371533,441.7864669110647,1.5958895302021232,163.92093434830426,0.4888608406534716,False,none,254.94953951497536,95.36058649476301,159.58895302021233,63737.38487874384,0.0708193165319376,4.1740596837597304e-16,0.0,0.2381084528558051,241.32529410312787,2.9134814499752957,9978.88107492775,kantrowitz_limit;nonlinear_acoustic_pulse;low_reynolds_or_rarefaction_check,3.0,6.128425681827167,0.05
B,1.5,1.7,0.7785467128027683,250,0.003,piston,336.7520406262313,303.975,32.77704062623127,1.1078280800270788,441.7864669110647,1.5958895302021232,130.32353340636035,0.385290498492064,False,none,217.5107649164649,57.92181189625257,159.58895302021233,54377.69122911622,0.060419656921240246,0.0,0.0,0.2381084528558051,241.32529410312787,2.9134814499752957,9978.88107492775,kantrowitz_limit;nonlinear_acoustic_pulse;low_reynolds_or_rarefaction_check,4.0,6.128425681827167,0.05
B,1.5,1.7,0.7785467128027683,250,0.01,piston,5467.657578068257,1013.25,4454.407578068257,5.396158478231687,441.7864669110647,5.31963176734041,313.3264943845849,1.0,True,annulus,8403.551121120632,7871.587944386591,531.963176734041,2100887.780280158,2.3343197558668423,0.0,1.1831444699536463e-16,0.2381084528558051,804.4176470104262,2.9134814499752957,33262.93691642584,choked_restriction;kantrowitz_limit;nonlinear_acoustic_pulse;reduced_model_invalid,0.0,6.1284256818271965,0.05
B,1.5,1.7,0.7785467128027683,250,0.01,piston,4654.584298516812,1013.25,3641.334298516812,4.5937175410972735,441.7864669110647,5.31963176734041,313.3264943845849,1.0,True,annulus+dedicated_bypass,6966.73203506933,6434.768858335289,531.963176734041,1741683.0087673324,1.935203343074814,0.0,1.447328715481502e-16,0.2381084528558051,804.4176470104262,2.9134814499752957,33262.93691642584,choked_restriction;kantrowitz_limit;nonlinear_acoustic_pulse;reduced_model_invalid,0.1,6.1284256818271965,0.05
B,1.5,1.7,0.7785467128027683,250,0.01,piston,3805.690907751958,1013.25,2792.440907751958,3.7559249027899906,441.7864669110647,5.31963176734041,313.3264943845849,1.0,True,annulus+dedicated_bypass,5466.613587508696,4934.650410774655,531.963176734041,1366653.396877174,1.518503774307971,0.0,1.8873121641645874e-16,0.2381084528558051,804.4176470104262,2.9134814499752957,33262.93691642584,choked_restriction;kantrowitz_limit;nonlinear_acoustic_pulse;reduced_model_invalid,0.25,6.1284256818271965,0.05
B,1.5,1.7,0.7785467128027683,250,0.01,piston,2918.556996362077,1013.25,1905.306996362077,2.880391804946535,441.7864669110647,5.31963176734041,313.3264943845849,1.0,True,annulus+dedicated_bypass,3898.91856194898,3366.955385214939,531.963176734041,974729.6404872449,1.0830329338747167,0.0,0.0,0.2381084528558051,804.4176470104262,2.9134814499752957,33262.93691642584,choked_restriction;kantrowitz_limit;nonlinear_acoustic_pulse;reduced_model_invalid,0.5,6.1284256818271965,0.05
B,1.5,1.7,0.7785467128027683,250,0.01,piston,1990.5390633153677,1013.25,977.2890633153677,1.964509314893035,441.7864669110647,5.31963176734041,313.3264943845849,1.0,True,annulus+dedicated_bypass,2258.975506465721,1727.0123297316802,531.963176734041,564743.8766164302,0.6274931962404781,1.6696238735038925e-16,0.0,0.2381084528558051,804.4176470104262,2.9134814499752957,33262.93691642584,choked_restriction;kantrowitz_limit;nonlinear_acoustic_pulse;reduced_model_invalid,1.0,6.1284256818271965,0.05
B,1.5,1.7,0.7785467128027683,250,0.01,piston,1561.452702207249,1013.25,548.2027022072491,1.5410340016849238,441.7864669110647,5.31963176734041,261.6564498975228,0.810912545341822,False,none,1500.7173165709974,968.7541398369564,531.963176734041,375179.3291427493,0.4168659212697215,5.008871620511677e-16,0.0,0.2381084528558051,804.4176470104262,2.9134814499752957,33262.93691642584,kantrowitz_limit;nonlinear_acoustic_pulse;reduced_model_invalid,1.5,6.1284256818271965,0.05
B,1.5,1.7,0.7785467128027683,250,0.01,piston,1364.32285809609,1013.25,351.07285809608993,1.3464819719675203,441.7864669110647,5.31963176734041,219.0864360749209,0.6660164690288869,False,none,1152.3601271606055,620.3969504265646,531.963176734041,288090.0317901514,0.32010003532239045,6.67849549401557e-16,0.0,0.2381084528558051,804.4176470104262,2.9134814499752957,33262.93691642584,kantrowitz_limit;nonlinear_acoustic_pulse,2.0,6.1284256818271965,0.05
B,1.5,1.7,0.7785467128027683,250,0.01,piston,1193.1268440507706,1013.25,179.87684405077061,1.1775246425371533,441.7864669110647,5.31963176734041,163.92093434830426,0.4888608406534716,False,none,849.831798383251,317.86862164921,531.963176734041,212457.94959581274,0.23606438843979194,5.008871620511677e-16,1.8311861237345905e-16,0.2381084528558051,804.4176470104262,2.9134814499752957,33262.93691642584,kantrowitz_limit;nonlinear_acoustic_pulse,3.0,6.1284256818271965,0.05
B,1.5,1.7,0.7785467128027683,250,0.01,piston,1122.5068020874376,1013.25,109.25680208743756,1.1078280800270788,441.7864669110647,5.31963176734041,130.32353340636035,0.385290498492064,False,none,725.0358830548829,193.0727063208419,531.963176734041,181258.97076372072,0.20139885640413413,0.0,1.5074026262609023e-16,0.2381084528558051,804.4176470104262,2.9134814499752957,33262.93691642584,kantrowitz_limit;nonlinear_acoustic_pulse,4.0,6.1284256818271965,0.05
B,1.5,1.7,0.7785467128027683,250,0.03,piston,16402.97273420478,3039.75,13363.22273420478,5.3961584782316905,441.7864669110647,15.958895302021233,313.3264943845849,1.0,True,annulus,25210.65336336191,23614.76383315979,1595.8895302021233,6302663.3408404775,7.002959267600531,3.3392477470077844e-16,0.0,0.23810845285580506,2413.2529410312786,2.9134814499752957,99788.81074927753,choked_restriction;kantrowitz_limit;nonlinear_acoustic_pulse;reduced_model_invalid,0.0,6.128425681827167,0.05
B,1.5,1.7,0.7785467128027683,250,0.03,piston,13963.752895550437,3039.75,10924.002895550437,4.5937175410972735,441.7864669110647,15.958895302021233,313.3264943845849,1.0,True,annulus+dedicated_bypass,20900.196105207993,19304.30657500587,1595.8895302021233,5225049.026301999,5.805610029224442,0.0,0.0,0.23810845285580506,2413.2529410312786,2.9134814499752957,99788.81074927753,choked_restriction;kantrowitz_limit;nonlinear_acoustic_pulse;reduced_model_invalid,0.1,6.128425681827167,0.05
B,1.5,1.7,0.7785467128027683,250,0.03,piston,11417.072723255878,3039.75,8377.322723255878,3.755924902789992,441.7864669110647,15.958895302021233,313.3264943845849,1.0,True,annulus+dedicated_bypass,16399.840762526095,14803.951232323972,1595.8895302021233,4099960.1906315237,4.555511322923915,0.0,0.0,0.23810845285580506,2413.2529410312786,2.9134814499752957,99788.81074927753,choked_restriction;kantrowitz_limit;nonlinear_acoustic_pulse;reduced_model_invalid,0.25,6.128425681827167,0.05
B,1.5,1.7,0.7785467128027683,250,0.03,piston,8755.670989086233,3039.75,5715.920989086233,2.880391804946536,441.7864669110647,15.958895302021233,313.3264943845849,1.0,True,annulus+dedicated_bypass,11696.755685846943,10100.86615564482,1595.8895302021233,2924188.921461736,3.249098801624151,1.1130825823359281e-16,0.0,0.23810845285580506,2413.2529410312786,2.9134814499752957,99788.81074927753,choked_restriction;kantrowitz_limit;nonlinear_acoustic_pulse;reduced_model_invalid,0.5,6.128425681827167,0.05
B,1.5,1.7,0.7785467128027683,250,0.03,piston,5971.617189946104,3039.75,2931.867189946104,1.9645093148930353,441.7864669110647,15.958895302021233,313.3264943845849,1.0,True,annulus+dedicated_bypass,6776.926519397166,5181.036989195043,1595.8895302021233,1694231.6298492914,1.882479588721435,0.0,0.0,0.23810845285580506,2413.2529410312786,2.9134814499752957,99788.81074927753,choked_restriction;kantrowitz_limit;nonlinear_acoustic_pulse;reduced_model_invalid,1.0,6.128425681827167,0.05
B,1.5,1.7,0.7785467128027683,250,0.03,piston,4684.3581066217475,3039.75,1644.6081066217475,1.541034001684924,441.7864669110647,15.958895302021233,261.6564498975228,0.810912545341822,False,none,4502.151949712993,2906.2624195108697,1595.8895302021233,1125537.9874282482,1.2505977638091648,5.56541291167964e-16,0.0,0.23810845285580506,2413.2529410312786,2.9134814499752957,99788.81074927753,kantrowitz_limit;nonlinear_acoustic_pulse;reduced_model_invalid,1.5,6.128425681827167,0.05
B,1.5,1.7,0.7785467128027683,250,0.03,piston,4092.9685742882693,3039.75,1053.2185742882693,1.34648197196752,441.7864669110647,15.958895302021233,219.0864360749209,0.6660164690288869,False,none,3457.0803814818164,1861.1908512796929,1595.8895302021233,864270.0953704541,0.9603001059671712,4.452330329343713e-16,0.0,0.23810845285580506,2413.2529410312786,2.9134814499752957,99788.81074927753,kantrowitz_limit;nonlinear_acoustic_pulse,2.0,6.128425681827167,0.05
B,1.5,1.7,0.7785467128027683,250,0.03,piston,3579.3805321523128,3039.75,539.6305321523128,1.1775246425371537,441.7864669110647,15.958895302021233,163.92093434830463,0.4888608406534727,False,none,2549.495395149755,953.6058649476317,1595.8895302021233,637373.8487874387,0.7081931653193764,6.678495494015569e-16,0.0,0.23810845285580506,2413.2529410312786,2.9134814499752957,99788.81074927753,kantrowitz_limit;nonlinear_acoustic_pulse,3.0,6.128425681827167,0.05
B,1.5,1.7,0.7785467128027683,250,0.03,piston,3367.5204062623125,3039.75,327.77040626231246,1.1078280800270788,441.7864669110647,15.958895302021233,130.32353340636035,0.385290498492064,False,none,2175.1076491646486,579.2181189625253,1595.8895302021233,543776.9122911622,0.6041965692124024,1.780932131737485e-15,0.0,0.23810845285580506,2413.2529410312786,2.9134814499752957,99788.81074927753,kantrowitz_limit;nonlinear_acoustic_pulse,4.0,6.128425681827167,0.05
B,1.5,1.7,0.7785467128027683,250,0.1,piston,54676.575780682586,10132.5,44544.075780682586,5.396158478231689,441.7864669110647,53.1963176734041,313.3264943845849,1.0,True,annulus,84035.51121120635,78715.87944386594,5319.631767340411,21008877.802801587,23.343197558668432,1.335699098803114e-16,0.0,0.23810845285580512,8044.176470104261,2.9134814499752957,332629.36916425836,choked_restriction;kantrowitz_limit;nonlinear_acoustic_pulse;reduced_model_invalid,0.0,6.128425681827167,0.05
B,1.5,1.7,0.7785467128027683,250,0.1,piston,46545.842985168114,10132.5,36413.342985168114,4.593717541097273,441.7864669110647,53.1963176734041,313.3264943845849,1.0,True,annulus+dedicated_bypass,69667.32035069329,64347.68858335289,5319.631767340411,17416830.08767332,19.352033430748136,0.0,0.0,0.23810845285580512,8044.176470104261,2.9134814499752957,332629.36916425836,choked_restriction;kantrowitz_limit;nonlinear_acoustic_pulse;reduced_model_invalid,0.1,6.128425681827167,0.05
B,1.5,1.7,0.7785467128027683,250,0.1,piston,38056.909077519595,10132.5,27924.409077519595,3.755924902789992,441.7864669110647,53.1963176734041,313.3264943845849,1.0,True,annulus+dedicated_bypass,54666.135875086984,49346.50410774657,5319.631767340411,13666533.968771746,15.185037743079718,0.0,1.509849731331669e-16,0.23810845285580512,8044.176470104261,2.9134814499752957,332629.36916425836,choked_restriction;kantrowitz_limit;nonlinear_acoustic_pulse;reduced_model_invalid,0.25,6.128425681827167,0.05
B,1.5,1.7,0.7785467128027683,250,0.1,piston,29185.569963620765,10132.5,19053.069963620765,2.8803918049465347,441.7864669110647,53.1963176734041,313.3264943845849,1.0,True,annulus+dedicated_bypass,38989.18561948979,33669.55385214938,5319.631767340411,9747296.404872447,10.830329338747164,0.0,0.0,0.23810845285580512,8044.176470104261,2.9134814499752957,332629.36916425836,choked_restriction;kantrowitz_limit;nonlinear_acoustic_pulse;reduced_model_invalid,0.5,6.128425681827167,0.05
B,1.5,1.7,0.7785467128027683,250,0.1,piston,19905.39063315368,10132.5,9772.890633153678,1.964509314893035,441.7864669110647,53.1963176734041,313.3264943845849,1.0,True,annulus+dedicated_bypass,22589.755064657216,17270.123297316804,5319.631767340411,5647438.766164304,6.274931962404782,0.0,0.0,0.23810845285580512,8044.176470104261,2.9134814499752957,332629.36916425836,choked_restriction;kantrowitz_limit;nonlinear_acoustic_pulse;reduced_model_invalid,1.0,6.128425681827167,0.05
B,1.5,1.7,0.7785467128027683,250,0.1,piston,15614.52702207249,10132.5,5482.027022072491,1.5410340016849238,441.7864669110647,53.1963176734041,261.6564498975228,0.810912545341822,False,none,15007.173165709974,9687.541398369563,5319.631767340411,3751793.2914274936,4.168659212697215,5.342796395212456e-16,0.0,0.23810845285580512,8044.176470104261,2.9134814499752957,332629.36916425836,kantrowitz_limit;nonlinear_acoustic_pulse;reduced_model_invalid,1.5,6.128425681827167,0.05
B,1.5,1.7,0.7785467128027683,250,0.1,piston,13643.228580960898,10132.5,3510.7285809608984,1.3464819719675203,441.7864669110647,53.1963176734041,219.0864360749209,0.6660164690288869,False,none,11523.601271606054,6203.969504265644,5319.631767340411,2880900.3179015135,3.201000353223904,6.678495494015569e-16,0.0,0.23810845285580512,8044.176470104261,2.9134814499752957,332629.36916425836,kantrowitz_limit;nonlinear_acoustic_pulse,2.0,6.128425681827167,0.05
B,1.5,1.7,0.7785467128027683,250,0.1,piston,11931.268440507709,10132.5,1798.7684405077089,1.1775246425371535,441.7864669110647,53.1963176734041,163.92093434830463,0.4888608406534727,False,none,8498.317983832516,3178.6862164921054,5319.631767340411,2124579.495958129,2.360643884397921,8.014194592818683e-16,0.0,0.23810845285580512,8044.176470104261,2.9134814499752957,332629.36916425836,kantrowitz_limit;nonlinear_acoustic_pulse,3.0,6.128425681827167,0.05
B,1.5,1.7,0.7785467128027683,250,0.1,piston,11225.068020874374,10132.5,1092.5680208743743,1.1078280800270786,441.7864669110647,53.1963176734041,130.32353340636035,0.385290498492064,False,none,7250.358830548827,1930.7270632084167,5319.631767340411,1812589.707637207,2.013988564041341,2.0035486482046707e-15,0.0,0.23810845285580512,8044.176470104261,2.9134814499752957,332629.36916425836,kantrowitz_limit;nonlinear_acoustic_pulse,4.0,6.128425681827167,0.05
B,1.5,1.7,0.7785467128027683,300,0.001,piston,656.118909368191,101.325,554.793909368191,6.475390173878026,530.1437602932776,0.6383558120808492,313.3264943845849,1.0,True,annulus,1057.004461783904,980.401764334202,76.6026974497019,317101.3385351712,0.29361235049552886,0.0,1.979041077205617e-16,0.22462408088569139,96.53011764125114,2.9134814499752957,3991.552429971101,choked_restriction;kantrowitz_limit;nonlinear_acoustic_pulse;reduced_model_invalid;low_reynolds_or_rarefaction_check,0.0,7.468604417123427,0.05
B,1.5,1.7,0.7785467128027683,300,0.001,piston,558.5501158220175,101.325,457.2251158220175,5.512461049316728,530.1437602932776,0.6383558120808492,313.3264943845849,1.0,True,annulus+dedicated_bypass,884.5861714577477,807.9834740080457,76.6026974497019,265375.8514373243,0.24571838096048548,1.7391915348998879e-16,0.0,0.22462408088569139,96.53011764125114,2.9134814499752957,3991.552429971101,choked_restriction;kantrowitz_limit;nonlinear_acoustic_pulse;reduced_model_invalid;low_reynolds_or_rarefaction_check,0.1,7.468604417123427,0.05
B,1.5,1.7,0.7785467128027683,300,0.001,piston,456.68290893023504,101.325,355.35790893023506,4.507109883347989,530.1437602932776,0.6383558120808492,313.3264943845849,1.0,True,annulus+dedicated_bypass,704.5719577504715,627.9692603007696,76.6026974497019,211371.58732514145,0.1957144327084643,0.0,1.5448649212964259e-16,0.22462408088569139,96.53011764125114,2.9134814499752957,3991.552429971101,choked_restriction;kantrowitz_limit;nonlinear_acoustic_pulse;reduced_model_invalid;low_reynolds_or_rarefaction_check,0.25,7.468604417123427,0.05
B,1.5,1.7,0.7785467128027683,300,0.001,piston,350.22683956344923,101.325,248.90183956344924,3.4564701659358423,530.1437602932776,0.6383558120808492,313.3264943845849,1.0,True,annulus+dedicated_bypass,516.4485546833055,439.84585723360357,76.6026974497019,154934.56640499164,0.14345793185647374,0.0,0.0,0.22462408088569139,96.53011764125114,2.9134814499752957,3991.552429971101,choked_restriction;kantrowitz_limit;nonlinear_acoustic_pulse;reduced_model_invalid;low_reynolds_or_rarefaction_check,0.5,7.468604417123427,0.05
B,1.5,1.7,0.7785467128027683,300,0.001,piston,238.8646875978441,101.325,137.53968759784408,2.357411177871642,530.1437602932776,0.6383558120808492,313.3264943845849,1.0,True,annulus+dedicated_bypass,319.6553880253143,243.05269057561244,76.6026974497019,95896.6164075943,0.08879316334036509,0.0,0.0,0.22462408088569139,96.53011764125114,2.9134814499752957,3991.552429971101,choked_restriction;kantrowitz_limit;nonlinear_acoustic_pulse;reduced_model_invalid;low_reynolds_or_rarefaction_check,1.0,7.468604417123427,0.05
B,1.5,1.7,0.7785467128027683,300,0.001,piston,181.58943629963292,101.325,80.26443629963292,1.7921483967395304,530.1437602932776,0.6383558120808492,300.7327759027885,0.9523340259000994,False,none,218.44166437539405,141.83896692569215,76.6026974497019,65532.499312618216,0.060678240104276124,1.7391915348998879e-16,0.0,0.22462408088569139,96.53011764125114,2.9134814499752957,3991.552429971101,kantrowitz_limit;nonlinear_acoustic_pulse;reduced_model_invalid;low_reynolds_or_rarefaction_check,1.5,7.468604417123427,0.05
B,1.5,1.7,0.7785467128027683,300,0.001,piston,152.43408558132052,101.325,51.109085581320514,1.5044074570078512,530.1437602932776,0.6383558120808492,254.70374281327784,0.7866571774572431,False,none,166.9199068338092,90.3172093841073,76.6026974497019,50075.97205014276,0.04636664078716922,0.0,1.342667262012737e-16,0.22462408088569139,96.53011764125114,2.9134814499752957,3991.552429971101,kantrowitz_limit;nonlinear_acoustic_pulse;low_reynolds_or_rarefaction_check,2.0,7.468604417123427,0.05
B,1.5,1.7,0.7785467128027683,300,0.001,piston,127.37404196103157,101.325,26.049041961031563,1.2570840558700376,530.1437602932776,0.6383558120808492,193.06475841058347,0.5811793378238415,False,none,122.63515430723072,46.03245685752882,76.6026974497019,36790.546292169216,0.03406532064089742,8.69595767449944e-16,1.3171788832791446e-16,0.22462408088569139,96.53011764125114,2.9134814499752957,3991.552429971101,kantrowitz_limit;nonlinear_acoustic_pulse;low_reynolds_or_rarefaction_check,3.0,7.468604417123427,0.05
B,1.5,1.7,0.7785467128027683,300,0.001,piston,117.11202414318244,101.325,15.787024143182435,1.1558058143911418,530.1437602932776,0.6383558120808492,154.50529812822415,0.45955678999273325,False,none,104.5006719267269,27.897974477024984,76.6026974497019,31350.20157801807,0.029027964424090804,0.0,2.1733828801129887e-16,0.22462408088569139,96.53011764125114,2.9134814499752957,3991.552429971101,kantrowitz_limit;nonlinear_acoustic_pulse;low_reynolds_or_rarefaction_check,4.0,7.468604417123427,0.05
B,1.5,1.7,0.7785467128027683,300,0.003,piston,1968.3567281045734,303.975,1664.3817281045735,6.4753901738780275,530.1437602932776,1.915067436242548,313.3264943845849,1.0,True,annulus,3171.0133853517127,2941.205293002607,229.80809234910572,951304.0156055138,0.8808370514865869,2.3189220465331837e-16,1.3193607181370775e-16,0.22462408088569139,289.59035292375347,2.9134814499752957,11974.657289913304,choked_restriction;kantrowitz_limit;nonlinear_acoustic_pulse;reduced_model_invalid,0.0,7.468604417123427,0.05
B,1.5,1.7,0.7785467128027683,300,0.003,piston,1675.6503474660526,303.975,1371.6753474660527,5.5124610493167285,530.1437602932776,1.915067436242548,313.3264943845849,1.0,True,annulus+dedicated_bypass,2653.758514373243,2423.9504220241374,229.80809234910572,796127.5543119729,0.7371551428814564,2.3189220465331837e-16,1.6009035054124764e-16,0.22462408088569139,289.59035292375347,2.9134814499752957,11974.657289913304,choked_restriction;kantrowitz_limit;nonlinear_acoustic_pulse;reduced_model_invalid,0.1,7.468604417123427,0.05
B,1.5,1.7,0.7785467128027683,300,0.003,piston,1370.0487267907054,303.975,1066.0737267907052,4.50710988334799,530.1437602932776,1.915067436242548,313.3264943845849,1.0,True,annulus+dedicated_bypass,2113.715873251415,1883.907780902309,229.80809234910572,634114.7619754245,0.587143298125393,1.1594610232665918e-16,2.0598198950619012e-16,0.22462408088569139,289.59035292375347,2.9134814499752957,11974.657289913304,choked_restriction;kantrowitz_limit;nonlinear_acoustic_pulse;reduced_model_invalid,0.25,7.468604417123427,0.05
B,1.5,1.7,0.7785467128027683,300,0.003,piston,1050.6805186903478,303.975,746.7055186903477,3.4564701659358423,530.1437602932776,1.915067436242548,313.3264943845849,1.0,True,annulus+dedicated_bypass,1549.3456640499164,1319.5375717008108,229.80809234910572,464803.69921497494,0.43037379556942124,0.0,0.0,0.22462408088569139,289.59035292375347,2.9134814499752957,11974.657289913304,choked_restriction;kantrowitz_limit;nonlinear_acoustic_pulse;reduced_model_invalid,0.5,7.468604417123427,0.05
B,1.5,1.7,0.7785467128027683,300,0.003,piston,716.5940627935324,303.975,412.6190627935324,2.357411177871642,530.1437602932776,1.915067436242548,313.3264943845849,1.0,True,annulus+dedicated_bypass,958.9661640759434,729.1580717268376,229.80809234910572,287689.849222783,0.2663794900210954,1.1594610232665918e-16,1.3304765036662167e-16,0.22462408088569139,289.59035292375347,2.9134814499752957,11974.657289913304,choked_restriction;kantrowitz_limit;nonlinear_acoustic_pulse;reduced_model_invalid,1.0,7.468604417123427,0.05
B,1.5,1.7,0.7785467128027683,300,0.003,piston,544.7683088988989,303.975,240.79330889889889,1.7921483967395309,530.1437602932776,1.915067436242548,300.7327759027885,0.9523340259000994,False,none,655.3249931261823,425.51690077707667,229.80809234910572,196597.4979378547,0.1820347203128284,1.1594610232665918e-16,1.1399402469320038e-16,0.22462408088569139,289.59035292375347,2.9134814499752957,11974.657289913304,kantrowitz_limit;nonlinear_acoustic_pulse;reduced_model_invalid,1.5,7.468604417123427,0.05
B,1.5,1.7,0.7785467128027683,300,0.003,piston,457.3022567439616,303.975,153.32725674396158,1.5044074570078512,530.1437602932776,1.915067436242548,254.70374281327784,0.7866571774572431,False,none,500.7597205014277,270.951628152322,229.80809234910572,150227.9161504283,0.1390999223615077,0.0,1.7902230160169818e-16,0.22462408088569139,289.59035292375347,2.9134814499752957,11974.657289913304,kantrowitz_limit;nonlinear_acoustic_pulse,2.0,7.468604417123427,0.05
B,1.5,1.7,0.7785467128027683,300,0.003,piston,382.12212588309484,303.975,78.14712588309482,1.257084055870038,530.1437602932776,1.915067436242548,193.06475841058347,0.5811793378238415,False,none,367.90546292169245,138.0973705725867,229.80809234910572,110371.63887650773,0.10219596192269234,1.2754071255932509e-15,0.0,0.22462408088569139,289.59035292375347,2.9134814499752957,11974.657289913304,kantrowitz_limit;nonlinear_acoustic_pulse,3.0,7.468604417123427,0.05
B,1.5,1.7,0.7785467128027683,300,0.003,piston,351.33607242954736,303.975,47.361072429547335,1.1558058143911418,530.1437602932776,1.915067436242548,154.50529812822415,0.45955678999273325,False,none,313.5020157801807,83.693923431075,229.80809234910572,94050.60473405421,0.08708389327227242,0.0,0.0,0.22462408088569139,289.59035292375347,2.9134814499752957,11974.657289913304,kantrowitz_limit;nonlinear_acoustic_pulse,4.0,7.468604417123427,0.05
B,1.5,1.7,0.7785467128027683,300,0.01,piston,6561.18909368191,1013.25,5547.93909368191,6.475390173878026,530.1437602932776,6.383558120808493,313.3264943845849,1.0,True,annulus,10570.04461783904,9804.01764334202,766.0269744970192,3171013.385351712,2.9361235049552885,0.0,1.5832328617644937e-16,0.2246240808856914,965.3011764125114,2.9134814499752957,39915.524299711,choked_restriction;kantrowitz_limit;nonlinear_acoustic_pulse;reduced_model_invalid,0.0,7.468604417123463,0.05
B,1.5,1.7,0.7785467128027683,300,0.01,piston,5585.501158220174,1013.25,4572.251158220174,5.512461049316728,530.1437602932776,6.383558120808493,313.3264943845849,1.0,True,annulus+dedicated_bypass,8845.861714577475,8079.834740080456,766.0269744970192,2653758.5143732424,2.4571838096048544,0.0,0.0,0.2246240808856914,965.3011764125114,2.9134814499752957,39915.524299711,choked_restriction;kantrowitz_limit;nonlinear_acoustic_pulse;reduced_model_invalid,0.1,7.468604417123463,0.05
B,1.5,1.7,0.7785467128027683,300,0.01,piston,4566.829089302351,1013.25,3553.5790893023513,4.50710988334799,530.1437602932776,6.383558120808493,313.3264943845849,1.0,True,annulus+dedicated_bypass,7045.719577504718,6279.692603007698,766.0269744970192,2113715.8732514153,1.9571443270846438,0.0,0.0,0.2246240808856914,965.3011764125114,2.9134814499752957,39915.524299711,choked_restriction;kantrowitz_limit;nonlinear_acoustic_pulse;reduced_model_invalid,0.25,7.468604417123463,0.05
B,1.5,1.7,0.7785467128027683,300,0.01,piston,3502.2683956344927,1013.25,2489.0183956344927,3.4564701659358428,530.1437602932776,6.383558120808493,313.3264943845849,1.0,True,annulus+dedicated_bypass,5164.485546833055,4398.458572336036,766.0269744970192,1549345.6640499167,1.4345793185647375,1.39135322791991e-16,0.0,0.2246240808856914,965.3011764125114,2.9134814499752957,39915.524299711,choked_restriction;kantrowitz_limit;nonlinear_acoustic_pulse;reduced_model_invalid,0.5,7.468604417123463,0.05
B,1.5,1.7,0.7785467128027683,300,0.01,piston,2388.646875978441,1013.25,1375.3968759784411,2.357411177871642,530.1437602932776,6.383558120808493,313.3264943845849,1.0,True,annulus+dedicated_bypass,3196.553880253144,2430.526905756125,766.0269744970192,958966.1640759433,0.8879316334036511,0.0,1.59657180439946e-16,0.2246240808856914,965.3011764125114,2.9134814499752957,39915.524299711,choked_restriction;kantrowitz_limit;nonlinear_acoustic_pulse;reduced_model_invalid,1.0,7.468604417123463,0.05
B,1.5,1.7,0.7785467128027683,300,0.01,piston,1815.8943629963294,1013.25,802.6443629963294,1.7921483967395306,530.1437602932776,6.383558120808493,300.7327759027885,0.9523340259000994,False,none,2184.4166437539407,1418.3896692569217,766.0269744970192,655324.9931261822,0.6067824010427613,0.0,1.367928296318405e-16,0.2246240808856914,965.3011764125114,2.9134814499752957,39915.524299711,kantrowitz_limit;nonlinear_acoustic_pulse;reduced_model_invalid,1.5,7.468604417123463,0.05
B,1.5,1.7,0.7785467128027683,300,0.01,piston,1524.3408558132053,1013.25,511.0908558132053,1.5044074570078512,530.1437602932776,6.383558120808493,254.70374281327784,0.7866571774572431,False,none,1669.1990683380925,903.1720938410733,766.0269744970192,500759.7205014278,0.4636664078716924,1.39135322791991e-16,0.0,0.2246240808856914,965.3011764125114,2.9134814499752957,39915.524299711,kantrowitz_limit;nonlinear_acoustic_pulse,2.0,7.468604417123463,0.05
B,1.5,1.7,0.7785467128027683,300,0.01,piston,1273.7404196103157,1013.25,260.4904196103157,1.2570840558700378,530.1437602932776,6.383558120808493,193.06475841058347,0.5811793378238415,False,none,1226.3515430723075,460.32456857528837,766.0269744970192,367905.4629216923,0.34065320640897434,9.739472595439371e-16,0.0,0.2246240808856914,965.3011764125114,2.9134814499752957,39915.524299711,kantrowitz_limit;nonlinear_acoustic_pulse,3.0,7.468604417123463,0.05
B,1.5,1.7,0.7785467128027683,300,0.01,piston,1171.1202414318243,1013.25,157.8702414318243,1.1558058143911416,530.1437602932776,6.383558120808493,154.50529812822415,0.45955678999273325,False,none,1045.0067192672689,278.97974477024974,766.0269744970192,313502.01578018063,0.290279644240908,0.0,1.7387063040903916e-16,0.2246240808856914,965.3011764125114,2.9134814499752957,39915.524299711,kantrowitz_limit;nonlinear_acoustic_pulse,4.0,7.468604417123463,0.05
B,1.5,1.7,0.7785467128027683,300,0.03,piston,19683.567281045733,3039.75,16643.817281045733,6.475390173878027,530.1437602932776,19.15067436242548,313.3264943845849,1.0,True,annulus,31710.133853517123,29412.052930026068,2298.080923491057,9513040.156055138,8.808370514865867,0.0,0.0,0.22462408088569136,2895.9035292375343,2.9134814499752957,119746.57289913304,choked_restriction;kantrowitz_limit;nonlinear_acoustic_pulse;reduced_model_invalid,0.0,7.468604417123428,0.05
B,1.5,1.7,0.7785467128027683,300,0.03,piston,16756.503474660527,3039.75,13716.753474660527,5.512461049316729,530.1437602932776,19.15067436242548,313.3264943845849,1.0,True,annulus+dedicated_bypass,26537.58514373243,24239.504220241375,2298.080923491057,7961275.5431197295,7.3715514288145645,0.0,1.280722804329981e-16,0.22462408088569136,2895.9035292375343,2.9134814499752957,119746.57289913304,choked_restriction;kantrowitz_limit;nonlinear_acoustic_pulse;reduced_model_invalid,0.1,7.468604417123428,0.05
B,1.5,1.7,0.7785467128027683,300,0.03,piston,13700.487267907052,3039.75,10660.737267907052,4.50710988334799,530.1437602932776,19.15067436242548,313.3264943845849,1.0,True,annulus+dedicated_bypass,21137.158732514148,18839.077809023092,2298.080923491057,6341147.619754245,5.87143298125393,0.0,0.0,0.22462408088569136,2895.9035292375343,2.9134814499752957,119746.57289913304,choked_restriction;kantrowitz_limit;nonlinear_acoustic_pulse;reduced_model_invalid,0.25,7.468604417123428,0.05
B,1.5,1.7,0.7785467128027683,300,0.03,piston,10506.805186903479,3039.75,7467.055186903479,3.456470165935843,530.1437602932776,19.15067436242548,313.3264943845849,1.0,True,annulus+dedicated_bypass,15493.456640499167,13195.37571700811,2298.080923491057,4648036.99214975,4.3037379556942135,1.8551376372265467e-16,1.176324436920043e-16,0.22462408088569136,2895.9035292375343,2.9134814499752957,119746.57289913304,choked_restriction;kantrowitz_limit;nonlinear_acoustic_pulse;reduced_model_invalid,0.5,7.468604417123428,0.05
B,1.5,1.7,0.7785467128027683,300,0.03,piston,7165.940627935324,3039.75,4126.190627935324,2.3574111778716422,530.1437602932776,19.15067436242548,313.3264943845849,1.0,True,annulus+dedicated_bypass,9589.661640759434,7291.580717268377,2298.080923491057,2876898.49222783,2.663794900210954,0.0,2.1287624058659463e-16,0.22462408088569136,2895.9035292375343,2.9134814499752957,119746.57289913304,choked_restriction;kantrowitz_limit;nonlinear_acoustic_pulse;reduced_model_invalid,1.0,7.468604417123428,0.05
B,1.5,1.7,0.7785467128027683,300,0.03,piston,5447.683088988989,3039.75,2407.933088988989,1.7921483967395309,530.1437602932776,19.15067436242548,300.7327759027885,0.9523340259000994,False,none,6553.249931261824,4255.169007770766,2298.080923491057,1965974.979378547,1.8203472031282844,1.8551376372265467e-16,1.823904395091206e-16,0.22462408088569136,2895.9035292375343,2.9134814499752957,119746.57289913304,kantrowitz_limit;nonlinear_acoustic_pulse;reduced_model_invalid,1.5,7.468604417123428,0.05
B,1.5,1.7,0.7785467128027683,300,0.03,piston,4573.022567439616,3039.75,1533.272567439616,1.5044074570078514,530.1437602932776,19.15067436242548,254.70374281327784,0.7866571774572431,False,none,5007.597205014277,2709.51628152322,2298.080923491057,1502279.161504283,1.390999223615077,0.0,1.4321784128135853e-16,0.22462408088569136,2895.9035292375343,2.9134814499752957,119746.57289913304,kantrowitz_limit;nonlinear_acoustic_pulse,2.0,7.468604417123428,0.05
B,1.5,1.7,0.7785467128027683,300,0.03,piston,3821.221258830948,3039.75,781.471258830948,1.257084055870038,530.1437602932776,19.15067436242548,193.06475841058347,0.5811793378238415,False,none,3679.054629216924,1380.9737057258667,2298.080923491057,1103716.388765077,1.0219596192269234,1.113082582335928e-15,1.4049908088310854e-16,0.22462408088569136,2895.9035292375343,2.9134814499752957,119746.57289913304,kantrowitz_limit;nonlinear_acoustic_pulse,3.0,7.468604417123428,0.05
B,1.5,1.7,0.7785467128027683,300,0.03,piston,3513.3607242954736,3039.75,473.6107242954736,1.1558058143911418,530.1437602932776,19.15067436242548,154.50529812822415,0.45955678999273325,False,none,3135.0201578018077,836.9392343107504,2298.080923491057,940506.0473405423,0.8708389327227244,0.0,1.1591375360602594e-16,0.22462408088569136,2895.9035292375343,2.9134814499752957,119746.57289913304,kantrowitz_limit;nonlinear_acoustic_pulse,4.0,7.468604417123428,0.05
B,1.5,1.7,0.7785467128027683,300,0.1,piston,65611.89093681912,10132.5,55479.39093681912,6.475390173878028,530.1437602932776,63.83558120808493,313.3264943845849,1.0,True,annulus,105700.44617839044,98040.17643342025,7660.269744970192,31710133.853517134,29.3612350495529,3.3392477470077844e-16,1.2665862894115943e-16,0.22462408088569144,9653.011764125114,2.9134814499752957,399155.2429971101,choked_restriction;kantrowitz_limit;nonlinear_acoustic_pulse;reduced_model_invalid,0.0,7.468604417123428,0.05
B,1.5,1.7,0.7785467128027683,300,0.1,piston,55855.01158220175,10132.5,45722.51158220175,5.512461049316728,530.1437602932776,63.83558120808493,313.3264943845849,1.0,True,annulus+dedicated_bypass,88458.61714577477,80798.34740080457,7660.269744970192,26537585.143732432,24.57183809604855,0.0,0.0,0.22462408088569144,9653.011764125114,2.9134814499752957,399155.2429971101,choked_restriction;kantrowitz_limit;nonlinear_acoustic_pulse;reduced_model_invalid,0.1,7.468604417123428,0.05
B,1.5,1.7,0.7785467128027683,300,0.1,piston,45668.29089302351,10132.5,35535.79089302351,4.50710988334799,530.1437602932776,63.83558120808493,313.3264943845849,1.0,True,annulus+dedicated_bypass,70457.19577504718,62796.92603007698,7660.269744970192,21137158.732514154,19.571443270846437,0.0,1.9774270992594247e-16,0.22462408088569144,9653.011764125114,2.9134814499752957,399155.2429971101,choked_restriction;kantrowitz_limit;nonlinear_acoustic_pulse;reduced_model_invalid,0.25,7.468604417123428,0.05
B,1.5,1.7,0.7785467128027683,300,0.1,piston,35022.68395634493,10132.5,24890.183956344932,3.456470165935843,530.1437602932776,63.83558120808493,313.3264943845849,1.0,True,annulus+dedicated_bypass,51644.855468330556,43984.58572336037,7660.269744970192,15493456.640499167,14.345793185647377,1.1130825823359281e-16,1.4115893243040514e-16,0.22462408088569144,9653.011764125114,2.9134814499752957,399155.2429971101,choked_restriction;kantrowitz_limit;nonlinear_acoustic_pulse;reduced_model_invalid,0.5,7.468604417123428,0.05
B,1.5,1.7,0.7785467128027683,300,0.1,piston,23886.468759784417,10132.5,13753.968759784417,2.3574111778716422,530.1437602932776,63.83558120808493,313.3264943845849,1.0,True,annulus+dedicated_bypass,31965.538802531453,24305.26905756126,7660.269744970192,9589661.640759436,8.879316334036515,0.0,1.2772574435195677e-16,0.22462408088569144,9653.011764125114,2.9134814499752957,399155.2429971101,choked_restriction;kantrowitz_limit;nonlinear_acoustic_pulse;reduced_model_invalid,1.0,7.468604417123428,0.05
B,1.5,1.7,0.7785467128027683,300,0.1,piston,18158.943629963294,10132.5,8026.443629963294,1.7921483967395306,530.1437602932776,63.83558120808493,300.7327759027885,0.9523340259000994,False,none,21844.16643753941,14183.896692569218,7660.269744970192,6553249.9312618235,6.067824010427614,0.0,0.0,0.22462408088569144,9653.011764125114,2.9134814499752957,399155.2429971101,kantrowitz_limit;nonlinear_acoustic_pulse;reduced_model_invalid,1.5,7.468604417123428,0.05
B,1.5,1.7,0.7785467128027683,300,0.1,piston,15243.408558132052,10132.5,5110.908558132052,1.5044074570078512,530.1437602932776,63.83558120808493,254.70374281327784,0.7866571774572431,False,none,16691.990683380922,9031.720938410732,7660.269744970192,5007597.205014276,4.636664078716922,0.0,0.0,0.22462408088569144,9653.011764125114,2.9134814499752957,399155.2429971101,kantrowitz_limit;nonlinear_acoustic_pulse,2.0,7.468604417123428,0.05
B,1.5,1.7,0.7785467128027683,300,0.1,piston,12737.404196103156,10132.5,2604.904196103156,1.2570840558700376,530.1437602932776,63.83558120808493,193.06475841058347,0.5811793378238415,False,none,12263.515430723073,4603.245685752882,7660.269744970192,3679054.629216922,3.4065320640897427,8.904660658687425e-16,0.0,0.22462408088569144,9653.011764125114,2.9134814499752957,399155.2429971101,kantrowitz_limit;nonlinear_acoustic_pulse,3.0,7.468604417123428,0.05
B,1.5,1.7,0.7785467128027683,300,0.1,piston,11711.202414318244,10132.5,1578.7024143182443,1.1558058143911418,530.1437602932776,63.83558120808493,154.50529812822415,0.45955678999273325,False,none,10450.067192672692,2789.7974477024995,7660.269744970192,3135020.1578018074,2.902796442409081,0.0,1.3909650432723121e-16,0.22462408088569144,9653.011764125114,2.9134814499752957,399155.2429971101,kantrowitz_limit;nonlinear_acoustic_pulse,4.0,7.468604417123428,0.05
B,1.5,1.7,0.7785467128027683,350,0.001,piston,765.4720609295562,101.325,664.1470609295561,7.554621869524364,618.5010536754905,0.7447484474276574,313.3264943845849,1.0,True,annulus,1277.9095168696167,1173.6447342297447,104.26478263987204,447268.33090436587,0.35497486579711574,0.0,1.417018265915481e-16,0.22152427539533387,112.61847058145966,2.9134814499752957,4656.811168299617,choked_restriction;kantrowitz_limit;nonlinear_acoustic_pulse;reduced_model_invalid;low_reynolds_or_rarefaction_check,0.0,8.80878315241969,0.05
B,1.5,1.7,0.7785467128027683,350,0.001,piston,651.6418017923536,101.325,550.3168017923535,6.431204557536181,618.5010536754905,0.7447484474276574,313.3264943845849,1.0,True,annulus+dedicated_bypass,1076.7548448224343,972.4900621825622,104.26478263987204,376864.195687852,0.29909856800623175,0.0,0.0,0.22152427539533387,112.61847058145966,2.9134814499752957,4656.811168299617,choked_restriction;kantrowitz_limit;nonlinear_acoustic_pulse;reduced_model_invalid;low_reynolds_or_rarefaction_check,0.1,8.80878315241969,0.05
B,1.5,1.7,0.7785467128027683,350,0.001,piston,532.7967270852743,101.325,431.47172708527427,5.258294863905988,618.5010536754905,0.7447484474276574,313.3264943845849,1.0,True,annulus+dedicated_bypass,866.7382621639458,762.4734795240738,104.26478263987204,303358.39175738103,0.24076062837887383,1.490735601342761e-16,0.0,0.22152427539533387,112.61847058145966,2.9134814499752957,4656.811168299617,choked_restriction;kantrowitz_limit;nonlinear_acoustic_pulse;reduced_model_invalid;low_reynolds_or_rarefaction_check,0.25,8.80878315241969,0.05
B,1.5,1.7,0.7785467128027683,350,0.001,piston,408.59797949069076,101.325,307.2729794906908,4.032548526925149,618.5010536754905,0.7447484474276574,313.3264943845849,1.0,True,annulus+dedicated_bypass,647.2609585855853,542.9961759457133,104.26478263987204,226541.33550495486,0.17979471071821815,0.0,0.0,0.22152427539533387,112.61847058145966,2.9134814499752957,4656.811168299617,choked_restriction;kantrowitz_limit;nonlinear_acoustic_pulse;reduced_model_invalid;low_reynolds_or_rarefaction_check,0.5,8.80878315241969,0.05
B,1.5,1.7,0.7785467128027683,350,0.001,piston,278.67546886415147,101.325,177.35046886415148,2.7503130408502487,618.5010536754905,0.7447484474276574,313.3264943845849,1.0,True,annulus+dedicated_bypass,417.6689308179291,313.404148178057,104.26478263987204,146184.1257862752,0.11601914744942475,0.0,1.3266225381565552e-16,0.22152427539533387,112.61847058145966,2.9134814499752957,4656.811168299617,choked_restriction;kantrowitz_limit;nonlinear_acoustic_pulse;reduced_model_invalid;low_reynolds_or_rarefaction_check,1.0,8.80878315241969,0.05
B,1.5,1.7,0.7785467128027683,350,0.001,piston,211.442713139338,101.325,110.117713139338,2.0867773317477227,618.5010536754905,0.7447484474276574,313.3264943845849,1.0,True,annulus+dedicated_bypass,298.85884436848903,194.59406172861702,104.26478263987204,104600.59552897116,0.08301634565791362,0.0,0.0,0.22152427539533387,112.61847058145966,2.9134814499752957,4656.811168299617,choked_restriction;kantrowitz_limit;nonlinear_acoustic_pulse;reduced_model_invalid;low_reynolds_or_rarefaction_check,1.5,8.80878315241969,0.05
B,1.5,1.7,0.7785467128027683,350,0.001,piston,171.78646012756673,101.325,70.46146012756672,1.6954005440667823,618.5010536754905,0.7447484474276574,287.17828034595556,0.9022295273422598,False,none,228.78046073248225,124.51567809261023,104.26478263987204,80073.1612563688,0.06355012798124507,0.0,1.6695448030870993e-16,0.22152427539533387,112.61847058145966,2.9134814499752957,4656.811168299617,kantrowitz_limit;nonlinear_acoustic_pulse;reduced_model_invalid;low_reynolds_or_rarefaction_check,2.0,8.80878315241969,0.05
B,1.5,1.7,0.7785467128027683,350,0.001,piston,137.01876055433146,101.325,35.69376055433146,1.3522700276765998,618.5010536754905,0.7447484474276574,220.59360019321355,0.6710092576136626,False,none,167.34086410414253,63.07608146427049,104.26478263987204,58569.302436449885,0.04648357336226181,0.0,0.0,0.22152427539533387,112.61847058145966,2.9134814499752957,4656.811168299617,kantrowitz_limit;nonlinear_acoustic_pulse;low_reynolds_or_rarefaction_check,3.0,8.80878315241969,0.05
B,1.5,1.7,0.7785467128027683,350,0.001,piston,122.90051433728337,101.325,21.575514337283366,1.2129337709082988,618.5010536754905,0.7447484474276574,177.78856287572478,0.5324671303356897,False,none,142.3918636433018,38.12708100342976,104.26478263987204,49837.15227515563,0.03955329545647272,1.3416620412084848e-15,1.3631026673906873e-16,0.22152427539533387,112.61847058145966,2.9134814499752957,4656.811168299617,kantrowitz_limit;nonlinear_acoustic_pulse;low_reynolds_or_rarefaction_check,4.0,8.80878315241969,0.05
B,1.5,1.7,0.7785467128027683,350,0.003,piston,2296.4161827886687,303.975,1992.4411827886688,7.554621869524364,618.5010536754905,2.2342453422829727,313.3264943845849,1.0,True,annulus,3833.728550608851,3520.934202689235,312.7943479196162,1341804.992713098,1.0649245973913475,0.0,0.0,0.22152427539533387,337.855411744379,2.9134814499752957,13970.433504898854,choked_restriction;kantrowitz_limit;nonlinear_acoustic_pulse;reduced_model_invalid,0.0,8.80878315241969,0.05
B,1.5,1.7,0.7785467128027683,350,0.003,piston,1954.925405377061,303.975,1650.950405377061,6.431204557536182,618.5010536754905,2.2342453422829727,313.3264943845849,1.0,True,annulus+dedicated_bypass,3230.2645344673033,2917.4701865476873,312.7943479196162,1130592.587063556,0.8972957040186954,0.0,0.0,0.22152427539533387,337.855411744379,2.9134814499752957,13970.433504898854,choked_restriction;kantrowitz_limit;nonlinear_acoustic_pulse;reduced_model_invalid,0.1,8.80878315241969,0.05
B,1.5,1.7,0.7785467128027683,350,0.003,piston,1598.3901812558229,303.975,1294.415181255823,5.258294863905988,618.5010536754905,2.2342453422829727,313.3264943845849,1.0,True,annulus+dedicated_bypass,2600.2147864918375,2287.4204385722214,312.7943479196162,910075.1752721431,0.7222818851366215,0.0,0.0,0.22152427539533387,337.855411744379,2.9134814499752957,13970.433504898854,choked_restriction;kantrowitz_limit;nonlinear_acoustic_pulse;reduced_model_invalid,0.25,8.80878315241969,0.05
B,1.5,1.7,0.7785467128027683,350,0.003,piston,1225.7939384720723,303.975,921.8189384720723,4.032548526925149,618.5010536754905,2.2342453422829727,313.3264943845849,1.0,True,annulus+dedicated_bypass,1941.7828757567559,1628.9885278371396,312.7943479196162,679624.0065148645,0.5393841321546544,0.0,2.0418511213301028e-16,0.22152427539533387,337.855411744379,2.9134814499752957,13970.433504898854,choked_restriction;kantrowitz_limit;nonlinear_acoustic_pulse;reduced_model_invalid,0.5,8.80878315241969,0.05
B,1.5,1.7,0.7785467128027683,350,0.003,piston,836.0264065924545,303.975,532.0514065924544,2.7503130408502487,618.5010536754905,2.2342453422829727,313.3264943845849,1.0,True,annulus+dedicated_bypass,1253.0067924537873,940.2124445341711,312.7943479196162,438552.3773588255,0.34805744234827424,0.0,0.0,0.22152427539533387,337.855411744379,2.9134814499752957,13970.433504898854,choked_restriction;kantrowitz_limit;nonlinear_acoustic_pulse;reduced_model_invalid,1.0,8.80878315241969,0.05
B,1.5,1.7,0.7785467128027683,350,0.003,piston,634.3281394180142,303.975,330.35313941801417,2.086777331747723,618.5010536754905,2.2342453422829727,313.3264943845849,1.0,True,annulus+dedicated_bypass,896.5765331054677,583.7821851858514,312.7943479196162,313801.7865869137,0.249049036973741,0.0,0.0,0.22152427539533387,337.855411744379,2.9134814499752957,13970.433504898854,choked_restriction;kantrowitz_limit;nonlinear_acoustic_pulse;reduced_model_invalid,1.5,8.80878315241969,0.05
B,1.5,1.7,0.7785467128027683,350,0.003,piston,515.3593803827002,303.975,211.38438038270021,1.6954005440667825,618.5010536754905,2.2342453422829727,287.17828034595556,0.9022295273422598,False,none,686.341382197447,373.5470342778308,312.7943479196162,240219.48376910647,0.1906503839437353,0.0,0.0,0.22152427539533387,337.855411744379,2.9134814499752957,13970.433504898854,kantrowitz_limit;nonlinear_acoustic_pulse;reduced_model_invalid,2.0,8.80878315241969,0.05
B,1.5,1.7,0.7785467128027683,350,0.003,piston,411.0562816629944,303.975,107.0812816629944,1.3522700276765998,618.5010536754905,2.2342453422829727,220.59360019321377,0.6710092576136634,False,none,502.0225923124277,189.2282443928115,312.7943479196162,175707.9073093497,0.13945072008678547,0.0,0.0,0.22152427539533387,337.855411744379,2.9134814499752957,13970.433504898854,kantrowitz_limit;nonlinear_acoustic_pulse,3.0,8.80878315241969,0.05
B,1.5,1.7,0.7785467128027683,350,0.003,piston,368.7015430118501,303.975,64.72654301185008,1.2129337709082986,618.5010536754905,2.2342453422829727,177.78856287572478,0.5324671303356897,False,none,427.1755909299054,114.38124301028924,312.7943479196162,149511.45682546688,0.11865988636941817,9.938237342285072e-16,0.0,0.22152427539533387,337.855411744379,2.9134814499752957,13970.433504898854,kantrowitz_limit;nonlinear_acoustic_pulse,4.0,8.80878315241969,0.05
B,1.5,1.7,0.7785467128027683,350,0.01,piston,7654.720609295561,1013.25,6641.470609295561,7.554621869524364,618.5010536754905,7.447484474276574,313.3264943845849,1.0,True,annulus,12779.095168696169,11736.447342297448,1042.6478263987206,4472683.309043659,3.549748657971158,1.192588481074209e-16,0.0,0.22152427539533387,1126.1847058145968,2.9134814499752957,46568.111682996176,choked_restriction;kantrowitz_limit;nonlinear_acoustic_pulse;reduced_model_invalid,0.0,8.808783152419728,0.05
B,1.5,1.7,0.7785467128027683,350,0.01,piston,6516.418017923535,1013.25,5503.168017923535,6.431204557536181,618.5010536754905,7.447484474276574,313.3264943845849,1.0,True,annulus+dedicated_bypass,10767.548448224343,9724.900621825622,1042.6478263987206,3768641.95687852,2.9909856800623174,0.0,0.0,0.22152427539533387,1126.1847058145968,2.9134814499752957,46568.111682996176,choked_restriction;kantrowitz_limit;nonlinear_acoustic_pulse;reduced_model_invalid,0.1,8.808783152419728,0.05
B,1.5,1.7,0.7785467128027683,350,0.01,piston,5327.967270852742,1013.25,4314.717270852742,5.258294863905988,618.5010536754905,7.447484474276574,313.3264943845849,1.0,True,annulus+dedicated_bypass,8667.382621639457,7624.734795240737,1042.6478263987206,3033583.91757381,2.407606283788738,1.192588481074209e-16,0.0,0.22152427539533387,1126.1847058145968,2.9134814499752957,46568.111682996176,choked_restriction;kantrowitz_limit;nonlinear_acoustic_pulse;reduced_model_invalid,0.25,8.808783152419728,0.05
B,1.5,1.7,0.7785467128027683,350,0.01,piston,4085.979794906907,1013.25,3072.729794906907,4.032548526925149,618.5010536754905,7.447484474276574,313.3264943845849,1.0,True,annulus+dedicated_bypass,6472.609585855851,5429.961759457131,1042.6478263987206,2265413.3550495477,1.7979471071821809,0.0,0.0,0.22152427539533387,1126.1847058145968,2.9134814499752957,46568.111682996176,choked_restriction;kantrowitz_limit;nonlinear_acoustic_pulse;reduced_model_invalid,0.5,8.808783152419728,0.05
B,1.5,1.7,0.7785467128027683,350,0.01,piston,2786.754688641515,1013.25,1773.5046886415148,2.750313040850249,618.5010536754905,7.447484474276574,313.3264943845849,1.0,True,annulus+dedicated_bypass,4176.689308179291,3134.0414817805704,1042.6478263987206,1461841.257862752,1.1601914744942476,0.0,2.1225960610504882e-16,0.22152427539533387,1126.1847058145968,2.9134814499752957,46568.111682996176,choked_restriction;kantrowitz_limit;nonlinear_acoustic_pulse;reduced_model_invalid,1.0,8.808783152419728,0.05
B,1.5,1.7,0.7785467128027683,350,0.01,piston,2114.42713139338,1013.25,1101.17713139338,2.0867773317477227,618.5010536754905,7.447484474276574,313.3264943845849,1.0,True,annulus+dedicated_bypass,2988.588443684891,1945.9406172861704,1042.6478263987206,1046005.9552897118,0.8301634565791364,0.0,0.0,0.22152427539533387,1126.1847058145968,2.9134814499752957,46568.111682996176,choked_restriction;kantrowitz_limit;nonlinear_acoustic_pulse;reduced_model_invalid,1.5,8.808783152419728,0.05
B,1.5,1.7,0.7785467128027683,350,0.01,piston,1717.864601275667,1013.25,704.6146012756669,1.695400544066782,618.5010536754905,7.447484474276574,287.1782803459554,0.9022295273422593,False,none,2287.8046073248224,1245.1567809261019,1042.6478263987206,800731.6125636878,0.6355012798124506,0.0,1.3356358424696801e-16,0.22152427539533387,1126.1847058145968,2.9134814499752957,46568.111682996176,kantrowitz_limit;nonlinear_acoustic_pulse;reduced_model_invalid,2.0,8.808783152419728,0.05
B,1.5,1.7,0.7785467128027683,350,0.01,piston,1370.1876055433145,1013.25,356.9376055433145,1.3522700276765995,618.5010536754905,7.447484474276574,220.59360019321355,0.6710092576136626,False,none,1673.4086410414252,630.7608146427046,1042.6478263987206,585693.0243644988,0.4648357336226181,0.0,0.0,0.22152427539533387,1126.1847058145968,2.9134814499752957,46568.111682996176,kantrowitz_limit;nonlinear_acoustic_pulse,3.0,8.808783152419728,0.05
B,1.5,1.7,0.7785467128027683,350,0.01,piston,1229.0051433728333,1013.25,215.75514337283334,1.2129337709082983,618.5010536754905,7.447484474276574,177.78856287572478,0.5324671303356897,False,none,1423.9186364330176,381.27081003429697,1042.6478263987206,498371.5227515561,0.3955329545647271,1.073329632966788e-15,0.0,0.22152427539533387,1126.1847058145968,2.9134814499752957,46568.111682996176,kantrowitz_limit;nonlinear_acoustic_pulse,4.0,8.808783152419728,0.05
B,1.5,1.7,0.7785467128027683,350,0.03,piston,22964.161827886688,3039.75,19924.411827886688,7.5546218695243645,618.5010536754905,22.342453422829724,313.3264943845849,1.0,True,annulus,38337.28550608851,35209.34202689235,3127.943479196161,13418049.927130979,10.649245973913475,0.0,0.0,0.22152427539533384,3378.55411744379,2.9134814499752957,139704.33504898855,choked_restriction;kantrowitz_limit;nonlinear_acoustic_pulse;reduced_model_invalid,0.0,8.80878315241969,0.05
B,1.5,1.7,0.7785467128027683,350,0.03,piston,19549.25405377061,3039.75,16509.50405377061,6.431204557536183,618.5010536754905,22.342453422829724,313.3264943845849,1.0,True,annulus+dedicated_bypass,32302.645344673034,29174.701865476873,3127.943479196161,11305925.870635562,8.972957040186953,1.5901179747656116e-16,1.8241294488820414e-16,0.22152427539533384,3378.55411744379,2.9134814499752957,139704.33504898855,choked_restriction;kantrowitz_limit;nonlinear_acoustic_pulse;reduced_model_invalid,0.1,8.80878315241969,0.05
B,1.5,1.7,0.7785467128027683,350,0.03,piston,15983.901812558228,3039.75,12944.151812558228,5.258294863905988,618.5010536754905,22.342453422829724,313.3264943845849,1.0,True,annulus+dedicated_bypass,26002.147864918374,22874.204385722212,3127.943479196161,9100751.75272143,7.222818851366215,0.0,0.0,0.22152427539533384,3378.55411744379,2.9134814499752957,139704.33504898855,choked_restriction;kantrowitz_limit;nonlinear_acoustic_pulse;reduced_model_invalid,0.25,8.80878315241969,0.05
B,1.5,1.7,0.7785467128027683,350,0.03,piston,12257.939384720721,3039.75,9218.189384720721,4.032548526925149,618.5010536754905,22.342453422829724,313.3264943845849,1.0,True,annulus+dedicated_bypass,19417.828757567557,16289.885278371394,3127.943479196161,6796240.065148645,5.393841321546543,0.0,0.0,0.22152427539533384,3378.55411744379,2.9134814499752957,139704.33504898855,choked_restriction;kantrowitz_limit;nonlinear_acoustic_pulse;reduced_model_invalid,0.5,8.80878315241969,0.05
B,1.5,1.7,0.7785467128027683,350,0.03,piston,8360.264065924543,3039.75,5320.514065924543,2.7503130408502483,618.5010536754905,22.342453422829724,313.3264943845849,1.0,True,annulus+dedicated_bypass,12530.067924537869,9402.124445341708,3127.943479196161,4385523.773588254,3.480574423482741,0.0,1.415064040700326e-16,0.22152427539533384,3378.55411744379,2.9134814499752957,139704.33504898855,choked_restriction;kantrowitz_limit;nonlinear_acoustic_pulse;reduced_model_invalid,1.0,8.80878315241969,0.05
B,1.5,1.7,0.7785467128027683,350,0.03,piston,6343.2813941801405,3039.75,3303.5313941801405,2.0867773317477227,618.5010536754905,22.342453422829724,313.3264943845849,1.0,True,annulus+dedicated_bypass,8965.765331054674,5837.821851858512,3127.943479196161,3138017.865869136,2.4904903697374094,0.0,0.0,0.22152427539533384,3378.55411744379,2.9134814499752957,139704.33504898855,choked_restriction;kantrowitz_limit;nonlinear_acoustic_pulse;reduced_model_invalid,1.5,8.80878315241969,0.05
B,1.5,1.7,0.7785467128027683,350,0.03,piston,5153.593803827004,3039.75,2113.843803827004,1.6954005440667832,618.5010536754905,22.342453422829724,287.17828034595556,0.9022295273422598,False,none,6863.413821974473,3735.4703427783115,3127.943479196161,2402194.8376910654,1.9065038394373535,4.770353924296835e-16,0.0,0.22152427539533384,3378.55411744379,2.9134814499752957,139704.33504898855,kantrowitz_limit;nonlinear_acoustic_pulse;reduced_model_invalid,2.0,8.80878315241969,0.05
B,1.5,1.7,0.7785467128027683,350,0.03,piston,4110.562816629944,3039.75,1070.8128166299439,1.3522700276765998,618.5010536754905,22.342453422829724,220.59360019321377,0.6710092576136634,False,none,5020.225923124276,1892.2824439281146,3127.943479196161,1757079.0730934967,1.3945072008678545,0.0,0.0,0.22152427539533384,3378.55411744379,2.9134814499752957,139704.33504898855,kantrowitz_limit;nonlinear_acoustic_pulse,3.0,8.80878315241969,0.05
B,1.5,1.7,0.7785467128027683,350,0.03,piston,3687.0154301185,3039.75,647.2654301184998,1.2129337709082983,618.5010536754905,22.342453422829724,177.78856287572478,0.5324671303356897,False,none,4271.755909299052,1143.8124301028906,3127.943479196161,1495114.5682546683,1.186598863694181,7.950589873828059e-16,0.0,0.22152427539533384,3378.55411744379,2.9134814499752957,139704.33504898855,kantrowitz_limit;nonlinear_acoustic_pulse,4.0,8.80878315241969,0.05
B,1.5,1.7,0.7785467128027683,350,0.1,piston,76547.20609295562,10132.5,66414.70609295562,7.554621869524364,618.5010536754905,74.47484474276574,313.3264943845849,1.0,True,annulus,127790.95168696168,117364.47342297448,10426.478263987205,44726833.090436585,35.49748657971158,1.9081415697187343e-16,1.8137833803718157e-16,0.22152427539533384,11261.847058145968,2.9134814499752957,465681.11682996183,choked_restriction;kantrowitz_limit;nonlinear_acoustic_pulse;reduced_model_invalid,0.0,8.80878315241969,0.05
B,1.5,1.7,0.7785467128027683,350,0.1,piston,65164.18017923535,10132.5,55031.68017923535,6.431204557536181,618.5010536754905,74.47484474276574,313.3264943845849,1.0,True,annulus+dedicated_bypass,107675.48448224341,97249.00621825621,10426.478263987205,37686419.56878519,29.90985680062317,0.0,0.0,0.22152427539533384,11261.847058145968,2.9134814499752957,465681.11682996183,choked_restriction;kantrowitz_limit;nonlinear_acoustic_pulse;reduced_model_invalid,0.1,8.80878315241969,0.05
B,1.5,1.7,0.7785467128027683,350,0.1,piston,53279.67270852742,10132.5,43147.17270852742,5.258294863905988,618.5010536754905,74.47484474276574,313.3264943845849,1.0,True,annulus+dedicated_bypass,86673.82621639456,76247.34795240736,10426.478263987205,30335839.175738096,24.076062837887378,0.0,0.0,0.22152427539533384,11261.847058145968,2.9134814499752957,465681.11682996183,choked_restriction;kantrowitz_limit;nonlinear_acoustic_pulse;reduced_model_invalid,0.25,8.80878315241969,0.05
B,1.5,1.7,0.7785467128027683,350,0.1,piston,40859.79794906907,10132.5,30727.29794906907,4.032548526925149,618.5010536754905,74.47484474276574,313.3264943845849,1.0,True,annulus+dedicated_bypass,64726.09585855852,54299.61759457131,10426.478263987205,22654133.550495483,17.97947107182181,0.0,0.0,0.22152427539533384,11261.847058145968,2.9134814499752957,465681.11682996183,choked_restriction;kantrowitz_limit;nonlinear_acoustic_pulse;reduced_model_invalid,0.5,8.80878315241969,0.05
B,1.5,1.7,0.7785467128027683,350,0.1,piston,27867.546886415144,10132.5,17735.046886415144,2.7503130408502487,618.5010536754905,74.47484474276574,313.3264943845849,1.0,True,annulus+dedicated_bypass,41766.8930817929,31340.414817805697,10426.478263987205,14618412.578627516,11.601914744942473,1.9081415697187343e-16,1.6980768488403911e-16,0.22152427539533384,11261.847058145968,2.9134814499752957,465681.11682996183,choked_restriction;kantrowitz_limit;nonlinear_acoustic_pulse;reduced_model_invalid,1.0,8.80878315241969,0.05
B,1.5,1.7,0.7785467128027683,350,0.1,piston,21144.271313933798,10132.5,11011.771313933798,2.0867773317477223,618.5010536754905,74.47484474276574,313.3264943845849,1.0,True,annulus+dedicated_bypass,29885.8844368489,19459.406172861698,10426.478263987205,10460059.552897116,8.301634565791362,0.0,0.0,0.22152427539533384,11261.847058145968,2.9134814499752957,465681.11682996183,choked_restriction;kantrowitz_limit;nonlinear_acoustic_pulse;reduced_model_invalid,1.5,8.80878315241969,0.05
B,1.5,1.7,0.7785467128027683,350,0.1,piston,17178.64601275667,10132.5,7046.146012756672,1.6954005440667823,618.5010536754905,74.47484474276574,287.1782803459554,0.9022295273422593,False,none,22878.046073248224,12451.567809261021,10426.478263987205,8007316.125636878,6.355012798124506,1.9081415697187343e-16,0.0,0.22152427539533384,11261.847058145968,2.9134814499752957,465681.11682996183,kantrowitz_limit;nonlinear_acoustic_pulse;reduced_model_invalid,2.0,8.80878315241969,0.05
B,1.5,1.7,0.7785467128027683,350,0.1,piston,13701.876055433146,10132.5,3569.3760554331457,1.3522700276765995,618.5010536754905,74.47484474276574,220.59360019321355,0.6710092576136626,False,none,16734.086410414253,6307.608146427047,10426.478263987205,5856930.243644988,4.648357336226181,0.0,0.0,0.22152427539533384,11261.847058145968,2.9134814499752957,465681.11682996183,kantrowitz_limit;nonlinear_acoustic_pulse,3.0,8.80878315241969,0.05
B,1.5,1.7,0.7785467128027683,350,0.1,piston,12290.051433728337,10132.5,2157.5514337283366,1.2129337709082988,618.5010536754905,74.47484474276574,177.78856287572478,0.5324671303356897,False,none,14239.18636433018,3812.7081003429757,10426.478263987205,4983715.227515563,3.955329545647272,1.1448849418312405e-15,1.7447714142600798e-16,0.22152427539533384,11261.847058145968,2.9134814499752957,465681.11682996183,kantrowitz_limit;nonlinear_acoustic_pulse,4.0,8.80878315241969,0.05
B,1.5,1.8,0.6944444444444444,50,0.001,piston,112.98293133337437,101.325,11.657931333374364,1.1150548367468478,88.35729338221293,0.1063926353468082,134.33533666740158,0.3975201330255353,False,none,22.729117887989194,20.60126518105303,2.127852706936164,1136.4558943994598,0.006313643857774776,2.0870298418798653e-15,0.0,1.2293687356805922,14.350413579383524,2.9134814499752957,997.8881074927757,low_reynolds_or_rarefaction_check,0.0,0.4546423060656378,0.05
B,1.5,1.8,0.6944444444444444,50,0.001,piston,110.72213799093646,101.325,9.397137990936457,1.0927425412379617,88.35729338221293,0.1063926353468082,121.40375651840586,0.35821761039014555,False,none,18.733966275302393,16.60611356836623,2.127852706936164,936.6983137651197,0.005203879520917332,1.8261511116448824e-15,1.3692166713611238e-16,1.2293687356805922,14.350413579383524,2.9134814499752957,997.8881074927757,low_reynolds_or_rarefaction_check,0.1,0.4546423060656378,0.05
B,1.5,1.8,0.6944444444444444,50,0.001,piston,108.39181615004364,101.325,7.0668161500436355,1.0697440528008255,88.35729338221293,0.1063926353468082,106.00910203257419,0.311844618018172,False,none,14.615947663887484,12.48809495695132,2.127852706936164,730.7973831943742,0.004059985462190968,0.0,0.0,1.2293687356805922,14.350413579383524,2.9134814499752957,997.8881074927757,low_reynolds_or_rarefaction_check,0.25,0.4546423060656378,0.05
B,1.5,1.8,0.6944444444444444,50,0.001,piston,106.06388014417591,101.325,4.7388801441759085,1.0467691107246573,88.35729338221293,0.1063926353468082,87.42190645413203,0.2563706904861422,False,none,10.502145170978048,8.374292464041885,2.127852706936164,525.1072585489025,0.002917262547493902,2.3479085721148487e-15,0.0,1.2293687356805922,14.350413579383524,2.9134814499752957,997.8881074927757,low_reynolds_or_rarefaction_check,0.5,0.4546423060656378,0.05
B,1.5,1.8,0.6944444444444444,50,0.001,piston,103.87988832723184,101.325,2.5548883272318363,1.0252147873400625,88.35729338221293,0.1063926353468082,64.6226881032212,0.18894798155003928,False,none,6.642713056696456,4.514860349760292,2.127852706936164,332.1356528348228,0.0018451980713045711,0.0,1.2590293930979727e-16,1.2293687356805922,14.350413579383524,2.9134814499752957,997.8881074927757,low_reynolds_or_rarefaction_check,1.0,0.4546423060656378,0.05
B,1.5,1.8,0.6944444444444444,50,0.001,piston,102.92005424857723,101.325,1.5950542485772274,1.0157419614959509,88.35729338221293,0.1063926353468082,51.21365149351452,0.149543332819695,False,none,4.94654623097783,2.8186935240416657,2.127852706936164,247.32731154889152,0.001374040619716064,8.739437462871936e-15,2.016658369417241e-16,1.2293687356805922,14.350413579383524,2.9134814499752957,997.8881074927757,low_reynolds_or_rarefaction_check,1.5,0.4546423060656378,0.05
B,1.5,1.8,0.6944444444444444,50,0.001,piston,102.41478197410972,101.325,1.0897819741097123,1.0107553118589658,88.35729338221293,0.1063926353468082,42.3990287352869,0.12371771329218084,False,none,4.0536564191173445,1.9258037121811806,2.127852706936164,202.68282095586721,0.0011260156719770402,1.643536000480394e-14,1.475836257383332e-16,1.2293687356805922,14.350413579383524,2.9134814499752957,997.8881074927757,low_reynolds_or_rarefaction_check,2.0,0.4546423060656378,0.05
B,1.5,1.8,0.6944444444444444,50,0.001,piston,101.92581531044112,101.325,0.6008153104411207,1.0059295860887354,88.35729338221293,0.1063926353468082,31.530098503448823,0.09193997518859344,False,none,3.1895809999995928,1.0617282930634289,2.127852706936164,159.47904999997965,0.0008859947222221091,2.7392266674673234e-15,1.338464351759818e-16,1.2293687356805922,14.350413579383524,2.9134814499752957,997.8881074927757,low_reynolds_or_rarefaction_check,3.0,0.4546423060656378,0.05
B,1.5,1.8,0.6944444444444444,50,0.001,piston,101.70497131754207,101.325,0.37997131754207203,1.00375002533967,88.35729338221293,0.1063926353468082,25.091880067322126,0.07314382783639842,False,none,2.799317450553981,0.6714647436178169,2.127852706936164,139.96587252769905,0.0007775881807094392,1.0696027939634311e-14,0.0,1.2293687356805922,14.350413579383524,2.9134814499752957,997.8881074927757,low_reynolds_or_rarefaction_check,4.0,0.4546423060656378,0.05
B,1.5,1.8,0.6944444444444444,50,0.003,piston,338.94879400012314,303.975,34.97379400012312,1.115054836746848,88.35729338221293,0.3191779060404246,134.33533666740158,0.3975201330255353,False,none,68.18735366396763,61.80379554315914,6.383558120808493,3409.367683198381,0.01894093157332434,2.2609489953698543e-15,0.0,1.2293687356805922,43.051240738150575,2.9134814499752957,2993.664322478327,low_reynolds_or_rarefaction_check,0.0,0.454642306065638,0.05
B,1.5,1.8,0.6944444444444444,50,0.003,piston,332.1664139728095,303.975,28.19141397280947,1.0927425412379619,88.35729338221293,0.3191779060404246,121.40375651840637,0.3582176103901471,False,none,56.201898825907364,49.81834070509887,6.383558120808493,2810.0949412953682,0.015611638562752045,2.2609489953698543e-15,0.0,1.2293687356805922,43.051240738150575,2.9134814499752957,2993.664322478327,low_reynolds_or_rarefaction_check,0.1,0.454642306065638,0.05
B,1.5,1.8,0.6944444444444444,50,0.003,piston,325.17544845013094,303.975,21.20044845013092,1.0697440528008255,88.35729338221293,0.3191779060404246,106.00910203257419,0.311844618018172,False,none,43.84784299166248,37.46428487085399,6.383558120808493,2192.392149583124,0.012179956386572911,3.130544762819798e-15,1.2138156445640391e-16,1.2293687356805922,43.051240738150575,2.9134814499752957,2993.664322478327,low_reynolds_or_rarefaction_check,0.25,0.454642306065638,0.05
B,1.5,1.8,0.6944444444444444,50,0.003,piston,318.1916404325277,303.975,14.216640432527697,1.0467691107246573,88.35729338221293,0.3191779060404246,87.42190645413203,0.2563706904861422,False,none,31.506435512934097,25.122877392125606,6.383558120808493,1575.3217756467047,0.008751787642481693,2.2609489953698543e-15,0.0,1.2293687356805922,43.051240738150575,2.9134814499752957,2993.664322478327,low_reynolds_or_rarefaction_check,0.5,0.454642306065638,0.05
B,1.5,1.8,0.6944444444444444,50,0.003,piston,311.63966498169555,303.975,7.664664981695523,1.0252147873400625,88.35729338221293,0.3191779060404246,64.6226881032212,0.18894798155003928,False,none,19.928139170089395,13.5445810492809,6.383558120808493,996.4069585044697,0.0055355942139137205,0.0,0.0,1.2293687356805922,43.051240738150575,2.9134814499752957,2993.664322478327,low_reynolds_or_rarefaction_check,1.0,0.454642306065638,0.05
B,1.5,1.8,0.6944444444444444,50,0.003,piston,308.76016274573163,303.975,4.785162745731611,1.0157419614959506,88.35729338221293,0.3191779060404246,51.21365149351452,0.149543332819695,False,none,14.839638692933365,8.456080572124872,6.383558120808493,741.9819346466683,0.0041221218591481566,8.695957674499439e-15,1.3444389129448472e-16,1.2293687356805922,43.051240738150575,2.9134814499752957,2993.664322478327,low_reynolds_or_rarefaction_check,1.5,0.454642306065638,0.05
B,1.5,1.8,0.6944444444444444,50,0.003,piston,307.24434592232916,303.975,3.269345922329137,1.0107553118589658,88.35729338221293,0.3191779060404246,42.3990287352869,0.12371771329218084,False,none,12.160969257352034,5.777411136543542,6.383558120808493,608.0484628676018,0.0033780470159311205,1.6522319581548935e-14,0.0,1.2293687356805922,43.051240738150575,2.9134814499752957,2993.664322478327,low_reynolds_or_rarefaction_check,2.0,0.454642306065638,0.05
B,1.5,1.8,0.6944444444444444,50,0.003,piston,305.77744593132337,303.975,1.8024459313233478,1.0059295860887354,88.35729338221293,0.3191779060404246,31.530098503446762,0.0919399751885874,False,none,9.568742999998754,3.1851848791902615,6.383558120808493,478.43714999993773,0.0026579841666663205,2.6087873023498317e-15,0.0,1.2293687356805922,43.051240738150575,2.9134814499752957,2993.664322478327,low_reynolds_or_rarefaction_check,3.0,0.454642306065638,0.05
B,1.5,1.8,0.6944444444444444,50,0.003,piston,305.11491395262624,303.975,1.139913952626216,1.00375002533967,88.35729338221293,0.3191779060404246,25.091880067322126,0.07314382783639842,False,none,8.397952351661944,2.014394230853451,6.383558120808493,419.8976175830972,0.0023327645421283177,1.0782987516379305e-14,0.0,1.2293687356805922,43.051240738150575,2.9134814499752957,2993.664322478327,low_reynolds_or_rarefaction_check,4.0,0.454642306065638,0.05
B,1.5,1.8,0.6944444444444444,50,0.01,piston,1129.8293133337438,1013.25,116.57931333374381,1.115054836746848,88.35729338221293,1.063926353468082,134.33533666740158,0.3975201330255353,False,none,227.29117887989224,206.0126518105306,21.278527069361644,11364.558943994612,0.06313643857774784,0.0,0.0,1.2293687356805922,143.50413579383525,2.9134814499752957,9978.881074927756,low_reynolds_or_rarefaction_check,0.0,0.454642306065644,0.05
B,1.5,1.8,0.6944444444444444,50,0.01,piston,1107.221379909365,1013.25,93.97137990936494,1.0927425412379619,88.35729338221293,1.063926353468082,121.40375651840637,0.3582176103901471,False,none,187.3396627530246,166.06113568366297,21.278527069361644,9366.98313765123,0.052038795209173504,2.0870298418798653e-15,0.0,1.2293687356805922,143.50413579383525,2.9134814499752957,9978.881074927756,low_reynolds_or_rarefaction_check,0.1,0.454642306065644,0.05
B,1.5,1.8,0.6944444444444444,50,0.01,piston,1083.9181615004366,1013.25,70.66816150043655,1.0697440528008255,88.35729338221293,1.063926353468082,106.00910203257419,0.311844618018172,False,none,146.1594766388752,124.88094956951355,21.278527069361644,7307.973831943759,0.04059985462190978,0.0,0.0,1.2293687356805922,143.50413579383525,2.9134814499752957,9978.881074927756,low_reynolds_or_rarefaction_check,0.25,0.454642306065644,0.05
B,1.5,1.8,0.6944444444444444,50,0.01,piston,1060.6388014417591,1013.25,47.38880144175914,1.0467691107246575,88.35729338221293,1.063926353468082,87.42190645413203,0.2563706904861422,False,none,105.02145170978059,83.74292464041895,21.278527069361644,5251.07258548903,0.029172625474939054,2.295732826067852e-15,0.0,1.2293687356805922,143.50413579383525,2.9134814499752957,9978.881074927756,low_reynolds_or_rarefaction_check,0.5,0.454642306065644,0.05
B,1.5,1.8,0.6944444444444444,50,0.01,piston,1038.7988832723186,1013.25,25.548883272318562,1.0252147873400628,88.35729338221293,1.063926353468082,64.6226881032212,0.18894798155003928,False,none,66.4271305669649,45.14860349760327,21.278527069361644,3321.3565283482453,0.018451980713045806,2.0870298418798654e-16,0.0,1.2293687356805922,143.50413579383525,2.9134814499752957,9978.881074927756,low_reynolds_or_rarefaction_check,1.0,0.454642306065644,0.05
B,1.5,1.8,0.6944444444444444,50,0.01,piston,1029.200542485772,1013.25,15.950542485772075,1.0157419614959506,88.35729338221293,1.063926353468082,51.21365149351452,0.149543332819695,False,none,49.46546230977795,28.186935240416304,21.278527069361644,2473.2731154888975,0.013740406197160542,8.556822351707448e-15,0.0,1.2293687356805922,143.50413579383525,2.9134814499752957,9978.881074927756,low_reynolds_or_rarefaction_check,1.5,0.454642306065644,0.05
B,1.5,1.8,0.6944444444444444,50,0.01,piston,1024.1478197410972,1013.25,10.897819741097237,1.0107553118589658,88.35729338221293,1.063926353468082,42.3990287352869,0.12371771329218084,False,none,40.53656419117365,19.258037121812006,21.278527069361644,2026.8282095586826,0.011260156719770459,1.6487535750850936e-14,0.0,1.2293687356805922,143.50413579383525,2.9134814499752957,9978.881074927756,low_reynolds_or_rarefaction_check,2.0,0.454642306065644,0.05
B,1.5,1.8,0.6944444444444444,50,0.01,piston,1019.2581531044111,1013.25,6.008153104411122,1.0059295860887354,88.35729338221293,1.063926353468082,31.530098503446762,0.0919399751885874,False,none,31.895809999995784,10.617282930634138,21.278527069361644,1594.7904999997893,0.00885994722222105,2.5044358102558383e-15,0.0,1.2293687356805922,143.50413579383525,2.9134814499752957,9978.881074927756,low_reynolds_or_rarefaction_check,3.0,0.454642306065644,0.05
B,1.5,1.8,0.6944444444444444,50,0.01,piston,1017.0497131754206,1013.25,3.7997131754206066,1.00375002533967,88.35729338221293,1.063926353468082,25.091880067322126,0.07314382783639842,False,none,27.993174505539614,6.714647436177969,21.278527069361644,1399.6587252769807,0.007775881807094337,1.0643852193587313e-14,0.0,1.2293687356805922,143.50413579383525,2.9134814499752957,9978.881074927756,low_reynolds_or_rarefaction_check,4.0,0.454642306065644,0.05
B,1.5,1.8,0.6944444444444444,50,0.03,piston,3389.487940001231,3039.75,349.737940001231,1.115054836746848,88.35729338221293,3.1917790604042464,134.33533666740158,0.3975201330255353,False,none,681.8735366396759,618.037955431591,63.835581208084925,34093.676831983794,0.1894093157332433,2.0870298418798653e-15,0.0,1.229368735680592,430.5124073815058,2.9134814499752957,29936.643224783267,,0.0,0.45464230606563816,0.05
B,1.5,1.8,0.6944444444444444,50,0.03,piston,3321.6641397280946,3039.75,281.9141397280946,1.0927425412379619,88.35729338221293,3.1917790604042464,121.40375651840637,0.3582176103901471,False,none,562.0189882590734,498.1834070509885,63.835581208084925,28100.94941295367,0.15611638562752037,1.9478945190878742e-15,0.0,1.229368735680592,430.5124073815058,2.9134814499752957,29936.643224783267,,0.1,0.45464230606563816,0.05
B,1.5,1.8,0.6944444444444444,50,0.03,piston,3251.7544845013094,3039.75,212.00448450130943,1.0697440528008255,88.35729338221293,3.1917790604042464,106.00910203257419,0.311844618018172,False,none,438.47842991662515,374.6428487085402,63.835581208084925,21923.92149583126,0.12179956386572921,3.200112424215793e-15,1.9421050313024606e-16,1.229368735680592,430.5124073815058,2.9134814499752957,29936.643224783267,,0.25,0.45464230606563816,0.05
B,1.5,1.8,0.6944444444444444,50,0.03,piston,3181.916404325277,3039.75,142.1664043252772,1.0467691107246573,88.35729338221293,3.1917790604042464,87.42190645413203,0.2563706904861422,False,none,315.0643551293414,251.22877392125645,63.835581208084925,15753.21775646707,0.08751787642481705,2.226165164671856e-15,1.448074100075805e-16,1.229368735680592,430.5124073815058,2.9134814499752957,29936.643224783267,,0.5,0.45464230606563816,0.05
B,1.5,1.8,0.6944444444444444,50,0.03,piston,3116.3966498169557,3039.75,76.64664981695569,1.0252147873400628,88.35729338221293,3.1917790604042464,64.6226881032212,0.18894798155003928,False,none,199.28139170089474,135.4458104928098,63.835581208084925,9964.069585044737,0.05535594213913743,0.0,0.0,1.229368735680592,430.5124073815058,2.9134814499752957,29936.643224783267,,1.0,0.45464230606563816,0.05
B,1.5,1.8,0.6944444444444444,50,0.03,piston,3087.601627457316,3039.75,47.851627457316226,1.0157419614959506,88.35729338221293,3.1917790604042464,51.21365149351452,0.149543332819695,False,none,148.39638692933383,84.56080572124891,63.835581208084925,7419.819346466691,0.04122121859148162,8.348119367519461e-15,0.0,1.229368735680592,430.5124073815058,2.9134814499752957,29936.643224783267,,1.5,0.45464230606563816,0.05
B,1.5,1.8,0.6944444444444444,50,0.03,piston,3072.4434592232915,3039.75,32.693459223291484,1.0107553118589658,88.35729338221293,3.1917790604042464,42.3990287352869,0.12371771329218084,False,none,121.60969257352053,57.774111365435616,63.835581208084925,6080.484628676027,0.03378047015931126,1.627883276666295e-14,0.0,1.229368735680592,430.5124073815058,2.9134814499752957,29936.643224783267,,2.0,0.45464230606563816,0.05
B,1.5,1.8,0.6944444444444444,50,0.03,piston,3057.7744593132334,3039.75,18.024459313233365,1.0059295860887354,88.35729338221293,3.1917790604042464,31.530098503446762,0.0919399751885874,False,none,95.68742999998733,31.851848791902412,63.835581208084925,4784.371499999366,0.026579841666663148,2.5044358102558383e-15,0.0,1.229368735680592,430.5124073815058,2.9134814499752957,29936.643224783267,,3.0,0.45464230606563816,0.05
B,1.5,1.8,0.6944444444444444,50,0.03,piston,3051.149139526262,3039.75,11.399139526261933,1.00375002533967,88.35729338221293,3.1917790604042464,25.091880067322126,0.07314382783639842,False,none,83.97952351661903,20.143942308534108,63.835581208084925,4198.976175830951,0.02332764542128306,1.0574284532191318e-14,0.0,1.229368735680592,430.5124073815058,2.9134814499752957,29936.643224783267,,4.0,0.45464230606563816,0.05
B,1.5,1.8,0.6944444444444444,50,0.1,piston,11298.293133337436,10132.5,1165.7931333374363,1.1150548367468478,88.35729338221293,10.63926353468082,134.33533666740158,0.3975201330255353,False,none,2272.911788798919,2060.1265181053027,212.7852706936164,113645.58943994595,0.6313643857774776,2.0035486482046707e-15,0.0,1.229368735680592,1435.0413579383526,2.9134814499752957,99788.81074927756,,0.0,0.45464230606563816,0.05
B,1.5,1.8,0.6944444444444444,50,0.1,piston,11072.213799093648,10132.5,939.713799093648,1.0927425412379619,88.35729338221293,10.63926353468082,121.40375651840637,0.3582176103901471,False,none,1873.3966275302437,1660.6113568366272,212.7852706936164,93669.83137651219,0.5203879520917344,2.17051103555506e-15,0.0,1.229368735680592,1435.0413579383526,2.9134814499752957,99788.81074927756,,0.1,0.45464230606563816,0.05
B,1.5,1.8,0.6944444444444444,50,0.1,piston,10839.181615004365,10132.5,706.6816150043651,1.0697440528008255,88.35729338221293,10.63926353468082,106.00910203257419,0.311844618018172,False,none,1461.5947663887512,1248.8094956951347,212.7852706936164,73079.73831943756,0.40599854621909753,0.0,0.0,1.229368735680592,1435.0413579383526,2.9134814499752957,99788.81074927756,,0.25,0.45464230606563816,0.05
B,1.5,1.8,0.6944444444444444,50,0.1,piston,10606.388014417591,10132.5,473.88801441759097,1.0467691107246573,88.35729338221293,10.63926353468082,87.42190645413203,0.2563706904861422,False,none,1050.2145170978051,837.4292464041887,212.7852706936164,52510.725854890254,0.2917262547493903,2.337473422905449e-15,0.0,1.229368735680592,1435.0413579383526,2.9134814499752957,99788.81074927756,,0.5,0.45464230606563816,0.05
B,1.5,1.8,0.6944444444444444,50,0.1,piston,10387.988832723186,10132.5,255.48883272318562,1.0252147873400628,88.35729338221293,10.63926353468082,64.6226881032212,0.18894798155003928,False,none,664.2713056696491,451.4860349760327,212.7852706936164,33213.56528348246,0.1845198071304581,1.6696238735038925e-16,1.6115576231653927e-16,1.229368735680592,1435.0413579383526,2.9134814499752957,99788.81074927756,,1.0,0.45464230606563816,0.05
B,1.5,1.8,0.6944444444444444,50,0.1,piston,10292.005424857723,10132.5,159.50542485772348,1.015741961495951,88.35729338221293,10.63926353468082,51.21365149351452,0.149543332819695,False,none,494.6546230977842,281.86935240416784,212.7852706936164,24732.73115488921,0.13740406197160673,8.84900652957063e-15,1.290661356427028e-16,1.229368735680592,1435.0413579383526,2.9134814499752957,99788.81074927756,,1.5,0.45464230606563816,0.05
B,1.5,1.8,0.6944444444444444,50,0.1,piston,10241.478197410968,10132.5,108.97819741096828,1.0107553118589656,88.35729338221293,10.63926353468082,42.399028735285356,0.12371771329217635,False,none,405.36564191172926,192.58037121811284,212.7852706936164,20268.282095586463,0.11260156719770258,1.6195351572987756e-14,0.0,1.229368735680592,1435.0413579383526,2.9134814499752957,99788.81074927756,,2.0,0.45464230606563816,0.05
B,1.5,1.8,0.6944444444444444,50,0.1,piston,10192.581531044112,10132.5,60.081531044112126,1.0059295860887354,88.35729338221293,10.63926353468082,31.530098503448823,0.09193997518859344,False,none,318.95809999995936,106.17282930634298,212.7852706936164,15947.904999997969,0.08859947222221093,2.671398197606228e-15,0.0,1.229368735680592,1435.0413579383526,2.9134814499752957,99788.81074927756,,3.0,0.45464230606563816,0.05
B,1.5,1.8,0.6944444444444444,50,0.1,piston,10170.497131754206,10132.5,37.99713175420584,1.00375002533967,88.35729338221293,10.63926353468082,25.091880067322126,0.07314382783639842,False,none,279.9317450553957,67.14647436177928,212.7852706936164,13996.587252769785,0.07775881807094326,1.0685592790424912e-14,0.0,1.229368735680592,1435.0413579383526,2.9134814499752957,99788.81074927756,,4.0,0.45464230606563816,0.05
B,1.5,1.8,0.6944444444444444,100,0.001,piston,149.14148280656417,101.325,47.81648280656417,1.4719119941432437,176.71458676442586,0.2127852706936164,248.18025697928945,0.7641218312582818,False,none,93.01011082464727,84.49869999690262,8.511410827744657,9301.011082464727,0.025836141895735354,7.826361907049495e-16,0.0,0.6383623422306324,28.700827158767048,2.9134814499752957,1995.7762149855514,kantrowitz_limit;nonlinear_acoustic_pulse;low_reynolds_or_rarefaction_check,0.0,1.7948210413618988,0.05
B,1.5,1.8,0.6944444444444444,100,0.001,piston,139.68190808570606,101.325,38.35690808570605,1.3785532502907085,176.71458676442586,0.2127852706936164,227.21234393454762,0.6930456288855993,False,none,76.29366244701076,67.7822516192661,8.511410827744657,7629.366244701076,0.021192684013058544,0.0,1.3417888607206105e-16,0.6383623422306324,28.700827158767048,2.9134814499752957,1995.7762149855514,kantrowitz_limit;nonlinear_acoustic_pulse;low_reynolds_or_rarefaction_check,0.1,1.7948210413618988,0.05
B,1.5,1.8,0.6944444444444444,100,0.001,piston,130.02529797531668,101.325,28.700297975316673,1.283249918335225,176.71458676442586,0.2127852706936164,201.27635617600978,0.6076843528007603,False,none,59.22902379498439,50.71761296723974,8.511410827744657,5922.90237949844,0.016452506609717886,0.0,0.0,0.6383623422306324,28.700827158767048,2.9134814499752957,1995.7762149855514,kantrowitz_limit;nonlinear_acoustic_pulse;low_reynolds_or_rarefaction_check,0.25,1.7948210413618988,0.05
B,1.5,1.8,0.6944444444444444,100,0.001,piston,120.47420377347294,101.325,19.149203773472934,1.188987947431265,176.71458676442586,0.2127852706936164,168.59422023264537,0.5034943197379352,False,none,42.350847144715196,33.83943631697054,8.511410827744657,4235.08471447152,0.011764124206865333,6.521968255874579e-16,1.3438384334387022e-16,0.6383623422306324,28.700827158767048,2.9134814499752957,1995.7762149855514,kantrowitz_limit;nonlinear_acoustic_pulse;low_reynolds_or_rarefaction_check,0.5,1.7948210413618988,0.05
B,1.5,1.8,0.6944444444444444,100,0.001,piston,111.60044250079375,101.325,10.275442500793744,1.101410732798359,176.71458676442586,0.2127852706936164,126.62500048103388,0.37404553512262223,False,none,26.669616581238508,18.158205753493853,8.511410827744657,2666.9616581238506,0.007408226828121808,5.217574604699663e-16,1.2521814023364214e-16,0.6383623422306324,28.700827158767048,2.9134814499752957,1995.7762149855514,kantrowitz_limit;nonlinear_acoustic_pulse;low_reynolds_or_rarefaction_check,1.0,1.7948210413618988,0.05
B,1.5,1.8,0.6944444444444444,100,0.001,piston,107.72691327028933,101.325,6.401913270289327,1.0631819715794653,176.71458676442586,0.2127852706936164,101.10012151292366,0.29714266978135084,False,none,19.82452540835338,11.313114580608726,8.511410827744657,1982.4525408353381,0.005506812613431495,3.5218628581722727e-15,0.0,0.6383623422306324,28.700827158767048,2.9134814499752957,1995.7762149855514,kantrowitz_limit;nonlinear_acoustic_pulse;low_reynolds_or_rarefaction_check,1.5,1.7948210413618988,0.05
B,1.5,1.8,0.6944444444444444,100,0.001,piston,105.69423182077804,101.325,4.36923182077804,1.043120965416018,176.71458676442586,0.2127852706936164,84.03783647928094,0.2463237908546303,False,none,16.23248078461237,7.721069956867714,8.511410827744657,1623.2480784612371,0.004509022440170103,5.087135239582172e-15,0.0,0.6383623422306324,28.700827158767048,2.9134814499752957,1995.7762149855514,kantrowitz_limit;nonlinear_acoustic_pulse;low_reynolds_or_rarefaction_check,2.0,1.7948210413618988,0.05
B,1.5,1.8,0.6944444444444444,100,0.001,piston,103.73132482486535,101.325,2.406324824865351,1.0237485795693595,176.71458676442586,0.2127852706936164,62.74462716874265,0.18341928147105854,False,none,12.763737798215256,4.252326970470599,8.511410827744657,1276.3737798215257,0.0035454827217264603,4.565377779112205e-15,0.0,0.6383623422306324,28.700827158767048,2.9134814499752957,1995.7762149855514,kantrowitz_limit;nonlinear_acoustic_pulse;low_reynolds_or_rarefaction_check,3.0,1.7948210413618988,0.05
B,1.5,1.8,0.6944444444444444,100,0.001,piston,102.84610916601414,101.325,1.521109166014142,1.0150121802715435,176.71458676442586,0.2127852706936164,50.02403475433478,0.1460546672190782,False,none,11.199432604702352,2.6880217769576955,8.511410827744657,1119.9432604702351,0.003110953501306209,2.869666032584815e-15,0.0,0.6383623422306324,28.700827158767048,2.9134814499752957,1995.7762149855514,kantrowitz_limit;nonlinear_acoustic_pulse;low_reynolds_or_rarefaction_check,4.0,1.7948210413618988,0.05
B,1.5,1.8,0.6944444444444444,100,0.003,piston,447.4244484196925,303.975,143.4494484196925,1.4719119941432437,176.71458676442586,0.6383558120808492,248.18025697928945,0.7641218312582818,False,none,279.03033247394177,253.49609999070782,25.53423248323397,27903.033247394178,0.07750842568720605,6.956766139599551e-16,0.0,0.6383623422306323,86.10248147630115,2.9134814499752957,5987.328644956654,kantrowitz_limit;nonlinear_acoustic_pulse;low_reynolds_or_rarefaction_check,0.0,1.7948210413618992,0.05
B,1.5,1.8,0.6944444444444444,100,0.003,piston,419.04572425711814,303.975,115.07072425711812,1.3785532502907085,176.71458676442586,0.6383558120808492,227.21234393454762,0.6930456288855993,False,none,228.8809873410322,203.34675485779823,25.53423248323397,22888.09873410322,0.06357805203917562,0.0,0.0,0.6383623422306323,86.10248147630115,2.9134814499752957,5987.328644956654,kantrowitz_limit;nonlinear_acoustic_pulse;low_reynolds_or_rarefaction_check,0.1,1.7948210413618992,0.05
B,1.5,1.8,0.6944444444444444,100,0.003,piston,390.07589392595,303.975,86.10089392595,1.2832499183352248,176.71458676442586,0.6383558120808492,201.27635617600978,0.6076843528007603,False,none,177.68707138495319,152.1528389017192,25.53423248323397,17768.70713849532,0.049357519829153665,0.0,1.195501455428515e-16,0.6383623422306323,86.10248147630115,2.9134814499752957,5987.328644956654,kantrowitz_limit;nonlinear_acoustic_pulse;low_reynolds_or_rarefaction_check,0.25,1.7948210413618992,0.05
B,1.5,1.8,0.6944444444444444,100,0.003,piston,361.4226113204189,303.975,57.4476113204189,1.1889879474312655,176.71458676442586,0.6383558120808492,168.5942202326457,0.5034943197379363,False,none,127.05254143414575,101.51830895091179,25.53423248323397,12705.254143414575,0.03529237262059604,1.0435149209399327e-15,0.0,0.6383623422306323,86.10248147630115,2.9134814499752957,5987.328644956654,kantrowitz_limit;nonlinear_acoustic_pulse;low_reynolds_or_rarefaction_check,0.5,1.7948210413618992,0.05
B,1.5,1.8,0.6944444444444444,100,0.003,piston,334.80132750238124,303.975,30.82632750238122,1.101410732798359,176.71458676442586,0.6383558120808492,126.62500048103388,0.37404553512262223,False,none,80.0088497437155,54.47461726048153,25.53423248323397,8000.88497437155,0.022224680484365416,5.217574604699663e-16,0.0,0.6383623422306323,86.10248147630115,2.9134814499752957,5987.328644956654,kantrowitz_limit;nonlinear_acoustic_pulse;low_reynolds_or_rarefaction_check,1.0,1.7948210413618992,0.05
B,1.5,1.8,0.6944444444444444,100,0.003,piston,323.18073981086803,303.975,19.20573981086801,1.0631819715794655,176.71458676442586,0.6383558120808492,101.10012151292366,0.29714266978135084,False,none,59.4735762250602,33.93934374182623,25.53423248323397,5947.35762250602,0.0165204378402945,3.478383069799776e-15,0.0,0.6383623422306323,86.10248147630115,2.9134814499752957,5987.328644956654,kantrowitz_limit;nonlinear_acoustic_pulse;low_reynolds_or_rarefaction_check,1.5,1.7948210413618992,0.05
B,1.5,1.8,0.6944444444444444,100,0.003,piston,317.0826954623341,303.975,13.10769546233405,1.0431209654160178,176.71458676442586,0.6383558120808492,84.03783647928017,0.24632379085462802,False,none,48.69744235383699,23.163209870603016,25.53423248323397,4869.744235383699,0.013527067320510275,0.0,0.0,0.6383623422306323,86.10248147630115,2.9134814499752957,5987.328644956654,kantrowitz_limit;nonlinear_acoustic_pulse;low_reynolds_or_rarefaction_check,2.0,1.7948210413618992,0.05
B,1.5,1.8,0.6944444444444444,100,0.003,piston,311.1939744745961,303.975,7.2189744745960525,1.0237485795693595,176.71458676442586,0.6383558120808492,62.74462716874265,0.18341928147105854,False,none,38.291213394645766,12.756980911411798,25.53423248323397,3829.1213394645765,0.010636448165179379,4.6958171442296974e-15,0.0,0.6383623422306323,86.10248147630115,2.9134814499752957,5987.328644956654,kantrowitz_limit;nonlinear_acoustic_pulse;low_reynolds_or_rarefaction_check,3.0,1.7948210413618992,0.05
B,1.5,1.8,0.6944444444444444,100,0.003,piston,308.53832749804246,303.975,4.56332749804244,1.0150121802715435,176.71458676442586,0.6383558120808492,50.02403475433478,0.1460546672190782,False,none,33.598297814107084,8.064065330873111,25.53423248323397,3359.8297814107086,0.009332860503918634,3.130544762819798e-15,1.4097955938720916e-16,0.6383623422306323,86.10248147630115,2.9134814499752957,5987.328644956654,kantrowitz_limit;nonlinear_acoustic_pulse;low_reynolds_or_rarefaction_check,4.0,1.7948210413618992,0.05
B,1.5,1.8,0.6944444444444444,100,0.01,piston,1491.4148280656416,1013.25,478.1648280656416,1.4719119941432437,176.71458676442586,2.127852706936164,248.18025697928945,0.7641218312582818,False,none,930.1011082464726,844.986999969026,85.11410827744658,93010.11082464726,0.2583614189573535,8.348119367519462e-16,0.0,0.6383623422306323,287.0082715876705,2.9134814499752957,19957.762149855513,kantrowitz_limit;nonlinear_acoustic_pulse,0.0,1.794821041361911,0.05
B,1.5,1.8,0.6944444444444444,100,0.01,piston,1396.8190808570605,1013.25,383.5690808570605,1.3785532502907085,176.71458676442586,2.127852706936164,227.21234393454762,0.6930456288855993,False,none,762.9366244701075,677.8225161926609,85.11410827744658,76293.66244701075,0.2119268401305854,0.0,0.0,0.6383623422306323,287.0082715876705,2.9134814499752957,19957.762149855513,kantrowitz_limit;nonlinear_acoustic_pulse,0.1,1.794821041361911,0.05
B,1.5,1.8,0.6944444444444444,100,0.01,piston,1300.2529797531668,1013.25,287.00297975316676,1.283249918335225,176.71458676442586,2.127852706936164,201.27635617600978,0.6076843528007603,False,none,592.290237949844,507.17612967239745,85.11410827744658,59229.0237949844,0.1645250660971789,0.0,0.0,0.6383623422306323,287.0082715876705,2.9134814499752957,19957.762149855513,kantrowitz_limit;nonlinear_acoustic_pulse,0.25,1.794821041361911,0.05
B,1.5,1.8,0.6944444444444444,100,0.01,piston,1204.7420377347294,1013.25,191.49203773472937,1.188987947431265,176.71458676442586,2.127852706936164,168.59422023264537,0.5034943197379352,False,none,423.50847144715203,338.39436316970546,85.11410827744658,42350.847144715204,0.11764124206865334,6.261089525639596e-16,0.0,0.6383623422306323,287.0082715876705,2.9134814499752957,19957.762149855513,kantrowitz_limit;nonlinear_acoustic_pulse,0.5,1.794821041361911,0.05
B,1.5,1.8,0.6944444444444444,100,0.01,piston,1116.0044250079375,1013.25,102.75442500793747,1.101410732798359,176.71458676442586,2.127852706936164,126.62500048103388,0.37404553512262223,False,none,266.6961658123852,181.58205753493857,85.11410827744658,26669.61658123852,0.07408226828121811,4.174059683759731e-16,0.0,0.6383623422306323,287.0082715876705,2.9134814499752957,19957.762149855513,kantrowitz_limit;nonlinear_acoustic_pulse,1.0,1.794821041361911,0.05
B,1.5,1.8,0.6944444444444444,100,0.01,piston,1077.2691327028933,1013.25,64.01913270289333,1.0631819715794655,176.71458676442586,2.127852706936164,101.10012151292366,0.29714266978135084,False,none,198.24525408353395,113.13114580608736,85.11410827744658,19824.525408353395,0.055068126134314985,3.547950731195771e-15,1.607859083000625e-16,0.6383623422306323,287.0082715876705,2.9134814499752957,19957.762149855513,kantrowitz_limit;nonlinear_acoustic_pulse,1.5,1.794821041361911,0.05
B,1.5,1.8,0.6944444444444444,100,0.01,piston,1056.9423182077803,1013.25,43.69231820778032,1.043120965416018,176.71458676442586,2.127852706936164,84.03783647928094,0.2463237908546303,False,none,162.32480784612358,77.21069956867699,85.11410827744658,16232.480784612359,0.04509022440170099,0.0,1.1779386883600963e-16,0.6383623422306323,287.0082715876705,2.9134814499752957,19957.762149855513,kantrowitz_limit;nonlinear_acoustic_pulse,2.0,1.794821041361911,0.05
B,1.5,1.8,0.6944444444444444,100,0.01,piston,1037.3132482486535,1013.25,24.063248248653508,1.0237485795693595,176.71458676442586,2.127852706936164,62.74462716874265,0.18341928147105854,False,none,127.63737798215257,42.52326970470599,85.11410827744658,12763.737798215257,0.0354548272172646,4.591465652135704e-15,0.0,0.6383623422306323,287.0082715876705,2.9134814499752957,19957.762149855513,kantrowitz_limit;nonlinear_acoustic_pulse,3.0,1.794821041361911,0.05
B,1.5,1.8,0.6944444444444444,100,0.01,piston,1028.4610916601414,1013.25,15.211091660141392,1.0150121802715435,176.71458676442586,2.127852706936164,50.02403475433478,0.1460546672190782,False,none,111.99432604702348,26.880217769576905,85.11410827744658,11199.432604702348,0.031109535013062076,2.9218417786318117e-15,0.0,0.6383623422306323,287.0082715876705,2.9134814499752957,19957.762149855513,kantrowitz_limit;nonlinear_acoustic_pulse,4.0,1.794821041361911,0.05
B,1.5,1.8,0.6944444444444444,100,0.03,piston,4474.2444841969245,3039.75,1434.4944841969245,1.4719119941432435,176.71458676442586,6.383558120808493,248.18025697928945,0.7641218312582818,False,none,2790.3033247394173,2534.9609999070776,255.3423248323397,279030.33247394173,0.7750842568720604,6.95676613959955e-16,1.1480977599971182e-16,0.6383623422306322,861.0248147630116,2.9134814499752957,59873.286449566534,kantrowitz_limit;nonlinear_acoustic_pulse,0.0,1.7948210413618992,0.05
B,1.5,1.8,0.6944444444444444,100,0.03,piston,4190.457242571182,3039.75,1150.7072425711822,1.3785532502907087,176.71458676442586,6.383558120808493,227.21234393454762,0.6930456288855993,False,none,2288.8098734103237,2033.4675485779842,255.3423248323397,228880.98734103236,0.6357805203917566,0.0,1.4312414514353173e-16,0.6383623422306322,861.0248147630116,2.9134814499752957,59873.286449566534,kantrowitz_limit;nonlinear_acoustic_pulse,0.1,1.7948210413618992,0.05
B,1.5,1.8,0.6944444444444444,100,0.03,piston,3900.7589392595005,3039.75,861.0089392595005,1.283249918335225,176.71458676442586,6.383558120808493,201.27635617600978,0.6076843528007603,False,none,1776.8707138495324,1521.5283890171927,255.3423248323397,177687.07138495325,0.4935751982915368,1.39135322791991e-16,0.0,0.6383623422306322,861.0248147630116,2.9134814499752957,59873.286449566534,kantrowitz_limit;nonlinear_acoustic_pulse,0.25,1.7948210413618992,0.05
B,1.5,1.8,0.6944444444444444,100,0.03,piston,3614.226113204189,3039.75,574.476113204189,1.1889879474312655,176.71458676442586,6.383558120808493,168.5942202326457,0.5034943197379363,False,none,1270.5254143414577,1015.183089509118,255.3423248323397,127052.54143414577,0.35292372620596046,9.739472595439371e-16,1.433427662334613e-16,0.6383623422306322,861.0248147630116,2.9134814499752957,59873.286449566534,kantrowitz_limit;nonlinear_acoustic_pulse,0.5,1.7948210413618992,0.05
B,1.5,1.8,0.6944444444444444,100,0.03,piston,3348.013275023813,3039.75,308.2632750238131,1.1014107327983593,176.71458676442586,6.383558120808493,126.62500048103388,0.37404553512262223,False,none,800.0884974371567,544.7461726048169,255.3423248323397,80008.84974371566,0.22224680484365464,5.56541291167964e-16,1.3356601624921794e-16,0.6383623422306322,861.0248147630116,2.9134814499752957,59873.286449566534,kantrowitz_limit;nonlinear_acoustic_pulse,1.0,1.7948210413618992,0.05
B,1.5,1.8,0.6944444444444444,100,0.03,piston,3231.80739810868,3039.75,192.05739810868,1.0631819715794655,176.71458676442586,6.383558120808493,101.10012151292366,0.29714266978135084,False,none,594.7357622506019,339.3934374182621,255.3423248323397,59473.576225060184,0.16520437840294497,3.3392477470077843e-15,0.0,0.6383623422306322,861.0248147630116,2.9134814499752957,59873.286449566534,kantrowitz_limit;nonlinear_acoustic_pulse,1.5,1.7948210413618992,0.05
B,1.5,1.8,0.6944444444444444,100,0.03,piston,3170.826954623341,3039.75,131.07695462334095,1.043120965416018,176.71458676442586,6.383558120808493,84.03783647928094,0.2463237908546303,False,none,486.9744235383707,231.63209870603097,255.3423248323397,48697.44235383707,0.13527067320510297,0.0,0.0,0.6383623422306322,861.0248147630116,2.9134814499752957,59873.286449566534,kantrowitz_limit;nonlinear_acoustic_pulse,2.0,1.7948210413618992,0.05
B,1.5,1.8,0.6944444444444444,100,0.03,piston,3111.9397447459596,3039.75,72.18974474595962,1.0237485795693593,176.71458676442586,6.383558120808493,62.74462716874265,0.18341928147105854,False,none,382.91213394645604,127.56980911411637,255.3423248323397,38291.2133946456,0.10636448165179334,4.313195006551722e-15,0.0,0.6383623422306322,861.0248147630116,2.9134814499752957,59873.286449566534,kantrowitz_limit;nonlinear_acoustic_pulse,3.0,1.7948210413618992,0.05
B,1.5,1.8,0.6944444444444444,100,0.03,piston,3085.383274980424,3039.75,45.633274980424176,1.0150121802715435,176.71458676442586,6.383558120808493,50.02403475433478,0.1460546672190782,False,none,335.9829781410704,80.64065330873072,255.3423248323397,33598.29781410704,0.09332860503918623,2.78270645583982e-15,0.0,0.6383623422306322,861.0248147630116,2.9134814499752957,59873.286449566534,kantrowitz_limit;nonlinear_acoustic_pulse,4.0,1.7948210413618992,0.05
B,1.5,1.8,0.6944444444444444,100,0.1,piston,14914.148280656414,10132.5,4781.6482806564145,1.4719119941432435,176.71458676442586,21.27852706936164,248.18025697928945,0.7641218312582818,False,none,9301.011082464724,8449.869999690258,851.1410827744656,930101.1082464723,2.5836141895735345,5.008871620511677e-16,1.3777173119965418e-16,0.6383623422306322,2870.082715876705,2.9134814499752957,199577.62149855512,kantrowitz_limit;nonlinear_acoustic_pulse,0.0,1.7948210413618992,0.05
B,1.5,1.8,0.6944444444444444,100,0.1,piston,13968.190808570605,10132.5,3835.6908085706054,1.3785532502907087,176.71458676442586,21.27852706936164,227.21234393454762,0.6930456288855993,False,none,7629.3662447010765,6778.225161926611,851.1410827744656,762936.6244701076,2.1192684013058547,0.0,1.7174897417223816e-16,0.6383623422306322,2870.082715876705,2.9134814499752957,199577.62149855512,kantrowitz_limit;nonlinear_acoustic_pulse,0.1,1.7948210413618992,0.05
B,1.5,1.8,0.6944444444444444,100,0.1,piston,13002.529797531668,10132.5,2870.029797531668,1.283249918335225,176.71458676442586,21.27852706936164,201.27635617600978,0.6076843528007603,False,none,5922.902379498441,5071.761296723976,851.1410827744656,592290.2379498441,1.6452506609717892,1.6696238735038925e-16,1.1476813972113738e-16,0.6383623422306322,2870.082715876705,2.9134814499752957,199577.62149855512,kantrowitz_limit;nonlinear_acoustic_pulse,0.25,1.7948210413618992,0.05
B,1.5,1.8,0.6944444444444444,100,0.1,piston,12047.420377347296,10132.5,1914.9203773472964,1.1889879474312655,176.71458676442586,21.27852706936164,168.5942202326457,0.5034943197379363,False,none,4235.084714471524,3383.943631697059,851.1410827744656,423508.47144715243,1.1764124206865345,8.348119367519462e-16,0.0,0.6383623422306322,2870.082715876705,2.9134814499752957,199577.62149855512,kantrowitz_limit;nonlinear_acoustic_pulse,0.5,1.7948210413618992,0.05
B,1.5,1.8,0.6944444444444444,100,0.1,piston,11160.044250079374,10132.5,1027.5442500793743,1.101410732798359,176.71458676442586,21.27852706936164,126.62500048103388,0.37404553512262223,False,none,2666.9616581238506,1815.8205753493849,851.1410827744656,266696.16581238504,0.7408226828121808,5.008871620511677e-16,0.0,0.6383623422306322,2870.082715876705,2.9134814499752957,199577.62149855512,kantrowitz_limit;nonlinear_acoustic_pulse,1.0,1.7948210413618992,0.05
B,1.5,1.8,0.6944444444444444,100,0.1,piston,10772.691327028933,10132.5,640.1913270289333,1.0631819715794655,176.71458676442586,21.27852706936164,101.10012151292366,0.29714266978135084,False,none,1982.4525408353393,1131.3114580608737,851.1410827744656,198245.25408353392,0.5506812613431498,3.673172521708563e-15,0.0,0.6383623422306322,2870.082715876705,2.9134814499752957,199577.62149855512,kantrowitz_limit;nonlinear_acoustic_pulse,1.5,1.7948210413618992,0.05
B,1.5,1.8,0.6944444444444444,100,0.1,piston,10569.423182077804,10132.5,436.9231820778041,1.043120965416018,176.71458676442586,21.27852706936164,84.03783647928094,0.2463237908546303,False,none,1623.2480784612371,772.1069956867715,851.1410827744656,162324.8078461237,0.4509022440170103,5.0088716205116775e-15,0.0,0.6383623422306322,2870.082715876705,2.9134814499752957,199577.62149855512,kantrowitz_limit;nonlinear_acoustic_pulse,2.0,1.7948210413618992,0.05
B,1.5,1.8,0.6944444444444444,100,0.1,piston,10373.132482486535,10132.5,240.63248248653508,1.0237485795693595,176.71458676442586,21.27852706936164,62.74462716874265,0.18341928147105854,False,none,1276.3737798215257,425.2326970470599,851.1410827744656,127637.37798215257,0.354548272172646,4.674946845810898e-15,0.0,0.6383623422306322,2870.082715876705,2.9134814499752957,199577.62149855512,kantrowitz_limit;nonlinear_acoustic_pulse,3.0,1.7948210413618992,0.05
B,1.5,1.8,0.6944444444444444,100,0.1,piston,10284.610916601414,10132.5,152.11091660141392,1.0150121802715435,176.71458676442586,21.27852706936164,50.02403475433478,0.1460546672190782,False,none,1119.9432604702347,268.80217769576905,851.1410827744656,111994.32604702347,0.31109535013062073,2.838360584956617e-15,0.0,0.6383623422306322,2870.082715876705,2.9134814499752957,199577.62149855512,kantrowitz_limit;nonlinear_acoustic_pulse,4.0,1.7948210413618992,0.05
B,1.5,1.8,0.6944444444444444,150,0.001,piston,212.07883939173826,101.325,110.75383939173825,2.0930554097383496,265.0718801466388,0.3191779060404246,313.3264943845849,1.0,True,annulus,214.86886396927162,195.71818960684615,19.150674362425477,32230.329595390744,0.059685795547019894,0.0,1.2391894742127594e-16,0.4527756854448361,43.051240738150575,2.9134814499752957,2993.664322478327,choked_restriction;kantrowitz_limit;nonlinear_acoustic_pulse;reduced_model_invalid;low_reynolds_or_rarefaction_check,0.0,3.13499977665816,0.05
B,1.5,1.8,0.6944444444444444,150,0.001,piston,190.564625128356,101.325,89.239625128356,1.880726623521895,265.0718801466388,0.3191779060404246,311.87439208476724,0.9944463441289045,False,none,176.8501091381225,157.69943477569703,19.150674362425477,26527.516370718375,0.04912503031614514,3.4783830697997757e-16,1.5379377917095572e-16,0.4527756854448361,43.051240738150575,2.9134814499752957,2993.664322478327,kantrowitz_limit;nonlinear_acoustic_pulse;reduced_model_invalid;low_reynolds_or_rarefaction_check,0.1,3.13499977665816,0.05
B,1.5,1.8,0.6944444444444444,150,0.001,piston,167.56172858837272,101.325,66.23672858837271,1.653705685550187,265.0718801466388,0.3191779060404246,280.81057354114836,0.8790913989138931,False,none,136.20063557364264,117.04996121121717,19.150674362425477,20430.095336046397,0.037833509881567404,0.0,2.07203759798887e-16,0.4527756854448361,43.051240738150575,2.9134814499752957,2993.664322478327,kantrowitz_limit;nonlinear_acoustic_pulse;reduced_model_invalid;low_reynolds_or_rarefaction_check,0.25,3.13499977665816,0.05
B,1.5,1.8,0.6944444444444444,150,0.001,piston,145.15397248742912,101.325,43.82897248742911,1.4325583270409978,265.0718801466388,0.3191779060404246,239.77819965067923,0.7354001453648612,False,none,96.60286197667973,77.45218761425426,19.150674362425477,14490.42929650196,0.026834128326855482,8.69595767449944e-16,1.5656879937381226e-16,0.4527756854448361,43.051240738150575,2.9134814499752957,2993.664322478327,kantrowitz_limit;nonlinear_acoustic_pulse;low_reynolds_or_rarefaction_check,0.5,3.13499977665816,0.05
B,1.5,1.8,0.6944444444444444,150,0.001,piston,124.65818261867031,101.325,23.333182618670307,1.2302806081289939,265.0718801466388,0.3191779060404246,184.02666466031974,0.5522691093453236,False,none,60.38381160599755,41.233137243572074,19.150674362425477,9057.571740899633,0.016773281001665988,8.69595767449944e-16,1.4704915553726735e-16,0.4527756854448361,43.051240738150575,2.9134814499752957,2993.664322478327,kantrowitz_limit;nonlinear_acoustic_pulse;low_reynolds_or_rarefaction_check,1.0,3.13499977665816,0.05
B,1.5,1.8,0.6944444444444444,150,0.001,piston,115.81176916417256,101.325,14.486769164172557,1.1429732954766598,265.0718801466388,0.3191779060404246,148.54682403428941,0.44112990187002554,False,none,44.750908626409284,25.600234263983804,19.150674362425477,6712.636293961393,0.012430807951780356,1.565272381409899e-15,1.1842270561464728e-16,0.4527756854448361,43.051240738150575,2.9134814499752957,2993.664322478327,kantrowitz_limit;nonlinear_acoustic_pulse;low_reynolds_or_rarefaction_check,1.5,3.13499977665816,0.05
B,1.5,1.8,0.6944444444444444,150,0.001,piston,111.1940448763664,101.325,9.869044876366402,1.0973999000875045,265.0718801466388,0.3191779060404246,124.24295362630538,0.36681783327063916,False,none,36.590716233292106,17.44004187086663,19.150674362425477,5488.607434993816,0.01016408784258114,1.9131106883898764e-15,1.738326678546622e-16,0.4527756854448361,43.051240738150575,2.9134814499752957,2993.664322478327,kantrowitz_limit;nonlinear_acoustic_pulse;low_reynolds_or_rarefaction_check,2.0,3.13499977665816,0.05
B,1.5,1.8,0.6944444444444444,150,0.001,piston,106.75078920404057,101.325,5.425789204040569,1.0535483760576418,265.0718801466388,0.3191779060404246,93.34852668000923,0.27400348069308395,False,none,28.738835333054602,9.588160970629124,19.150674362425477,4310.82529995819,0.00798300981473739,1.9131106883898764e-15,0.0,0.4527756854448361,43.051240738150575,2.9134814499752957,2993.664322478327,kantrowitz_limit;nonlinear_acoustic_pulse;low_reynolds_or_rarefaction_check,3.0,3.13499977665816,0.05
B,1.5,1.8,0.6944444444444444,150,0.001,piston,104.75210360551262,101.325,3.427103605512613,1.0338228828572673,265.0718801466388,0.3191779060404246,74.64340414155645,0.21850804381634,False,none,25.206866336895832,6.056191974470354,19.150674362425477,3781.0299505343746,0.007001907315804398,4.5218979907397085e-15,0.0,0.4527756854448361,43.051240738150575,2.9134814499752957,2993.664322478327,kantrowitz_limit;nonlinear_acoustic_pulse;low_reynolds_or_rarefaction_check,4.0,3.13499977665816,0.05
B,1.5,1.8,0.6944444444444444,150,0.003,piston,636.236518175215,303.975,332.261518175215,2.09305540973835,265.0718801466388,0.957533718121274,313.3264943845849,1.0,True,annulus,644.6065919078153,587.1545688205389,57.45202308727643,96690.9887861723,0.1790573866410598,2.3189220465331837e-16,0.0,0.4527756854448361,129.15372221445173,2.9134814499752957,8980.99296743498,choked_restriction;kantrowitz_limit;nonlinear_acoustic_pulse;reduced_model_invalid;low_reynolds_or_rarefaction_check,0.0,3.13499977665816,0.05
B,1.5,1.8,0.6944444444444444,150,0.003,piston,571.693875385068,303.975,267.71887538506803,1.880726623521895,265.0718801466388,0.957533718121274,311.87439208476724,0.9944463441289045,False,none,530.5503274143676,473.0983043270912,57.45202308727643,79582.54911215515,0.14737509094843546,3.478383069799775e-16,0.0,0.4527756854448361,129.15372221445173,2.9134814499752957,8980.99296743498,kantrowitz_limit;nonlinear_acoustic_pulse;reduced_model_invalid;low_reynolds_or_rarefaction_check,0.1,3.13499977665816,0.05
B,1.5,1.8,0.6944444444444444,150,0.003,piston,502.6851857651182,303.975,198.71018576511818,1.6537056855501873,265.0718801466388,0.957533718121274,280.81057354114836,0.8790913989138931,False,none,408.601906720928,351.1498836336516,57.45202308727643,61290.2860081392,0.11350052964470222,1.1594610232665918e-16,1.3813583986592463e-16,0.4527756854448361,129.15372221445173,2.9134814499752957,8980.99296743498,kantrowitz_limit;nonlinear_acoustic_pulse;reduced_model_invalid;low_reynolds_or_rarefaction_check,0.25,3.13499977665816,0.05
B,1.5,1.8,0.6944444444444444,150,0.003,piston,435.4619174622873,303.975,131.4869174622873,1.4325583270409978,265.0718801466388,0.957533718121274,239.77819965067923,0.7354001453648612,False,none,289.80858593003916,232.3565628427627,57.45202308727643,43471.287889505875,0.08050238498056643,6.95676613959955e-16,2.0875839916508306e-16,0.4527756854448361,129.15372221445173,2.9134814499752957,8980.99296743498,kantrowitz_limit;nonlinear_acoustic_pulse;low_reynolds_or_rarefaction_check,0.5,3.13499977665816,0.05
B,1.5,1.8,0.6944444444444444,150,0.003,piston,373.9745478560109,303.975,69.99954785601085,1.2302806081289936,265.0718801466388,0.957533718121274,184.02666466031945,0.5522691093453226,False,none,181.15143481799254,123.6994117307161,57.45202308727643,27172.71522269888,0.05031984300499793,5.797305116332958e-16,1.9606554071635666e-16,0.4527756854448361,129.15372221445173,2.9134814499752957,8980.99296743498,kantrowitz_limit;nonlinear_acoustic_pulse;low_reynolds_or_rarefaction_check,1.0,3.13499977665816,0.05
B,1.5,1.8,0.6944444444444444,150,0.003,piston,347.4353074925176,303.975,43.460307492517586,1.1429732954766596,265.0718801466388,0.957533718121274,148.54682403428941,0.44112990187002554,False,none,134.25272587922768,76.80070279195127,57.45202308727643,20137.908881884152,0.037292423855341025,1.1594610232665917e-15,1.5789694081953001e-16,0.4527756854448361,129.15372221445173,2.9134814499752957,8980.99296743498,kantrowitz_limit;nonlinear_acoustic_pulse;low_reynolds_or_rarefaction_check,1.5,3.13499977665816,0.05
B,1.5,1.8,0.6944444444444444,150,0.003,piston,333.58213462909924,303.975,29.60713462909922,1.0973999000875045,265.0718801466388,0.957533718121274,124.24295362630538,0.36681783327063916,False,none,109.77214869987634,52.32012561259992,57.45202308727643,16465.82230498145,0.030492263527743427,1.855137637226547e-15,1.1588844523644141e-16,0.4527756854448361,129.15372221445173,2.9134814499752957,8980.99296743498,kantrowitz_limit;nonlinear_acoustic_pulse;low_reynolds_or_rarefaction_check,2.0,3.13499977665816,0.05
B,1.5,1.8,0.6944444444444444,150,0.003,piston,320.2523676121217,303.975,16.27736761212168,1.0535483760576418,265.0718801466388,0.957533718121274,93.34852668000923,0.27400348069308395,False,none,86.21650599916376,28.76448291188732,57.45202308727643,12932.475899874564,0.023949029444212153,1.855137637226547e-15,0.0,0.4527756854448361,129.15372221445173,2.9134814499752957,8980.99296743498,kantrowitz_limit;nonlinear_acoustic_pulse;low_reynolds_or_rarefaction_check,3.0,3.13499977665816,0.05
B,1.5,1.8,0.6944444444444444,150,0.003,piston,314.2563108165379,303.975,10.281310816537882,1.0338228828572675,265.0718801466388,0.957533718121274,74.64340414155645,0.21850804381634,False,none,75.62059901068757,18.168575923411137,57.45202308727643,11343.089851603136,0.021005721947413215,4.637844093066367e-15,1.668622251237273e-16,0.4527756854448361,129.15372221445173,2.9134814499752957,8980.99296743498,kantrowitz_limit;nonlinear_acoustic_pulse;low_reynolds_or_rarefaction_check,4.0,3.13499977665816,0.05
B,1.5,1.8,0.6944444444444444,150,0.01,piston,2120.7883939173826,1013.25,1107.5383939173826,2.0930554097383496,265.0718801466388,3.1917790604042464,313.3264943845849,1.0,True,annulus,2148.6886396927166,1957.1818960684618,191.5067436242548,322303.2959539075,0.596857955470199,0.0,0.0,0.4527756854448361,430.51240738150574,2.9134814499752957,29936.643224783267,choked_restriction;kantrowitz_limit;nonlinear_acoustic_pulse;reduced_model_invalid,0.0,3.134999776658178,0.05
B,1.5,1.8,0.6944444444444444,150,0.01,piston,1905.6462512835599,1013.25,892.3962512835599,1.8807266235218947,265.0718801466388,3.1917790604042464,311.87439208476724,0.9944463441289045,False,none,1768.501091381225,1576.9943477569702,191.5067436242548,265275.16370718373,0.4912503031614514,2.78270645583982e-16,1.2303502333676456e-16,0.4527756854448361,430.51240738150574,2.9134814499752957,29936.643224783267,kantrowitz_limit;nonlinear_acoustic_pulse;reduced_model_invalid,0.1,3.134999776658178,0.05
B,1.5,1.8,0.6944444444444444,150,0.01,piston,1675.6172858837272,1013.25,662.3672858837272,1.6537056855501873,265.0718801466388,3.1917790604042464,280.81057354114836,0.8790913989138931,False,none,1362.0063557364265,1170.4996121121717,191.5067436242548,204300.95336046396,0.378335098815674,0.0,1.6576300783910962e-16,0.4527756854448361,430.51240738150574,2.9134814499752957,29936.643224783267,kantrowitz_limit;nonlinear_acoustic_pulse;reduced_model_invalid,0.25,3.134999776658178,0.05
B,1.5,1.8,0.6944444444444444,150,0.01,piston,1451.5397248742909,1013.25,438.28972487429087,1.4325583270409976,265.0718801466388,3.1917790604042464,239.77819965067923,0.7354001453648612,False,none,966.028619766797,774.5218761425422,191.5067436242548,144904.29296501956,0.2683412832685547,6.95676613959955e-16,0.0,0.4527756854448361,430.51240738150574,2.9134814499752957,29936.643224783267,kantrowitz_limit;nonlinear_acoustic_pulse,0.5,3.134999776658178,0.05
B,1.5,1.8,0.6944444444444444,150,0.01,piston,1246.5818261867032,1013.25,233.3318261867032,1.230280608128994,265.0718801466388,3.1917790604042464,184.02666466031974,0.5522691093453236,False,none,603.8381160599758,412.331372435721,191.5067436242548,90575.71740899638,0.16773281001665996,9.739472595439371e-16,1.176393244298138e-16,0.4527756854448361,430.51240738150574,2.9134814499752957,29936.643224783267,kantrowitz_limit;nonlinear_acoustic_pulse,1.0,3.134999776658178,0.05
B,1.5,1.8,0.6944444444444444,150,0.01,piston,1158.1176916417253,1013.25,144.8676916417253,1.1429732954766596,265.0718801466388,3.1917790604042464,148.54682403428941,0.44112990187002554,False,none,447.50908626409233,256.00234263983754,191.5067436242548,67126.36293961386,0.12430807951780343,1.2522179051279192e-15,1.89476328983436e-16,0.4527756854448361,430.51240738150574,2.9134814499752957,29936.643224783267,kantrowitz_limit;nonlinear_acoustic_pulse,1.5,3.134999776658178,0.05
B,1.5,1.8,0.6944444444444444,150,0.01,piston,1111.9404487636643,1013.25,98.69044876366434,1.097399900087505,265.0718801466388,3.1917790604042464,124.24295362630538,0.36681783327063916,False,none,365.90716233292164,174.40041870866688,191.5067436242548,54886.074349938244,0.10164087842581157,2.0870298418798653e-15,0.0,0.4527756854448361,430.51240738150574,2.9134814499752957,29936.643224783267,kantrowitz_limit;nonlinear_acoustic_pulse,2.0,3.134999776658178,0.05
B,1.5,1.8,0.6944444444444444,150,0.01,piston,1067.5078920404057,1013.25,54.25789204040575,1.053548376057642,265.0718801466388,3.1917790604042464,93.34852668000923,0.27400348069308395,False,none,287.3883533305461,95.88160970629133,191.5067436242548,43108.25299958192,0.07983009814737392,1.9478945190878742e-15,2.529493624645175e-16,0.4527756854448361,430.51240738150574,2.9134814499752957,29936.643224783267,kantrowitz_limit;nonlinear_acoustic_pulse,3.0,3.134999776658178,0.05
B,1.5,1.8,0.6944444444444444,150,0.01,piston,1047.5210360551262,1013.25,34.27103605512616,1.0338228828572673,265.0718801466388,3.1917790604042464,74.64340414155645,0.21850804381634,False,none,252.06866336895837,60.56191974470359,191.5067436242548,37810.299505343755,0.070019073158044,4.591465652135703e-15,0.0,0.4527756854448361,430.51240738150574,2.9134814499752957,29936.643224783267,kantrowitz_limit;nonlinear_acoustic_pulse,4.0,3.134999776658178,0.05
B,1.5,1.8,0.6944444444444444,150,0.03,piston,6362.365181752149,3039.75,3322.6151817521486,2.0930554097383496,265.0718801466388,9.57533718121274,313.3264943845849,1.0,True,annulus,6446.065919078151,5871.545688205387,574.5202308727643,966909.8878617226,1.7905738664105975,0.0,0.0,0.4527756854448361,1291.5372221445173,2.9134814499752957,89809.9296743498,choked_restriction;kantrowitz_limit;nonlinear_acoustic_pulse;reduced_model_invalid,0.0,3.134999776658161,0.05
B,1.5,1.8,0.6944444444444444,150,0.03,piston,5716.93875385068,3039.75,2677.18875385068,1.880726623521895,265.0718801466388,9.57533718121274,311.87439208476724,0.9944463441289045,False,none,5305.503274143675,4730.983043270911,574.5202308727643,795825.4911215513,1.4737509094843542,1.8551376372265467e-16,1.6404669778235274e-16,0.4527756854448361,1291.5372221445173,2.9134814499752957,89809.9296743498,kantrowitz_limit;nonlinear_acoustic_pulse;reduced_model_invalid,0.1,3.134999776658161,0.05
B,1.5,1.8,0.6944444444444444,150,0.03,piston,5026.851857651182,3039.75,1987.1018576511824,1.6537056855501875,265.0718801466388,9.57533718121274,280.81057354114836,0.8790913989138931,False,none,4086.0190672092813,3511.498836336517,574.5202308727643,612902.8600813922,1.1350052964470225,0.0,0.0,0.4527756854448361,1291.5372221445173,2.9134814499752957,89809.9296743498,kantrowitz_limit;nonlinear_acoustic_pulse;reduced_model_invalid,0.25,3.134999776658161,0.05
B,1.5,1.8,0.6944444444444444,150,0.03,piston,4354.619174622873,3039.75,1314.8691746228733,1.4325583270409978,265.0718801466388,9.57533718121274,239.77819965067923,0.7354001453648612,False,none,2898.085859300392,2323.5656284276274,574.5202308727643,434712.87889505876,0.8050238498056644,7.420550548906187e-16,1.6700671933206642e-16,0.4527756854448361,1291.5372221445173,2.9134814499752957,89809.9296743498,kantrowitz_limit;nonlinear_acoustic_pulse,0.5,3.134999776658161,0.05
B,1.5,1.8,0.6944444444444444,150,0.03,piston,3739.745478560108,3039.75,699.995478560108,1.2302806081289934,265.0718801466388,9.57533718121274,184.02666466031945,0.5522691093453226,False,none,1811.5143481799246,1236.9941173071602,574.5202308727643,271727.1522269887,0.503198430049979,3.7102752744530935e-16,0.0,0.4527756854448361,1291.5372221445173,2.9134814499752957,89809.9296743498,kantrowitz_limit;nonlinear_acoustic_pulse,1.0,3.134999776658161,0.05
B,1.5,1.8,0.6944444444444444,150,0.03,piston,3474.353074925176,3039.75,434.60307492517586,1.1429732954766596,265.0718801466388,9.57533718121274,148.54682403428941,0.44112990187002554,False,none,1342.5272587922768,768.0070279195127,574.5202308727643,201379.08881884153,0.3729242385534102,1.2985963460585826e-15,0.0,0.4527756854448361,1291.5372221445173,2.9134814499752957,89809.9296743498,kantrowitz_limit;nonlinear_acoustic_pulse,1.5,3.134999776658161,0.05
B,1.5,1.8,0.6944444444444444,150,0.03,piston,3335.821346290993,3039.75,296.071346290993,1.097399900087505,265.0718801466388,9.57533718121274,124.24295362630538,0.36681783327063916,False,none,1097.7214869987647,523.2012561260005,574.5202308727643,164658.2230498147,0.30492263527743463,2.226165164671856e-15,1.8542151237830574e-16,0.4527756854448361,1291.5372221445173,2.9134814499752957,89809.9296743498,kantrowitz_limit;nonlinear_acoustic_pulse,2.0,3.134999776658161,0.05
B,1.5,1.8,0.6944444444444444,150,0.03,piston,3202.523676121217,3039.75,162.7736761212168,1.0535483760576418,265.0718801466388,9.57533718121274,93.34852668000923,0.27400348069308395,False,none,862.1650599916375,287.6448291188732,574.5202308727643,129324.75899874562,0.23949029444212153,1.669623873503892e-15,1.686329083096788e-16,0.4527756854448361,1291.5372221445173,2.9134814499752957,89809.9296743498,kantrowitz_limit;nonlinear_acoustic_pulse,3.0,3.134999776658161,0.05
B,1.5,1.8,0.6944444444444444,150,0.03,piston,3142.5631081653787,3039.75,102.81310816537871,1.0338228828572675,265.0718801466388,9.57533718121274,74.64340414155645,0.21850804381634,False,none,756.2059901068754,181.68575923411117,574.5202308727643,113430.89851603132,0.21005721947413206,4.452330329343712e-15,0.0,0.4527756854448361,1291.5372221445173,2.9134814499752957,89809.9296743498,kantrowitz_limit;nonlinear_acoustic_pulse,4.0,3.134999776658161,0.05
B,1.5,1.8,0.6944444444444444,150,0.1,piston,21207.88393917383,10132.5,11075.38393917383,2.0930554097383496,265.0718801466388,31.917790604042466,313.3264943845849,1.0,True,annulus,21486.886396927173,19571.818960684624,1915.067436242548,3223032.959539076,5.968579554701993,0.0,0.0,0.45277568544483615,4305.124073815058,2.9134814499752957,299366.4322478327,choked_restriction;kantrowitz_limit;nonlinear_acoustic_pulse;reduced_model_invalid,0.0,3.134999776658161,0.05
B,1.5,1.8,0.6944444444444444,150,0.1,piston,19056.462512835602,10132.5,8923.962512835602,1.8807266235218951,265.0718801466388,31.917790604042466,311.87439208476724,0.9944463441289045,False,none,17685.010913812257,15769.943477569708,1915.067436242548,2652751.6370718386,4.9125030316145155,3.3392477470077844e-16,1.9685603733882325e-16,0.45277568544483615,4305.124073815058,2.9134814499752957,299366.4322478327,kantrowitz_limit;nonlinear_acoustic_pulse;reduced_model_invalid,0.1,3.134999776658161,0.05
B,1.5,1.8,0.6944444444444444,150,0.1,piston,16756.172858837275,10132.5,6623.672858837275,1.6537056855501875,265.0718801466388,31.917790604042466,280.81057354114836,0.8790913989138931,False,none,13620.063557364272,11704.996121121723,1915.067436242548,2043009.5336046407,3.783350988156742,1.1130825823359281e-16,1.326104062712876e-16,0.45277568544483615,4305.124073815058,2.9134814499752957,299366.4322478327,kantrowitz_limit;nonlinear_acoustic_pulse;reduced_model_invalid,0.25,3.134999776658161,0.05
B,1.5,1.8,0.6944444444444444,150,0.1,piston,14515.39724874291,10132.5,4382.897248742909,1.4325583270409976,265.0718801466388,31.917790604042466,239.77819965067923,0.7354001453648612,False,none,9660.28619766797,7745.218761425423,1915.067436242548,1449042.9296501956,2.6834128326855473,6.678495494015569e-16,2.0040806319847977e-16,0.45277568544483615,4305.124073815058,2.9134814499752957,299366.4322478327,kantrowitz_limit;nonlinear_acoustic_pulse,0.5,3.134999776658161,0.05
B,1.5,1.8,0.6944444444444444,150,0.1,piston,12465.81826186703,10132.5,2333.3182618670307,1.2302806081289939,265.0718801466388,31.917790604042466,184.02666466031974,0.5522691093453236,False,none,6038.381160599755,4123.313724357207,1915.067436242548,905757.1740899633,1.6773281001665987,7.791578076351496e-16,1.882229190877022e-16,0.45277568544483615,4305.124073815058,2.9134814499752957,299366.4322478327,kantrowitz_limit;nonlinear_acoustic_pulse,1.0,3.134999776658161,0.05
B,1.5,1.8,0.6944444444444444,150,0.1,piston,11581.176916417253,10132.5,1448.6769164172529,1.1429732954766596,265.0718801466388,31.917790604042466,148.54682403428941,0.44112990187002554,False,none,4475.090862640924,2560.0234263983752,1915.067436242548,671263.6293961386,1.2430807951780343,1.2243908405695209e-15,1.5158106318674882e-16,0.45277568544483615,4305.124073815058,2.9134814499752957,299366.4322478327,kantrowitz_limit;nonlinear_acoustic_pulse,1.5,3.134999776658161,0.05
B,1.5,1.8,0.6944444444444444,150,0.1,piston,11119.40448763664,10132.5,986.9044876366406,1.0973999000875045,265.0718801466388,31.917790604042466,124.24295362630538,0.36681783327063916,False,none,3659.0716233292114,1744.0041870866637,1915.067436242548,548860.7434993817,1.0164087842581142,1.780932131737485e-15,2.225058148539675e-16,0.45277568544483615,4305.124073815058,2.9134814499752957,299366.4322478327,kantrowitz_limit;nonlinear_acoustic_pulse,2.0,3.134999776658161,0.05
B,1.5,1.8,0.6944444444444444,150,0.1,piston,10675.078920404057,10132.5,542.5789204040575,1.053548376057642,265.0718801466388,31.917790604042466,93.34852668000923,0.27400348069308395,False,none,2873.8835333054612,958.8160970629133,1915.067436242548,431082.5299958192,0.7983009814737392,1.8922403899710777e-15,2.0235948997161397e-16,0.45277568544483615,4305.124073815058,2.9134814499752957,299366.4322478327,kantrowitz_limit;nonlinear_acoustic_pulse,3.0,3.134999776658161,0.05
B,1.5,1.8,0.6944444444444444,150,0.1,piston,10475.210360551262,10132.5,342.71036055126206,1.0338228828572673,265.0718801466388,31.917790604042466,74.64340414155645,0.21850804381634,False,none,2520.6866336895846,605.6191974470366,1915.067436242548,378102.9950534377,0.7001907315804402,4.563638587577305e-15,1.6018773611877852e-16,0.45277568544483615,4305.124073815058,2.9134814499752957,299366.4322478327,kantrowitz_limit;nonlinear_acoustic_pulse,4.0,3.134999776658161,0.05
B,1.5,1.8,0.6944444444444444,200,0.001,piston,282.771785855651,101.325,181.446785855651,2.790740546317799,353.4291735288517,0.4255705413872328,313.3264943845849,1.0,True,annulus,354.688581133125,320.6429378221464,34.045643310978626,70937.71622662501,0.0985246058703125,0.0,0.0,0.3695766162738231,57.401654317534096,2.9134814499752957,3991.552429971103,choked_restriction;kantrowitz_limit;nonlinear_acoustic_pulse;reduced_model_invalid;low_reynolds_or_rarefaction_check,0.0,4.475178511954421,0.05
B,1.5,1.8,0.6944444444444444,200,0.001,piston,254.07961604145126,101.325,152.75461604145124,2.5075708466957933,353.4291735288517,0.4255705413872328,313.3264943845849,1.0,True,annulus+dedicated_bypass,303.98533181221455,269.93968850123593,34.045643310978626,60797.066362442914,0.08444036994783738,0.0,0.0,0.3695766162738231,57.401654317534096,2.9134814499752957,3991.552429971103,choked_restriction;kantrowitz_limit;nonlinear_acoustic_pulse;reduced_model_invalid;low_reynolds_or_rarefaction_check,0.1,4.475178511954421,0.05
B,1.5,1.8,0.6944444444444444,200,0.001,piston,220.51667484013703,101.325,119.19167484013703,2.1763303709858084,353.4291735288517,0.4255705413872328,313.3264943845849,1.0,True,annulus+dedicated_bypass,244.6747189623249,210.62907565134628,34.045643310978626,48934.94379246498,0.06796519971175692,0.0,0.0,0.3695766162738231,57.401654317534096,2.9134814499752957,3991.552429971103,choked_restriction;kantrowitz_limit;nonlinear_acoustic_pulse;reduced_model_invalid;low_reynolds_or_rarefaction_check,0.25,4.475178511954421,0.05
B,1.5,1.8,0.6944444444444444,200,0.001,piston,181.1150931668234,101.325,79.79009316682341,1.7874669939977637,353.4291735288517,0.4255705413872328,300.1124006395074,0.9500144314185207,False,none,175.04637672968101,141.0007334187024,34.045643310978626,35009.2753459362,0.0486239935360225,3.9131809535247475e-16,1.2900566964743071e-16,0.3695766162738231,57.401654317534096,2.9134814499752957,3991.552429971103,kantrowitz_limit;nonlinear_acoustic_pulse;reduced_model_invalid;low_reynolds_or_rarefaction_check,0.5,4.475178511954421,0.05
B,1.5,1.8,0.6944444444444444,200,0.001,piston,143.34627957951355,101.325,42.021279579513546,1.4147177851420039,353.4291735288517,0.4255705413872328,235.7688651573157,0.7218101245067453,False,none,108.30337387304007,74.25773056206144,34.045643310978626,21660.674774608015,0.03008427052028891,7.826361907049495e-16,1.2247811707803425e-16,0.3695766162738231,57.401654317534096,2.9134814499752957,3991.552429971103,kantrowitz_limit;nonlinear_acoustic_pulse;low_reynolds_or_rarefaction_check,1.0,4.475178511954421,0.05
B,1.5,1.8,0.6944444444444444,200,0.001,piston,127.28756546844384,101.325,25.96256546844384,1.2562305992444494,353.4291735288517,0.4255705413872328,192.78725162131008,0.580287661247002,False,none,79.92528359198269,45.87964028100406,34.045643310978626,15985.056718396538,0.022201467664439638,5.217574604699663e-16,0.0,0.3695766162738231,57.401654317534096,2.9134814499752957,3991.552429971103,kantrowitz_limit;nonlinear_acoustic_pulse;low_reynolds_or_rarefaction_check,1.5,4.475178511954421,0.05
B,1.5,1.8,0.6944444444444444,200,0.001,piston,118.96639808341398,101.325,17.641398083413975,1.1741070622592054,353.4291735288517,0.4255705413872328,162.49007957097737,0.48439243458410447,False,none,65.22056703355098,31.17492372257235,34.045643310978626,13044.113406710196,0.018116824175986382,1.4348330162924075e-15,0.0,0.3695766162738231,57.401654317534096,2.9134814499752957,3991.552429971103,kantrowitz_limit;nonlinear_acoustic_pulse;low_reynolds_or_rarefaction_check,2.0,4.475178511954421,0.05
B,1.5,1.8,0.6944444444444444,200,0.001,piston,110.99984859381699,101.325,9.67484859381699,1.0954833317919268,353.4291735288517,0.4255705413872328,123.08439015482166,0.3633065294597156,False,none,51.14251202362618,17.09686871264756,34.045643310978626,10228.502404725237,0.014206253339896162,9.130755558224412e-16,0.0,0.3695766162738231,57.401654317534096,2.9134814499752957,3991.552429971103,kantrowitz_limit;nonlinear_acoustic_pulse;low_reynolds_or_rarefaction_check,3.0,4.475178511954421,0.05
B,1.5,1.8,0.6944444444444444,200,0.001,piston,107.42916133947634,101.325,6.1041613394763345,1.0602433884971758,353.4291735288517,0.4255705413872328,98.80954685642813,0.29029565292565856,False,none,44.832586797468075,10.786943486489447,34.045643310978626,8966.517359493615,0.01245349633263002,1.0435149209399327e-15,0.0,0.3695766162738231,57.401654317534096,2.9134814499752957,3991.552429971103,kantrowitz_limit;nonlinear_acoustic_pulse;low_reynolds_or_rarefaction_check,4.0,4.475178511954421,0.05
B,1.5,1.8,0.6944444444444444,200,0.003,piston,848.315357566953,303.975,544.340357566953,2.790740546317799,353.4291735288517,1.2767116241616985,313.3264943845849,1.0,True,annulus,1064.065743399375,961.9288134664391,102.13692993293589,212813.14867987498,0.2955738176109375,0.0,0.0,0.3695766162738231,172.2049629526023,2.9134814499752957,11974.657289913308,choked_restriction;kantrowitz_limit;nonlinear_acoustic_pulse;reduced_model_invalid,0.0,4.475178511954422,0.05
B,1.5,1.8,0.6944444444444444,200,0.003,piston,762.2388481243538,303.975,458.2638481243538,2.5075708466957933,353.4291735288517,1.2767116241616985,313.3264943845849,1.0,True,annulus+dedicated_bypass,911.9559954366439,809.819065503708,102.13692993293589,182391.19908732877,0.2533211098435122,0.0,0.0,0.3695766162738231,172.2049629526023,2.9134814499752957,11974.657289913308,choked_restriction;kantrowitz_limit;nonlinear_acoustic_pulse;reduced_model_invalid,0.1,4.475178511954422,0.05
B,1.5,1.8,0.6944444444444444,200,0.003,piston,661.5500245204112,303.975,357.57502452041115,2.1763303709858084,353.4291735288517,1.2767116241616985,313.3264943845849,1.0,True,annulus+dedicated_bypass,734.0241568869749,631.887226954039,102.13692993293589,146804.83137739496,0.2038955991352708,0.0,0.0,0.3695766162738231,172.2049629526023,2.9134814499752957,11974.657289913308,choked_restriction;kantrowitz_limit;nonlinear_acoustic_pulse;reduced_model_invalid,0.25,4.475178511954422,0.05
B,1.5,1.8,0.6944444444444444,200,0.003,piston,543.3452795004702,303.975,239.37027950047013,1.7874669939977634,353.4291735288517,1.2767116241616985,300.1124006395074,0.9500144314185207,False,none,525.1391301890428,423.00220025610696,102.13692993293589,105027.82603780857,0.14587198060806744,0.0,0.0,0.3695766162738231,172.2049629526023,2.9134814499752957,11974.657289913308,kantrowitz_limit;nonlinear_acoustic_pulse;reduced_model_invalid,0.5,4.475178511954422,0.05
B,1.5,1.8,0.6944444444444444,200,0.003,piston,430.0388387385407,303.975,126.06383873854065,1.4147177851420039,353.4291735288517,1.2767116241616985,235.7688651573157,0.7218101245067453,False,none,324.9101216191202,222.77319168618433,102.13692993293589,64982.024323824044,0.09025281156086673,1.0435149209399327e-15,0.0,0.3695766162738231,172.2049629526023,2.9134814499752957,11974.657289913308,kantrowitz_limit;nonlinear_acoustic_pulse,1.0,4.475178511954422,0.05
B,1.5,1.8,0.6944444444444444,200,0.003,piston,381.86269640533146,303.975,77.88769640533144,1.2562305992444491,353.4291735288517,1.2767116241616985,192.78725162131008,0.580287661247002,False,none,239.77585077594793,137.63892084301204,102.13692993293589,47955.17015518959,0.06660440299331886,3.4783830697997757e-16,1.321566161958329e-16,0.3695766162738231,172.2049629526023,2.9134814499752957,11974.657289913308,kantrowitz_limit;nonlinear_acoustic_pulse,1.5,4.475178511954422,0.05
B,1.5,1.8,0.6944444444444444,200,0.003,piston,356.89919425024186,303.975,52.92419425024184,1.174107062259205,353.4291735288517,1.2767116241616985,162.49007957097737,0.48439243458410447,False,none,195.6617011006528,93.5247711677169,102.13692993293589,39132.34022013056,0.05435047252795911,1.0435149209399327e-15,0.0,0.3695766162738231,172.2049629526023,2.9134814499752957,11974.657289913308,kantrowitz_limit;nonlinear_acoustic_pulse,2.0,4.475178511954422,0.05
B,1.5,1.8,0.6944444444444444,200,0.003,piston,332.999545781451,303.975,29.024545781450968,1.0954833317919268,353.4291735288517,1.2767116241616985,123.08439015482166,0.3633065294597156,False,none,153.42753607087855,51.290606137942675,102.13692993293589,30685.50721417571,0.042618760019688486,8.69595767449944e-16,0.0,0.3695766162738231,172.2049629526023,2.9134814499752957,11974.657289913308,kantrowitz_limit;nonlinear_acoustic_pulse,3.0,4.475178511954422,0.05
B,1.5,1.8,0.6944444444444444,200,0.003,piston,322.28748401842904,303.975,18.312484018429018,1.0602433884971758,353.4291735288517,1.2767116241616985,98.80954685642813,0.29029565292565856,False,none,134.49776039240425,32.36083045946837,102.13692993293589,26899.55207848085,0.037360488997890066,1.2174340744299214e-15,0.0,0.3695766162738231,172.2049629526023,2.9134814499752957,11974.657289913308,kantrowitz_limit;nonlinear_acoustic_pulse,4.0,4.475178511954422,0.05
B,1.5,1.8,0.6944444444444444,200,0.01,piston,2827.7178585565102,1013.25,1814.4678585565102,2.7907405463177994,353.4291735288517,4.255705413872328,313.3264943845849,1.0,True,annulus,3546.8858113312504,3206.429378221464,340.4564331097863,709377.1622662501,0.9852460587031251,0.0,0.0,0.36957661627382304,574.016543175341,2.9134814499752957,39915.524299711025,choked_restriction;kantrowitz_limit;nonlinear_acoustic_pulse;reduced_model_invalid,0.0,4.475178511954446,0.05
B,1.5,1.8,0.6944444444444444,200,0.01,piston,2540.7961604145125,1013.25,1527.5461604145125,2.5075708466957933,353.4291735288517,4.255705413872328,313.3264943845849,1.0,True,annulus+dedicated_bypass,3039.853318122146,2699.3968850123597,340.4564331097863,607970.6636244291,0.8444036994783739,0.0,0.0,0.36957661627382304,574.016543175341,2.9134814499752957,39915.524299711025,choked_restriction;kantrowitz_limit;nonlinear_acoustic_pulse;reduced_model_invalid,0.1,4.475178511954446,0.05
B,1.5,1.8,0.6944444444444444,200,0.01,piston,2205.1667484013706,1013.25,1191.9167484013706,2.1763303709858084,353.4291735288517,4.255705413872328,313.3264943845849,1.0,True,annulus+dedicated_bypass,2446.7471896232496,2106.2907565134633,340.4564331097863,489349.4379246499,0.6796519971175693,0.0,1.3817574979491047e-16,0.36957661627382304,574.016543175341,2.9134814499752957,39915.524299711025,choked_restriction;kantrowitz_limit;nonlinear_acoustic_pulse;reduced_model_invalid,0.25,4.475178511954446,0.05
B,1.5,1.8,0.6944444444444444,200,0.01,piston,1811.150931668234,1013.25,797.9009316682341,1.7874669939977637,353.4291735288517,4.255705413872328,300.1124006395074,0.9500144314185207,False,none,1750.4637672968101,1410.0073341870238,340.4564331097863,350092.753459362,0.48623993536022503,4.174059683759731e-16,0.0,0.36957661627382304,574.016543175341,2.9134814499752957,39915.524299711025,kantrowitz_limit;nonlinear_acoustic_pulse;reduced_model_invalid,0.5,4.475178511954446,0.05
B,1.5,1.8,0.6944444444444444,200,0.01,piston,1433.4627957951354,1013.25,420.21279579513543,1.4147177851420039,353.4291735288517,4.255705413872328,235.7688651573157,0.7218101245067453,False,none,1083.0337387304007,742.5773056206143,340.4564331097863,216606.74774608016,0.3008427052028891,8.348119367519462e-16,1.9596498732485483e-16,0.36957661627382304,574.016543175341,2.9134814499752957,39915.524299711025,kantrowitz_limit;nonlinear_acoustic_pulse,1.0,4.475178511954446,0.05
B,1.5,1.8,0.6944444444444444,200,0.01,piston,1272.8756546844381,1013.25,259.62565468443813,1.2562305992444491,353.4291735288517,4.255705413872328,192.78725162131008,0.580287661247002,False,none,799.2528359198263,458.7964028100401,340.4564331097863,159850.56718396526,0.2220146766443962,2.0870298418798654e-16,0.0,0.36957661627382304,574.016543175341,2.9134814499752957,39915.524299711025,kantrowitz_limit;nonlinear_acoustic_pulse,1.5,4.475178511954446,0.05
B,1.5,1.8,0.6944444444444444,200,0.01,piston,1189.6639808341395,1013.25,176.41398083413947,1.174107062259205,353.4291735288517,4.255705413872328,162.49007957097737,0.48439243458410447,False,none,652.2056703355092,311.749237225723,340.4564331097863,130441.13406710184,0.18116824175986368,1.0435149209399327e-15,0.0,0.36957661627382304,574.016543175341,2.9134814499752957,39915.524299711025,kantrowitz_limit;nonlinear_acoustic_pulse,2.0,4.475178511954446,0.05
B,1.5,1.8,0.6944444444444444,200,0.01,piston,1109.99848593817,1013.25,96.74848593817,1.095483331791927,353.4291735288517,4.255705413872328,123.08439015482166,0.3633065294597156,False,none,511.4251202362621,170.9686871264758,340.4564331097863,102285.02404725242,0.1420625333989617,1.0435149209399327e-15,2.12786263276414e-16,0.36957661627382304,574.016543175341,2.9134814499752957,39915.524299711025,kantrowitz_limit;nonlinear_acoustic_pulse,3.0,4.475178511954446,0.05
B,1.5,1.8,0.6944444444444444,200,0.01,piston,1074.2916133947633,1013.25,61.04161339476332,1.0602433884971758,353.4291735288517,4.255705413872328,98.80954685642813,0.29029565292565856,False,none,448.3258679746807,107.86943486489442,340.4564331097863,89665.17359493615,0.1245349633263002,1.0435149209399327e-15,0.0,0.36957661627382304,574.016543175341,2.9134814499752957,39915.524299711025,kantrowitz_limit;nonlinear_acoustic_pulse,4.0,4.475178511954446,0.05
B,1.5,1.8,0.6944444444444444,200,0.03,piston,8483.15357566953,3039.75,5443.40357566953,2.7907405463177994,353.4291735288517,12.767116241616986,313.3264943845849,1.0,True,annulus,10640.65743399375,9619.288134664392,1021.3692993293588,2128131.4867987502,2.9557381761093753,0.0,0.0,0.36957661627382304,1722.0496295260232,2.9134814499752957,119746.57289913307,choked_restriction;kantrowitz_limit;nonlinear_acoustic_pulse;reduced_model_invalid,0.0,4.4751785119544225,0.05
B,1.5,1.8,0.6944444444444444,200,0.03,piston,7622.388481243538,3039.75,4582.638481243538,2.5075708466957933,353.4291735288517,12.767116241616986,313.3264943845849,1.0,True,annulus+dedicated_bypass,9119.559954366438,8098.1906550370795,1021.3692993293588,1823911.9908732874,2.5332110984351215,0.0,0.0,0.36957661627382304,1722.0496295260232,2.9134814499752957,119746.57289913307,choked_restriction;kantrowitz_limit;nonlinear_acoustic_pulse;reduced_model_invalid,0.1,4.4751785119544225,0.05
B,1.5,1.8,0.6944444444444444,200,0.03,piston,6615.500245204112,3039.75,3575.7502452041117,2.1763303709858084,353.4291735288517,12.767116241616986,313.3264943845849,1.0,True,annulus+dedicated_bypass,7340.241568869749,6318.87226954039,1021.3692993293588,1468048.3137739499,2.038955991352708,0.0,0.0,0.36957661627382304,1722.0496295260232,2.9134814499752957,119746.57289913307,choked_restriction;kantrowitz_limit;nonlinear_acoustic_pulse;reduced_model_invalid,0.25,4.4751785119544225,0.05
B,1.5,1.8,0.6944444444444444,200,0.03,piston,5433.452795004702,3039.75,2393.7027950047022,1.7874669939977637,353.4291735288517,12.767116241616986,300.1124006395074,0.9500144314185207,False,none,5251.39130189043,4230.0220025610715,1021.3692993293588,1050278.260378086,1.4587198060806752,2.78270645583982e-16,0.0,0.36957661627382304,1722.0496295260232,2.9134814499752957,119746.57289913307,kantrowitz_limit;nonlinear_acoustic_pulse;reduced_model_invalid,0.5,4.4751785119544225,0.05
B,1.5,1.8,0.6944444444444444,200,0.03,piston,4300.3883873854065,3039.75,1260.6383873854065,1.4147177851420039,353.4291735288517,12.767116241616986,235.7688651573157,0.7218101245067453,False,none,3249.101216191202,2227.7319168618433,1021.3692993293588,649820.2432382405,0.9025281156086673,6.95676613959955e-16,0.0,0.36957661627382304,1722.0496295260232,2.9134814499752957,119746.57289913307,kantrowitz_limit;nonlinear_acoustic_pulse,1.0,4.4751785119544225,0.05
B,1.5,1.8,0.6944444444444444,200,0.03,piston,3818.626964053314,3039.75,778.8769640533142,1.2562305992444491,353.4291735288517,12.767116241616986,192.78725162131008,0.580287661247002,False,none,2397.7585077594786,1376.3892084301199,1021.3692993293588,479551.7015518957,0.6660440299331885,1.39135322791991e-16,0.0,0.36957661627382304,1722.0496295260232,2.9134814499752957,119746.57289913307,kantrowitz_limit;nonlinear_acoustic_pulse,1.5,4.4751785119544225,0.05
B,1.5,1.8,0.6944444444444444,200,0.03,piston,3568.991942502418,3039.75,529.2419425024182,1.174107062259205,353.4291735288517,12.767116241616986,162.49007957097737,0.48439243458410447,False,none,1956.6170110065273,935.2477116771686,1021.3692993293588,391323.40220130543,0.5435047252795909,9.739472595439371e-16,0.0,0.36957661627382304,1722.0496295260232,2.9134814499752957,119746.57289913307,kantrowitz_limit;nonlinear_acoustic_pulse,2.0,4.4751785119544225,0.05
B,1.5,1.8,0.6944444444444444,200,0.03,piston,3329.99545781451,3039.75,290.2454578145098,1.0954833317919268,353.4291735288517,12.767116241616986,123.08439015482166,0.3633065294597156,False,none,1534.2753607087857,512.906061379427,1021.3692993293588,306855.0721417571,0.4261876001968849,9.739472595439371e-16,0.0,0.36957661627382304,1722.0496295260232,2.9134814499752957,119746.57289913307,kantrowitz_limit;nonlinear_acoustic_pulse,3.0,4.4751785119544225,0.05
B,1.5,1.8,0.6944444444444444,200,0.03,piston,3222.87484018429,3039.75,183.12484018428995,1.0602433884971758,353.4291735288517,12.767116241616986,98.80954685642813,0.29029565292565856,False,none,1344.9776039240421,323.60830459468326,1021.3692993293588,268995.52078480844,0.37360488997890057,9.739472595439371e-16,0.0,0.36957661627382304,1722.0496295260232,2.9134814499752957,119746.57289913307,kantrowitz_limit;nonlinear_acoustic_pulse,4.0,4.4751785119544225,0.05
B,1.5,1.8,0.6944444444444444,200,0.1,piston,28277.178585565096,10132.5,18144.678585565096,2.7907405463177986,353.4291735288517,42.55705413872328,313.3264943845849,1.0,True,annulus,35468.85811331249,32064.29378221463,3404.5643310978626,7093771.622662498,9.852460587031247,0.0,0.0,0.3695766162738231,5740.16543175341,2.9134814499752957,399155.24299711024,choked_restriction;kantrowitz_limit;nonlinear_acoustic_pulse;reduced_model_invalid,0.0,4.4751785119544225,0.05
B,1.5,1.8,0.6944444444444444,200,0.1,piston,25407.961604145126,10132.5,15275.461604145126,2.5075708466957933,353.4291735288517,42.55705413872328,313.3264943845849,1.0,True,annulus+dedicated_bypass,30398.53318122146,26993.968850123598,3404.5643310978626,6079706.636244292,8.444036994783739,0.0,0.0,0.3695766162738231,5740.16543175341,2.9134814499752957,399155.24299711024,choked_restriction;kantrowitz_limit;nonlinear_acoustic_pulse;reduced_model_invalid,0.1,4.4751785119544225,0.05
B,1.5,1.8,0.6944444444444444,200,0.1,piston,22051.667484013706,10132.5,11919.167484013706,2.1763303709858084,353.4291735288517,42.55705413872328,313.3264943845849,1.0,True,annulus+dedicated_bypass,24467.4718962325,21062.907565134636,3404.5643310978626,4893494.379246499,6.7965199711756945,0.0,0.0,0.3695766162738231,5740.16543175341,2.9134814499752957,399155.24299711024,choked_restriction;kantrowitz_limit;nonlinear_acoustic_pulse;reduced_model_invalid,0.25,4.4751785119544225,0.05
B,1.5,1.8,0.6944444444444444,200,0.1,piston,18111.50931668234,10132.5,7979.009316682339,1.7874669939977634,353.4291735288517,42.55705413872328,300.1124006395074,0.9500144314185207,False,none,17504.637672968096,14100.073341870235,3404.5643310978626,3500927.5345936194,4.862399353602249,1.6696238735038925e-16,0.0,0.3695766162738231,5740.16543175341,2.9134814499752957,399155.24299711024,kantrowitz_limit;nonlinear_acoustic_pulse;reduced_model_invalid,0.5,4.4751785119544225,0.05
B,1.5,1.8,0.6944444444444444,200,0.1,piston,14334.627957951356,10132.5,4202.127957951356,1.414717785142004,353.4291735288517,42.55705413872328,235.7688651573157,0.7218101245067453,False,none,10830.337387304007,7425.773056206145,3404.5643310978626,2166067.4774608016,3.0084270520288907,1.0017743241023354e-15,0.0,0.3695766162738231,5740.16543175341,2.9134814499752957,399155.24299711024,kantrowitz_limit;nonlinear_acoustic_pulse,1.0,4.4751785119544225,0.05
B,1.5,1.8,0.6944444444444444,200,0.1,piston,12728.756546844385,10132.5,2596.2565468443845,1.2562305992444496,353.4291735288517,42.55705413872328,192.78725162131008,0.580287661247002,False,none,7992.52835919827,4587.964028100407,3404.5643310978626,1598505.671839654,2.220146766443964,6.67849549401557e-16,1.2687035154799942e-16,0.3695766162738231,5740.16543175341,2.9134814499752957,399155.24299711024,kantrowitz_limit;nonlinear_acoustic_pulse,1.5,4.4751785119544225,0.05
B,1.5,1.8,0.6944444444444444,200,0.1,piston,11896.639808341397,10132.5,1764.139808341397,1.1741070622592051,353.4291735288517,42.55705413872328,162.49007957097737,0.48439243458410447,False,none,6522.056703355096,3117.492372257234,3404.5643310978626,1304411.3406710192,1.8116824175986377,1.335699098803114e-15,0.0,0.3695766162738231,5740.16543175341,2.9134814499752957,399155.24299711024,kantrowitz_limit;nonlinear_acoustic_pulse,2.0,4.4751785119544225,0.05
B,1.5,1.8,0.6944444444444444,200,0.1,piston,11099.984859381699,10132.5,967.4848593816987,1.0954833317919268,353.4291735288517,42.55705413872328,123.08439015482166,0.3633065294597156,False,none,5114.251202362619,1709.6868712647556,3404.5643310978626,1022850.2404725237,1.4206253339896162,1.0017743241023354e-15,0.0,0.3695766162738231,5740.16543175341,2.9134814499752957,399155.24299711024,kantrowitz_limit;nonlinear_acoustic_pulse,3.0,4.4751785119544225,0.05
B,1.5,1.8,0.6944444444444444,200,0.1,piston,10742.916133947632,10132.5,610.4161339476323,1.0602433884971756,353.4291735288517,42.55705413872328,98.80954685642813,0.29029565292565856,False,none,4483.258679746805,1078.6943486489427,3404.5643310978626,896651.735949361,1.2453496332630014,1.0017743241023354e-15,1.3490304502469145e-16,0.3695766162738231,5740.16543175341,2.9134814499752957,399155.24299711024,kantrowitz_limit;nonlinear_acoustic_pulse,4.0,4.4751785119544225,0.05
B,1.5,1.8,0.6944444444444444,250,0.001,piston,353.4647323195638,101.325,252.1397323195638,3.4884256828972493,441.7864669110647,0.531963176734041,313.3264943845849,1.0,True,annulus,498.7640037108508,445.56768603744666,53.1963176734041,124691.0009277127,0.13854555658634743,0.0,1.3063707880417406e-16,0.32853592518602653,71.75206789691762,2.9134814499752957,4989.440537463878,choked_restriction;kantrowitz_limit;nonlinear_acoustic_pulse;reduced_model_invalid;low_reynolds_or_rarefaction_check,0.0,5.815357247250682,0.05
B,1.5,1.8,0.6944444444444444,250,0.001,piston,317.59952005181407,101.325,216.27452005181408,3.1344635583697413,441.7864669110647,0.531963176734041,313.3264943845849,1.0,True,annulus+dedicated_bypass,435.3849420597127,382.1886243863086,53.1963176734041,108846.23551492818,0.12094026168325353,0.0,0.0,0.32853592518602653,71.75206789691762,2.9134814499752957,4989.440537463878,choked_restriction;kantrowitz_limit;nonlinear_acoustic_pulse;reduced_model_invalid;low_reynolds_or_rarefaction_check,0.1,5.815357247250682,0.05
B,1.5,1.8,0.6944444444444444,250,0.001,piston,275.6458435501713,101.325,174.32084355017133,2.7204129637322607,441.7864669110647,0.531963176734041,313.3264943845849,1.0,True,annulus+dedicated_bypass,361.2466759973507,308.05035832394657,53.1963176734041,90311.66899933766,0.10034629888815297,0.0,0.0,0.32853592518602653,71.75206789691762,2.9134814499752957,4989.440537463878,choked_restriction;kantrowitz_limit;nonlinear_acoustic_pulse;reduced_model_invalid;low_reynolds_or_rarefaction_check,0.25,5.815357247250682,0.05
B,1.5,1.8,0.6944444444444444,250,0.001,piston,225.9095396654667,101.325,124.58453966546669,2.2295538086895306,441.7864669110647,0.531963176734041,313.3264943845849,1.0,True,annulus+dedicated_bypass,273.3553721155958,220.1590544421917,53.1963176734041,68338.84302889895,0.07593204780988771,0.0,0.0,0.32853592518602653,71.75206789691762,2.9134814499752957,4989.440537463878,choked_restriction;kantrowitz_limit;nonlinear_acoustic_pulse;reduced_model_invalid;low_reynolds_or_rarefaction_check,0.5,5.815357247250682,0.05
B,1.5,1.8,0.6944444444444444,250,0.001,piston,168.0787488417719,101.325,66.7537488417719,1.6588082787246177,441.7864669110647,0.531963176734041,281.6087024731659,0.8819780668309839,False,none,171.15992908890402,117.96361141549993,53.1963176734041,42789.98227222601,0.047544424746917786,0.0,0.0,0.32853592518602653,71.75206789691762,2.9134814499752957,4989.440537463878,kantrowitz_limit;nonlinear_acoustic_pulse;reduced_model_invalid;low_reynolds_or_rarefaction_check,1.0,5.815357247250682,0.05
B,1.5,1.8,0.6944444444444444,250,0.001,piston,142.31528471979513,101.325,40.99028471979513,1.4045426569927968,441.7864669110647,0.531963176734041,233.42158867157852,0.7138873673448558,False,none,125.63212992955167,72.43581225614756,53.1963176734041,31408.032482387916,0.03489781386931991,8.348119367519462e-16,0.0,0.32853592518602653,71.75206789691762,2.9134814499752957,4989.440537463878,kantrowitz_limit;nonlinear_acoustic_pulse;low_reynolds_or_rarefaction_check,1.5,5.815357247250682,0.05
B,1.5,1.8,0.6944444444444444,250,0.001,piston,129.0857567923914,101.325,27.760756792391405,1.2739773678005566,441.7864669110647,0.531963176734041,198.4299150728109,0.598470166173093,False,none,102.25362432175586,49.057306648351755,53.1963176734041,25563.406080438966,0.028403784533821072,2.0870298418798654e-16,0.0,0.32853592518602653,71.75206789691762,2.9134814499752957,4989.440537463878,kantrowitz_limit;nonlinear_acoustic_pulse;low_reynolds_or_rarefaction_check,2.0,5.815357247250682,0.05
B,1.5,1.8,0.6944444444444444,250,0.001,piston,116.50074767015006,101.325,15.17574767015006,1.1497729846548241,441.7864669110647,0.531963176734041,151.74387972581,0.4510059926153133,False,none,80.01407745712177,26.817759783717662,53.1963176734041,20003.519364280444,0.02222613262697827,1.4609208893159059e-15,1.356555818394832e-16,0.32853592518602653,71.75206789691762,2.9134814499752957,4989.440537463878,kantrowitz_limit;nonlinear_acoustic_pulse;low_reynolds_or_rarefaction_check,3.0,5.815357247250682,0.05
B,1.5,1.8,0.6944444444444444,250,0.001,piston,110.88607574475263,101.325,9.561075744752628,1.094360481073305,441.7864669110647,0.531963176734041,122.39930999587017,0.3612314629396255,False,none,70.09213316597746,16.89581549257336,53.1963176734041,17523.033291494365,0.019470036990549295,0.0,2.153183318491377e-16,0.32853592518602653,71.75206789691762,2.9134814499752957,4989.440537463878,kantrowitz_limit;nonlinear_acoustic_pulse;low_reynolds_or_rarefaction_check,4.0,5.815357247250682,0.05
B,1.5,1.8,0.6944444444444444,250,0.003,piston,1060.3941969586913,303.975,756.4191969586913,3.488425682897249,441.7864669110647,1.5958895302021232,313.3264943845849,1.0,True,annulus,1496.2920111325523,1336.70305811234,159.58895302021233,374073.0027831381,0.4156366697590423,0.0,1.7418277173889879e-16,0.3285359251860265,215.2562036907529,2.9134814499752957,14968.321612391634,choked_restriction;kantrowitz_limit;nonlinear_acoustic_pulse;reduced_model_invalid,0.0,5.815357247250683,0.05
B,1.5,1.8,0.6944444444444444,250,0.003,piston,952.7985601554423,303.975,648.8235601554422,3.1344635583697418,441.7864669110647,1.5958895302021232,313.3264943845849,1.0,True,annulus+dedicated_bypass,1306.1548261791381,1146.5658731589258,159.58895302021233,326538.70654478454,0.36282078504976056,0.0,0.0,0.3285359251860265,215.2562036907529,2.9134814499752957,14968.321612391634,choked_restriction;kantrowitz_limit;nonlinear_acoustic_pulse;reduced_model_invalid,0.1,5.815357247250683,0.05
B,1.5,1.8,0.6944444444444444,250,0.003,piston,826.937530650514,303.975,522.9625306505139,2.7204129637322607,441.7864669110647,1.5958895302021232,313.3264943845849,1.0,True,annulus+dedicated_bypass,1083.740027992052,924.1510749718396,159.58895302021233,270935.006998013,0.30103889666445893,0.0,0.0,0.3285359251860265,215.2562036907529,2.9134814499752957,14968.321612391634,choked_restriction;kantrowitz_limit;nonlinear_acoustic_pulse;reduced_model_invalid,0.25,5.815357247250683,0.05
B,1.5,1.8,0.6944444444444444,250,0.003,piston,677.7286189964001,303.975,373.75361899640006,2.2295538086895306,441.7864669110647,1.5958895302021232,313.3264943845849,1.0,True,annulus+dedicated_bypass,820.0661163467873,660.477163326575,159.58895302021233,205016.52908669683,0.22779614342966314,0.0,1.7625942014496706e-16,0.3285359251860265,215.2562036907529,2.9134814499752957,14968.321612391634,choked_restriction;kantrowitz_limit;nonlinear_acoustic_pulse;reduced_model_invalid,0.5,5.815357247250683,0.05
B,1.5,1.8,0.6944444444444444,250,0.003,piston,504.23624652531566,303.975,200.26124652531564,1.6588082787246177,441.7864669110647,1.5958895302021232,281.60870247316575,0.8819780668309832,False,none,513.479787266712,353.8908342464997,159.58895302021233,128369.94681667801,0.14263327424075334,0.0,0.0,0.3285359251860265,215.2562036907529,2.9134814499752957,14968.321612391634,kantrowitz_limit;nonlinear_acoustic_pulse;reduced_model_invalid,1.0,5.815357247250683,0.05
B,1.5,1.8,0.6944444444444444,250,0.003,piston,426.9458541593854,303.975,122.9708541593854,1.4045426569927968,441.7864669110647,1.5958895302021232,233.42158867157852,0.7138873673448558,False,none,376.89638978865503,217.3074367684427,159.58895302021233,94224.09744716376,0.10469344160795974,8.348119367519461e-16,0.0,0.3285359251860265,215.2562036907529,2.9134814499752957,14968.321612391634,kantrowitz_limit;nonlinear_acoustic_pulse,1.5,5.815357247250683,0.05
B,1.5,1.8,0.6944444444444444,250,0.003,piston,387.25727037717434,303.975,83.28227037717431,1.273977367800557,441.7864669110647,1.5958895302021232,198.4299150728109,0.598470166173093,False,none,306.76087296526777,147.17191994505544,159.58895302021233,76690.21824131694,0.08521135360146327,4.1740596837597304e-16,0.0,0.3285359251860265,215.2562036907529,2.9134814499752957,14968.321612391634,kantrowitz_limit;nonlinear_acoustic_pulse,2.0,5.815357247250683,0.05
B,1.5,1.8,0.6944444444444444,250,0.003,piston,349.50224301045023,303.975,45.527243010450206,1.1497729846548244,441.7864669110647,1.5958895302021232,151.74387972581,0.4510059926153133,False,none,240.04223237136537,80.45327935115304,159.58895302021233,60010.55809284134,0.06667839788093483,1.39135322791991e-15,0.0,0.3285359251860265,215.2562036907529,2.9134814499752957,14968.321612391634,kantrowitz_limit;nonlinear_acoustic_pulse,3.0,5.815357247250683,0.05
B,1.5,1.8,0.6944444444444444,250,0.003,piston,332.65822723425794,303.975,28.683227234257913,1.094360481073305,441.7864669110647,1.5958895302021232,122.39930999587017,0.3612314629396255,False,none,210.27639949793246,50.68744647772013,159.58895302021233,52569.099874483116,0.0584101109716479,0.0,0.0,0.3285359251860265,215.2562036907529,2.9134814499752957,14968.321612391634,kantrowitz_limit;nonlinear_acoustic_pulse,4.0,5.815357247250683,0.05
B,1.5,1.8,0.6944444444444444,250,0.01,piston,3534.647323195637,1013.25,2521.397323195637,3.4884256828972484,441.7864669110647,5.31963176734041,313.3264943845849,1.0,True,annulus,4987.640037108506,4455.676860374465,531.963176734041,1246910.0092771263,1.3854555658634737,0.0,2.0901932608667854e-16,0.3285359251860265,717.5206789691763,2.9134814499752957,49894.40537463878,choked_restriction;kantrowitz_limit;nonlinear_acoustic_pulse;reduced_model_invalid,0.0,5.815357247250713,0.05
B,1.5,1.8,0.6944444444444444,250,0.01,piston,3175.995200518141,1013.25,2162.745200518141,3.1344635583697418,441.7864669110647,5.31963176734041,313.3264943845849,1.0,True,annulus+dedicated_bypass,4353.8494205971265,3821.886243863086,531.963176734041,1088462.3551492817,1.2094026168325351,0.0,1.2184069791597412e-16,0.3285359251860265,717.5206789691763,2.9134814499752957,49894.40537463878,choked_restriction;kantrowitz_limit;nonlinear_acoustic_pulse;reduced_model_invalid,0.1,5.815357247250713,0.05
B,1.5,1.8,0.6944444444444444,250,0.01,piston,2756.458435501713,1013.25,1743.2084355017132,2.7204129637322607,441.7864669110647,5.31963176734041,313.3264943845849,1.0,True,annulus+dedicated_bypass,3612.4667599735067,3080.5035832394656,531.963176734041,903116.6899933766,1.0034629888815296,0.0,1.511640141700626e-16,0.3285359251860265,717.5206789691763,2.9134814499752957,49894.40537463878,choked_restriction;kantrowitz_limit;nonlinear_acoustic_pulse;reduced_model_invalid,0.25,5.815357247250713,0.05
B,1.5,1.8,0.6944444444444444,250,0.01,piston,2259.0953966546667,1013.25,1245.8453966546667,2.2295538086895306,441.7864669110647,5.31963176734041,313.3264943845849,1.0,True,annulus+dedicated_bypass,2733.5537211559576,2201.5905444219165,531.963176734041,683388.4302889894,0.7593204780988771,0.0,2.1151130417396047e-16,0.3285359251860265,717.5206789691763,2.9134814499752957,49894.40537463878,choked_restriction;kantrowitz_limit;nonlinear_acoustic_pulse;reduced_model_invalid,0.5,5.815357247250713,0.05
B,1.5,1.8,0.6944444444444444,250,0.01,piston,1680.7874884177188,1013.25,667.5374884177188,1.6588082787246177,441.7864669110647,5.31963176734041,281.60870247316575,0.8819780668309832,False,none,1711.5992908890398,1179.636114154999,531.963176734041,427899.82272225997,0.47544424746917774,0.0,0.0,0.3285359251860265,717.5206789691763,2.9134814499752957,49894.40537463878,kantrowitz_limit;nonlinear_acoustic_pulse;reduced_model_invalid,1.0,5.815357247250713,0.05
B,1.5,1.8,0.6944444444444444,250,0.01,piston,1423.1528471979507,1013.25,409.9028471979507,1.4045426569927961,441.7864669110647,5.31963176734041,233.42158867157852,0.7138873673448558,False,none,1256.3212992955155,724.3581225614745,531.963176734041,314080.3248238789,0.34897813869319877,5.008871620511677e-16,1.6071514655660525e-16,0.3285359251860265,717.5206789691763,2.9134814499752957,49894.40537463878,kantrowitz_limit;nonlinear_acoustic_pulse,1.5,5.815357247250713,0.05
B,1.5,1.8,0.6944444444444444,250,0.01,piston,1290.857567923914,1013.25,277.6075679239141,1.2739773678005566,441.7864669110647,5.31963176734041,198.4299150728109,0.598470166173093,False,none,1022.5362432175586,490.5730664835176,531.963176734041,255634.06080438965,0.28403784533821075,1.6696238735038925e-16,1.1865237798460157e-16,0.3285359251860265,717.5206789691763,2.9134814499752957,49894.40537463878,kantrowitz_limit;nonlinear_acoustic_pulse,2.0,5.815357247250713,0.05
B,1.5,1.8,0.6944444444444444,250,0.01,piston,1165.0074767015005,1013.25,151.75747670150054,1.1497729846548241,441.7864669110647,5.31963176734041,151.74387972581,0.4510059926153133,False,none,800.1407745712174,268.1775978371765,531.963176734041,200035.19364280437,0.22226132626978262,1.335699098803114e-15,0.0,0.3285359251860265,717.5206789691763,2.9134814499752957,49894.40537463878,kantrowitz_limit;nonlinear_acoustic_pulse,3.0,5.815357247250713,0.05
B,1.5,1.8,0.6944444444444444,250,0.01,piston,1108.8607574475263,1013.25,95.61075744752634,1.094360481073305,441.7864669110647,5.31963176734041,122.39930999587017,0.3612314629396255,False,none,700.9213316597748,168.9581549257337,531.963176734041,175230.3329149437,0.194700369905493,0.0,0.0,0.3285359251860265,717.5206789691763,2.9134814499752957,49894.40537463878,kantrowitz_limit;nonlinear_acoustic_pulse,4.0,5.815357247250713,0.05
B,1.5,1.8,0.6944444444444444,250,0.03,piston,10603.941969586915,3039.75,7564.191969586915,3.4884256828972497,441.7864669110647,15.958895302021233,313.3264943845849,1.0,True,annulus,14962.920111325524,13367.030581123401,1595.8895302021233,3740730.027831381,4.156366697590423,0.0,1.3934621739111898e-16,0.3285359251860264,2152.562036907529,2.9134814499752957,149683.21612391635,choked_restriction;kantrowitz_limit;nonlinear_acoustic_pulse;reduced_model_invalid,0.0,5.815357247250683,0.05
B,1.5,1.8,0.6944444444444444,250,0.03,piston,9527.985601554423,3039.75,6488.235601554423,3.1344635583697418,441.7864669110647,15.958895302021233,313.3264943845849,1.0,True,annulus+dedicated_bypass,13061.548261791382,11465.65873158926,1595.8895302021233,3265387.0654478455,3.6282078504976063,0.0,0.0,0.3285359251860264,2152.562036907529,2.9134814499752957,149683.21612391635,choked_restriction;kantrowitz_limit;nonlinear_acoustic_pulse;reduced_model_invalid,0.1,5.815357247250683,0.05
B,1.5,1.8,0.6944444444444444,250,0.03,piston,8269.37530650514,3039.75,5229.6253065051405,2.720412963732261,441.7864669110647,15.958895302021233,313.3264943845849,1.0,True,annulus+dedicated_bypass,10837.400279920521,9241.510749718398,1595.8895302021233,2709350.06998013,3.010388966644589,1.1130825823359281e-16,2.0155201889341676e-16,0.3285359251860264,2152.562036907529,2.9134814499752957,149683.21612391635,choked_restriction;kantrowitz_limit;nonlinear_acoustic_pulse;reduced_model_invalid,0.25,5.815357247250683,0.05
B,1.5,1.8,0.6944444444444444,250,0.03,piston,6777.286189964001,3039.75,3737.536189964001,2.2295538086895306,441.7864669110647,15.958895302021233,313.3264943845849,1.0,True,annulus+dedicated_bypass,8200.661163467874,6604.771633265751,1595.8895302021233,2050165.2908669685,2.2779614342966314,0.0,0.0,0.3285359251860264,2152.562036907529,2.9134814499752957,149683.21612391635,choked_restriction;kantrowitz_limit;nonlinear_acoustic_pulse;reduced_model_invalid,0.5,5.815357247250683,0.05
B,1.5,1.8,0.6944444444444444,250,0.03,piston,5042.362465253157,3039.75,2002.612465253157,1.658808278724618,441.7864669110647,15.958895302021233,281.6087024731659,0.8819780668309839,False,none,5134.797872667121,3538.908342464998,1595.8895302021233,1283699.4681667802,1.4263327424075336,0.0,1.3158331390504073e-16,0.3285359251860264,2152.562036907529,2.9134814499752957,149683.21612391635,kantrowitz_limit;nonlinear_acoustic_pulse;reduced_model_invalid,1.0,5.815357247250683,0.05
B,1.5,1.8,0.6944444444444444,250,0.03,piston,4269.458541593852,3039.75,1229.7085415938518,1.4045426569927961,441.7864669110647,15.958895302021233,233.42158867157852,0.7138873673448558,False,none,3768.9638978865464,2173.074367684423,1595.8895302021233,942240.9744716366,1.0469344160795961,1.1130825823359281e-16,2.142868620754737e-16,0.3285359251860264,2152.562036907529,2.9134814499752957,149683.21612391635,kantrowitz_limit;nonlinear_acoustic_pulse,1.5,5.815357247250683,0.05
B,1.5,1.8,0.6944444444444444,250,0.03,piston,3872.572703771743,3039.75,832.8227037717429,1.2739773678005568,441.7864669110647,15.958895302021233,198.4299150728109,0.598470166173093,False,none,3067.6087296526775,1471.719199450554,1595.8895302021233,766902.1824131694,0.8521135360146327,2.2261651646718563e-16,0.0,0.3285359251860264,2152.562036907529,2.9134814499752957,149683.21612391635,kantrowitz_limit;nonlinear_acoustic_pulse,2.0,5.815357247250683,0.05
B,1.5,1.8,0.6944444444444444,250,0.03,piston,3495.022430104502,3039.75,455.27243010450184,1.1497729846548241,441.7864669110647,15.958895302021233,151.74387972581,0.4510059926153133,False,none,2400.4223237136534,804.53279351153,1595.8895302021233,600105.5809284133,0.6667839788093481,1.2243908405695209e-15,0.0,0.3285359251860264,2152.562036907529,2.9134814499752957,149683.21612391635,kantrowitz_limit;nonlinear_acoustic_pulse,3.0,5.815357247250683,0.05
B,1.5,1.8,0.6944444444444444,250,0.03,piston,3326.5822723425795,3039.75,286.8322723425795,1.0943604810733052,441.7864669110647,15.958895302021233,122.39930999587017,0.3612314629396255,False,none,2102.763994979325,506.87446477720187,1595.8895302021233,525690.9987448313,0.5841011097164792,2.337473422905449e-15,1.1483644365287319e-16,0.3285359251860264,2152.562036907529,2.9134814499752957,149683.21612391635,kantrowitz_limit;nonlinear_acoustic_pulse,4.0,5.815357247250683,0.05
B,1.5,1.8,0.6944444444444444,250,0.1,piston,35346.47323195637,10132.5,25213.97323195637,3.4884256828972484,441.7864669110647,53.1963176734041,313.3264943845849,1.0,True,annulus,49876.40037108507,44556.768603744655,5319.631767340411,12469100.092771268,13.854555658634741,0.0,0.0,0.32853592518602653,7175.206789691762,2.9134814499752957,498944.0537463877,choked_restriction;kantrowitz_limit;nonlinear_acoustic_pulse;reduced_model_invalid,0.0,5.815357247250683,0.05
B,1.5,1.8,0.6944444444444444,250,0.1,piston,31759.952005181414,10132.5,21627.452005181414,3.134463558369742,441.7864669110647,53.1963176734041,313.3264943845849,1.0,True,annulus+dedicated_bypass,43538.494205971285,38218.86243863087,5319.631767340411,10884623.551492821,12.094026168325357,2.671398197606228e-16,0.0,0.32853592518602653,7175.206789691762,2.9134814499752957,498944.0537463877,choked_restriction;kantrowitz_limit;nonlinear_acoustic_pulse;reduced_model_invalid,0.1,5.815357247250683,0.05
B,1.5,1.8,0.6944444444444444,250,0.1,piston,27564.584355017134,10132.5,17432.084355017134,2.7204129637322607,441.7864669110647,53.1963176734041,313.3264943845849,1.0,True,annulus+dedicated_bypass,36124.66759973507,30805.03583239466,5319.631767340411,9031166.899933767,10.034629888815298,1.335699098803114e-16,0.0,0.32853592518602653,7175.206789691762,2.9134814499752957,498944.0537463877,choked_restriction;kantrowitz_limit;nonlinear_acoustic_pulse;reduced_model_invalid,0.25,5.815357247250683,0.05
B,1.5,1.8,0.6944444444444444,250,0.1,piston,22590.953966546665,10132.5,12458.453966546665,2.22955380868953,441.7864669110647,53.1963176734041,313.3264943845849,1.0,True,annulus+dedicated_bypass,27335.537211559575,22015.905444219163,5319.631767340411,6833884.302889894,7.593204780988771,0.0,0.0,0.32853592518602653,7175.206789691762,2.9134814499752957,498944.0537463877,choked_restriction;kantrowitz_limit;nonlinear_acoustic_pulse;reduced_model_invalid,0.5,5.815357247250683,0.05
B,1.5,1.8,0.6944444444444444,250,0.1,piston,16807.874884177192,10132.5,6675.374884177192,1.6588082787246181,441.7864669110647,53.1963176734041,281.6087024731659,0.8819780668309839,False,none,17115.992908890406,11796.361141549996,5319.631767340411,4278998.227222602,4.754442474691779,2.671398197606228e-16,0.0,0.32853592518602653,7175.206789691762,2.9134814499752957,498944.0537463877,kantrowitz_limit;nonlinear_acoustic_pulse;reduced_model_invalid,1.0,5.815357247250683,0.05
B,1.5,1.8,0.6944444444444444,250,0.1,piston,14231.528471979505,10132.5,4099.028471979505,1.404542656992796,441.7864669110647,53.1963176734041,233.42158867157852,0.7138873673448558,False,none,12563.212992955154,7243.581225614743,5319.631767340411,3140803.2482387885,3.489781386931987,2.671398197606228e-16,1.2857211724528423e-16,0.32853592518602653,7175.206789691762,2.9134814499752957,498944.0537463877,kantrowitz_limit;nonlinear_acoustic_pulse,1.5,5.815357247250683,0.05
B,1.5,1.8,0.6944444444444444,250,0.1,piston,12908.575679239144,10132.5,2776.075679239144,1.273977367800557,441.7864669110647,53.1963176734041,198.4299150728109,0.598470166173093,False,none,10225.362432175592,4905.730664835181,5319.631767340411,2556340.608043898,2.840378453382109,4.0070972964093414e-16,1.898438047753623e-16,0.32853592518602653,7175.206789691762,2.9134814499752957,498944.0537463877,kantrowitz_limit;nonlinear_acoustic_pulse,2.0,5.815357247250683,0.05
B,1.5,1.8,0.6944444444444444,250,0.1,piston,11650.074767015005,10132.5,1517.574767015005,1.1497729846548241,441.7864669110647,53.1963176734041,151.74387972581,0.4510059926153133,False,none,8001.407745712175,2681.7759783717643,5319.631767340411,2000351.9364280438,2.2226132626978266,1.3356990988031138e-15,1.736391447545386e-16,0.32853592518602653,7175.206789691762,2.9134814499752957,498944.0537463877,kantrowitz_limit;nonlinear_acoustic_pulse,3.0,5.815357247250683,0.05
B,1.5,1.8,0.6944444444444444,250,0.1,piston,11088.607574475263,10132.5,956.1075744752634,1.094360481073305,441.7864669110647,53.1963176734041,122.39930999587017,0.3612314629396255,False,none,7009.213316597748,1689.581549257337,5319.631767340411,1752303.3291494371,1.9470036990549302,0.0,1.3780373238344805e-16,0.32853592518602653,7175.206789691762,2.9134814499752957,498944.0537463877,kantrowitz_limit;nonlinear_acoustic_pulse,4.0,5.815357247250683,0.05
B,1.5,1.8,0.6944444444444444,300,0.001,piston,424.1576787834765,101.325,322.8326787834765,4.186110819476699,530.1437602932776,0.6383558120808492,313.3264943845849,1.0,True,annulus,647.0951317024487,570.4924342527469,76.6026974497019,194128.5395107346,0.17974864769512464,0.0,1.7005092857398438e-16,0.30993053521511005,86.10248147630115,2.9134814499752957,5987.328644956654,choked_restriction;kantrowitz_limit;nonlinear_acoustic_pulse;reduced_model_invalid;low_reynolds_or_rarefaction_check,0.0,7.155535982546944,0.05
B,1.5,1.8,0.6944444444444444,300,0.001,piston,381.1194240621769,101.325,279.7944240621769,3.76135627004369,530.1437602932776,0.6383558120808492,313.3264943845849,1.0,True,annulus+dedicated_bypass,571.0402577210832,494.43756027138124,76.6026974497019,171312.07731632495,0.158622293811412,0.0,1.9620833040245784e-16,0.30993053521511005,86.10248147630115,2.9134814499752957,5987.328644956654,choked_restriction;kantrowitz_limit;nonlinear_acoustic_pulse;reduced_model_invalid;low_reynolds_or_rarefaction_check,0.1,7.155535982546944,0.05
B,1.5,1.8,0.6944444444444444,300,0.001,piston,330.7750122602056,101.325,229.4500122602056,3.264495556478713,530.1437602932776,0.6383558120808492,313.3264943845849,1.0,True,annulus+dedicated_bypass,482.0743384462487,405.4716409965468,76.6026974497019,144622.30153387462,0.1339095384572913,0.0,1.1962953555849118e-16,0.30993053521511005,86.10248147630115,2.9134814499752957,5987.328644956654,choked_restriction;kantrowitz_limit;nonlinear_acoustic_pulse;reduced_model_invalid;low_reynolds_or_rarefaction_check,0.25,7.155535982546944,0.05
B,1.5,1.8,0.6944444444444444,300,0.001,piston,271.09144759856,101.325,169.76644759856003,2.6754645704274367,530.1437602932776,0.6383558120808492,313.3264943845849,1.0,True,annulus+dedicated_bypass,376.60477378814284,300.00207633844093,76.6026974497019,112981.43213644285,0.10461243716337301,0.0,1.6168682792659983e-16,0.30993053521511005,86.10248147630115,2.9134814499752957,5987.328644956654,choked_restriction;kantrowitz_limit;nonlinear_acoustic_pulse;reduced_model_invalid;low_reynolds_or_rarefaction_check,0.5,7.155535982546944,0.05
B,1.5,1.8,0.6944444444444444,300,0.001,piston,199.20435928884845,101.325,97.87935928884845,1.9659941701342063,530.1437602932776,0.6383558120808492,313.3264943845849,1.0,True,annulus+dedicated_bypass,249.56980274465812,172.9671052949562,76.6026974497019,74870.94082339744,0.06932494520684948,0.0,0.0,0.30993053521511005,86.10248147630115,2.9134814499752957,5987.328644956654,choked_restriction;kantrowitz_limit;nonlinear_acoustic_pulse;reduced_model_invalid;low_reynolds_or_rarefaction_check,1.0,7.155535982546944,0.05
B,1.5,1.8,0.6944444444444444,300,0.001,piston,161.10289944058636,101.325,59.77789944058635,1.589961997933248,530.1437602932776,0.6383558120808492,270.3560141148757,0.8416234490713175,False,none,182.23896542258814,105.63626797288622,76.6026974497019,54671.68962677644,0.050621934839607814,3.4783830697997757e-16,1.1479576339019843e-16,0.30993053521511005,86.10248147630115,2.9134814499752957,5987.328644956654,kantrowitz_limit;nonlinear_acoustic_pulse;reduced_model_invalid;low_reynolds_or_rarefaction_check,1.5,7.155535982546944,0.05
B,1.5,1.8,0.6944444444444444,300,0.001,piston,141.64906858262214,101.325,40.32406858262213,1.3979676149284197,530.1437602932776,0.6383558120808492,231.8803745223857,0.7086985627116617,False,none,147.86120861208627,71.25851116238438,76.6026974497019,44358.36258362588,0.04107255794780174,0.0,0.0,0.30993053521511005,86.10248147630115,2.9134814499752957,5987.328644956654,kantrowitz_limit;nonlinear_acoustic_pulse;low_reynolds_or_rarefaction_check,2.0,7.155535982546944,0.05
B,1.5,1.8,0.6944444444444444,300,0.001,piston,123.2825199834993,101.325,21.957519983499296,1.2167038735109725,530.1437602932776,0.6383558120808492,179.17261511563817,0.5368502502395553,False,none,115.40483815225892,38.80214070255701,76.6026974497019,34621.451445677674,0.03205689948673859,0.0,0.0,0.30993053521511005,86.10248147630115,2.9134814499752957,5987.328644956654,kantrowitz_limit;nonlinear_acoustic_pulse;low_reynolds_or_rarefaction_check,3.0,7.155535982546944,0.05
B,1.5,1.8,0.6944444444444444,300,0.001,piston,115.13429950715266,101.325,13.809299507152659,1.1362871898065894,530.1437602932776,0.6383558120808492,145.30988394508722,0.43115585306932164,False,none,101.00574400882863,24.403046559126718,76.6026974497019,30301.723202648587,0.028057151113563508,1.2174340744299214e-15,1.2423239854762832e-16,0.30993053521511005,86.10248147630115,2.9134814499752957,5987.328644956654,kantrowitz_limit;nonlinear_acoustic_pulse;low_reynolds_or_rarefaction_check,4.0,7.155535982546944,0.05
B,1.5,1.8,0.6944444444444444,300,0.003,piston,1272.47303635043,303.975,968.49803635043,4.1861108194767,530.1437602932776,1.915067436242548,313.3264943845849,1.0,True,annulus,1941.2853951073469,1711.4773027582412,229.80809234910572,582385.6185322041,0.5392459430853741,2.3189220465331837e-16,1.1336728571598954e-16,0.30993053521511005,258.30744442890347,2.9134814499752957,17961.98593486996,choked_restriction;kantrowitz_limit;nonlinear_acoustic_pulse;reduced_model_invalid,0.0,7.155535982546944,0.05
B,1.5,1.8,0.6944444444444444,300,0.003,piston,1143.358272186531,303.975,839.3832721865309,3.7613562700436907,530.1437602932776,1.915067436242548,313.3264943845849,1.0,True,annulus+dedicated_bypass,1713.1207731632499,1483.3126808141442,229.80809234910572,513936.23194897495,0.47586688143423606,2.3189220465331837e-16,0.0,0.30993053521511005,258.30744442890347,2.9134814499752957,17961.98593486996,choked_restriction;kantrowitz_limit;nonlinear_acoustic_pulse;reduced_model_invalid,0.1,7.155535982546944,0.05
B,1.5,1.8,0.6944444444444444,300,0.003,piston,992.3250367806169,303.975,688.3500367806168,3.264495556478713,530.1437602932776,1.915067436242548,313.3264943845849,1.0,True,annulus+dedicated_bypass,1446.223015338746,1216.4149229896404,229.80809234910572,433866.9046016238,0.40172861537187393,1.1594610232665918e-16,1.5950604741132156e-16,0.30993053521511005,258.30744442890347,2.9134814499752957,17961.98593486996,choked_restriction;kantrowitz_limit;nonlinear_acoustic_pulse;reduced_model_invalid,0.25,7.155535982546944,0.05
B,1.5,1.8,0.6944444444444444,300,0.003,piston,813.2743427956801,303.975,509.2993427956801,2.6754645704274367,530.1437602932776,1.915067436242548,313.3264943845849,1.0,True,annulus+dedicated_bypass,1129.8143213644285,900.0062290153228,229.80809234910572,338944.2964093285,0.313837311490119,0.0,2.1558243723546644e-16,0.30993053521511005,258.30744442890347,2.9134814499752957,17961.98593486996,choked_restriction;kantrowitz_limit;nonlinear_acoustic_pulse;reduced_model_invalid,0.5,7.155535982546944,0.05
B,1.5,1.8,0.6944444444444444,300,0.003,piston,597.6130778665454,303.975,293.63807786654536,1.9659941701342063,530.1437602932776,1.915067436242548,313.3264943845849,1.0,True,annulus+dedicated_bypass,748.7094082339745,518.9013158848687,229.80809234910572,224612.82247019236,0.20797483562054847,0.0,0.0,0.30993053521511005,258.30744442890347,2.9134814499752957,17961.98593486996,choked_restriction;kantrowitz_limit;nonlinear_acoustic_pulse;reduced_model_invalid,1.0,7.155535982546944,0.05
B,1.5,1.8,0.6944444444444444,300,0.003,piston,483.3086983217591,303.975,179.33369832175907,1.589961997933248,530.1437602932776,1.915067436242548,270.3560141148757,0.8416234490713175,False,none,546.7168962677645,316.9088039186587,229.80809234910572,164015.06888032935,0.15186580451882348,2.3189220465331837e-16,1.5306101785359788e-16,0.30993053521511005,258.30744442890347,2.9134814499752957,17961.98593486996,kantrowitz_limit;nonlinear_acoustic_pulse;reduced_model_invalid,1.5,7.155535982546944,0.05
B,1.5,1.8,0.6944444444444444,300,0.003,piston,424.9472057478664,303.975,120.97220574786638,1.3979676149284197,530.1437602932776,1.915067436242548,231.8803745223857,0.7086985627116617,False,none,443.5836258362588,213.7755334871531,229.80809234910572,133075.08775087763,0.12321767384340522,0.0,1.134516735926452e-16,0.30993053521511005,258.30744442890347,2.9134814499752957,17961.98593486996,kantrowitz_limit;nonlinear_acoustic_pulse,2.0,7.155535982546944,0.05
B,1.5,1.8,0.6944444444444444,300,0.003,piston,369.84755995049795,303.975,65.87255995049793,1.2167038735109728,530.1437602932776,1.915067436242548,179.17261511563817,0.5368502502395553,False,none,346.21451445677684,116.4064221076711,229.80809234910572,103864.35433703306,0.0961706984602158,1.5072993302465693e-15,2.083492612189806e-16,0.30993053521511005,258.30744442890347,2.9134814499752957,17961.98593486996,kantrowitz_limit;nonlinear_acoustic_pulse,3.0,7.155535982546944,0.05
B,1.5,1.8,0.6944444444444444,300,0.003,piston,345.4028985214581,303.975,41.427898521458076,1.1362871898065896,530.1437602932776,1.915067436242548,145.30988394508722,0.43115585306932164,False,none,303.01723202648606,73.20913967738034,229.80809234910572,90905.16960794582,0.08417145334069057,1.5072993302465693e-15,0.0,0.30993053521511005,258.30744442890347,2.9134814499752957,17961.98593486996,kantrowitz_limit;nonlinear_acoustic_pulse,4.0,7.155535982546944,0.05
B,1.5,1.8,0.6944444444444444,300,0.01,piston,4241.576787834765,1013.25,3228.326787834765,4.186110819476699,530.1437602932776,6.383558120808493,313.3264943845849,1.0,True,annulus,6470.951317024487,5704.924342527468,766.0269744970192,1941285.3951073461,1.7974864769512464,0.0,1.3604074285918753e-16,0.3099305352151101,861.0248147630115,2.9134814499752957,59873.286449566534,choked_restriction;kantrowitz_limit;nonlinear_acoustic_pulse;reduced_model_invalid,0.0,7.155535982546979,0.05
B,1.5,1.8,0.6944444444444444,300,0.01,piston,3811.194240621769,1013.25,2797.944240621769,3.76135627004369,530.1437602932776,6.383558120808493,313.3264943845849,1.0,True,annulus+dedicated_bypass,5710.402577210832,4944.375602713812,766.0269744970192,1713120.7731632495,1.58622293811412,0.0,1.5696666432196626e-16,0.3099305352151101,861.0248147630115,2.9134814499752957,59873.286449566534,choked_restriction;kantrowitz_limit;nonlinear_acoustic_pulse;reduced_model_invalid,0.1,7.155535982546979,0.05
B,1.5,1.8,0.6944444444444444,300,0.01,piston,3307.750122602056,1013.25,2294.500122602056,3.264495556478713,530.1437602932776,6.383558120808493,313.3264943845849,1.0,True,annulus+dedicated_bypass,4820.743384462487,4054.716409965468,766.0269744970192,1446223.015338746,1.339095384572913,0.0,0.0,0.3099305352151101,861.0248147630115,2.9134814499752957,59873.286449566534,choked_restriction;kantrowitz_limit;nonlinear_acoustic_pulse;reduced_model_invalid,0.25,7.155535982546979,0.05
B,1.5,1.8,0.6944444444444444,300,0.01,piston,2710.9144759856003,1013.25,1697.6644759856003,2.6754645704274367,530.1437602932776,6.383558120808493,313.3264943845849,1.0,True,annulus+dedicated_bypass,3766.0477378814285,3000.0207633844093,766.0269744970192,1129814.3213644286,1.04612437163373,0.0,1.2934946234127987e-16,0.3099305352151101,861.0248147630115,2.9134814499752957,59873.286449566534,choked_restriction;kantrowitz_limit;nonlinear_acoustic_pulse;reduced_model_invalid,0.5,7.155535982546979,0.05
B,1.5,1.8,0.6944444444444444,300,0.01,piston,1992.0435928884842,1013.25,978.7935928884842,1.965994170134206,530.1437602932776,6.383558120808493,313.3264943845849,1.0,True,annulus+dedicated_bypass,2495.698027446581,1729.6710529495617,766.0269744970192,748709.4082339742,0.6932494520684946,0.0,1.1217481847045896e-16,0.3099305352151101,861.0248147630115,2.9134814499752957,59873.286449566534,choked_restriction;kantrowitz_limit;nonlinear_acoustic_pulse;reduced_model_invalid,1.0,7.155535982546979,0.05
B,1.5,1.8,0.6944444444444444,300,0.01,piston,1611.028994405863,1013.25,597.7789944058629,1.5899619979332473,530.1437602932776,6.383558120808493,270.3560141148755,0.8416234490713168,False,none,1822.3896542258803,1056.3626797288612,766.0269744970192,546716.8962677642,0.5062193483960779,4.1740596837597304e-16,0.0,0.3099305352151101,861.0248147630115,2.9134814499752957,59873.286449566534,kantrowitz_limit;nonlinear_acoustic_pulse;reduced_model_invalid,1.5,7.155535982546979,0.05
B,1.5,1.8,0.6944444444444444,300,0.01,piston,1416.4906858262214,1013.25,403.24068582622135,1.3979676149284197,530.1437602932776,6.383558120808493,231.8803745223857,0.7086985627116617,False,none,1478.612086120863,712.5851116238439,766.0269744970192,443583.6258362589,0.4107255794780175,0.0,1.361420083111742e-16,0.3099305352151101,861.0248147630115,2.9134814499752957,59873.286449566534,kantrowitz_limit;nonlinear_acoustic_pulse,2.0,7.155535982546979,0.05
B,1.5,1.8,0.6944444444444444,300,0.01,piston,1232.825199834993,1013.25,219.5751998349931,1.2167038735109728,530.1437602932776,6.383558120808493,179.17261511563817,0.5368502502395553,False,none,1154.0483815225896,388.02140702557034,766.0269744970192,346214.5144567769,0.320568994867386,1.39135322791991e-15,1.2500955673138836e-16,0.3099305352151101,861.0248147630115,2.9134814499752957,59873.286449566534,kantrowitz_limit;nonlinear_acoustic_pulse,3.0,7.155535982546979,0.05
B,1.5,1.8,0.6944444444444444,300,0.01,piston,1151.342995071527,1013.25,138.09299507152696,1.1362871898065896,530.1437602932776,6.383558120808493,145.30988394508765,0.4311558530693229,False,none,1010.057440088287,244.03046559126784,766.0269744970192,303017.2320264861,0.2805715111356353,1.5304885507119012e-15,0.0,0.3099305352151101,861.0248147630115,2.9134814499752957,59873.286449566534,kantrowitz_limit;nonlinear_acoustic_pulse,4.0,7.155535982546979,0.05
B,1.5,1.8,0.6944444444444444,300,0.03,piston,12724.730363504297,3039.75,9684.980363504297,4.186110819476699,530.1437602932776,19.15067436242548,313.3264943845849,1.0,True,annulus,19412.853951073463,17114.773027582407,2298.080923491057,5823856.185322039,5.39245943085374,0.0,1.813876571455833e-16,0.30993053521511005,2583.0744442890345,2.9134814499752957,179619.8593486996,choked_restriction;kantrowitz_limit;nonlinear_acoustic_pulse;reduced_model_invalid,0.0,7.155535982546945,0.05
B,1.5,1.8,0.6944444444444444,300,0.03,piston,11433.582721865308,3039.75,8393.832721865308,3.7613562700436907,530.1437602932776,19.15067436242548,313.3264943845849,1.0,True,annulus+dedicated_bypass,17131.207731632498,14833.12680814144,2298.080923491057,5139362.319489749,4.758668814342361,0.0,2.0928888576262166e-16,0.30993053521511005,2583.0744442890345,2.9134814499752957,179619.8593486996,choked_restriction;kantrowitz_limit;nonlinear_acoustic_pulse;reduced_model_invalid,0.1,7.155535982546945,0.05
B,1.5,1.8,0.6944444444444444,300,0.03,piston,9923.250367806168,3039.75,6883.500367806168,3.264495556478713,530.1437602932776,19.15067436242548,313.3264943845849,1.0,True,annulus+dedicated_bypass,14462.230153387462,12164.149229896404,2298.080923491057,4338669.046016239,4.017286153718739,0.0,0.0,0.30993053521511005,2583.0744442890345,2.9134814499752957,179619.8593486996,choked_restriction;kantrowitz_limit;nonlinear_acoustic_pulse;reduced_model_invalid,0.25,7.155535982546945,0.05
B,1.5,1.8,0.6944444444444444,300,0.03,piston,8132.7434279568015,3039.75,5092.9934279568015,2.675464570427437,530.1437602932776,19.15067436242548,313.3264943845849,1.0,True,annulus+dedicated_bypass,11298.143213644287,9000.06229015323,2298.080923491057,3389442.964093286,3.138373114901191,0.0,0.0,0.30993053521511005,2583.0744442890345,2.9134814499752957,179619.8593486996,choked_restriction;kantrowitz_limit;nonlinear_acoustic_pulse;reduced_model_invalid,0.5,7.155535982546945,0.05
B,1.5,1.8,0.6944444444444444,300,0.03,piston,5976.130778665454,3039.75,2936.3807786654543,1.9659941701342065,530.1437602932776,19.15067436242548,313.3264943845849,1.0,True,annulus+dedicated_bypass,7487.094082339745,5189.013158848688,2298.080923491057,2246128.2247019233,2.0797483562054846,0.0,0.0,0.30993053521511005,2583.0744442890345,2.9134814499752957,179619.8593486996,choked_restriction;kantrowitz_limit;nonlinear_acoustic_pulse;reduced_model_invalid,1.0,7.155535982546945,0.05
B,1.5,1.8,0.6944444444444444,300,0.03,piston,4833.0869832175895,3039.75,1793.3369832175895,1.5899619979332476,530.1437602932776,19.15067436242548,270.3560141148755,0.8416234490713168,False,none,5467.1689626776415,3169.0880391865844,2298.080923491057,1640150.6888032923,1.5186580451882337,3.7102752744530935e-16,1.224488142828784e-16,0.30993053521511005,2583.0744442890345,2.9134814499752957,179619.8593486996,kantrowitz_limit;nonlinear_acoustic_pulse;reduced_model_invalid,1.5,7.155535982546945,0.05
B,1.5,1.8,0.6944444444444444,300,0.03,piston,4249.472057478664,3039.75,1209.7220574786643,1.39796761492842,530.1437602932776,19.15067436242548,231.8803745223857,0.7086985627116617,False,none,4435.836258362589,2137.755334871532,2298.080923491057,1330750.8775087767,1.2321767384340525,0.0,0.0,0.30993053521511005,2583.0744442890345,2.9134814499752957,179619.8593486996,kantrowitz_limit;nonlinear_acoustic_pulse,2.0,7.155535982546945,0.05
B,1.5,1.8,0.6944444444444444,300,0.03,piston,3698.475599504979,3039.75,658.7255995049791,1.2167038735109725,530.1437602932776,19.15067436242548,179.17261511563817,0.5368502502395553,False,none,3462.1451445677676,1164.0642210767107,2298.080923491057,1038643.5433703302,0.9617069846021576,1.2985963460585826e-15,0.0,0.30993053521511005,2583.0744442890345,2.9134814499752957,179619.8593486996,kantrowitz_limit;nonlinear_acoustic_pulse,3.0,7.155535982546945,0.05
B,1.5,1.8,0.6944444444444444,300,0.03,piston,3454.0289852145806,3039.75,414.27898521458064,1.1362871898065896,530.1437602932776,19.15067436242548,145.30988394508722,0.43115585306932164,False,none,3030.17232026486,732.0913967738031,2298.080923491057,909051.696079458,0.8417145334069056,1.2985963460585826e-15,1.3251455845080325e-16,0.30993053521511005,2583.0744442890345,2.9134814499752957,179619.8593486996,kantrowitz_limit;nonlinear_acoustic_pulse,4.0,7.155535982546945,0.05
B,1.5,1.8,0.6944444444444444,300,0.1,piston,42415.76787834766,10132.5,32283.26787834766,4.186110819476699,530.1437602932776,63.83558120808493,313.3264943845849,1.0,True,annulus,64709.513170244885,57049.2434252747,7660.269744970192,19412853.951073464,17.974864769512468,0.0,0.0,0.30993053521511005,8610.248147630116,2.9134814499752957,598732.8644956654,choked_restriction;kantrowitz_limit;nonlinear_acoustic_pulse;reduced_model_invalid,0.0,7.155535982546945,0.05
B,1.5,1.8,0.6944444444444444,300,0.1,piston,38111.94240621769,10132.5,27979.44240621769,3.76135627004369,530.1437602932776,63.83558120808493,313.3264943845849,1.0,True,annulus+dedicated_bypass,57104.02577210832,49443.75602713812,7660.269744970192,17131207.731632497,15.8622293811412,0.0,1.2557333145757302e-16,0.30993053521511005,8610.248147630116,2.9134814499752957,598732.8644956654,choked_restriction;kantrowitz_limit;nonlinear_acoustic_pulse;reduced_model_invalid,0.1,7.155535982546945,0.05
B,1.5,1.8,0.6944444444444444,300,0.1,piston,33077.50122602056,10132.5,22945.001226020562,3.2644955564787135,530.1437602932776,63.83558120808493,313.3264943845849,1.0,True,annulus+dedicated_bypass,48207.43384462487,40547.164099654685,7660.269744970192,14462230.153387463,13.39095384572913,1.1130825823359281e-16,0.0,0.30993053521511005,8610.248147630116,2.9134814499752957,598732.8644956654,choked_restriction;kantrowitz_limit;nonlinear_acoustic_pulse;reduced_model_invalid,0.25,7.155535982546945,0.05
B,1.5,1.8,0.6944444444444444,300,0.1,piston,27109.144759856004,10132.5,16976.644759856004,2.6754645704274367,530.1437602932776,63.83558120808493,313.3264943845849,1.0,True,annulus+dedicated_bypass,37660.47737881429,30000.207633844097,7660.269744970192,11298143.213644288,10.461243716337304,0.0,0.0,0.30993053521511005,8610.248147630116,2.9134814499752957,598732.8644956654,choked_restriction;kantrowitz_limit;nonlinear_acoustic_pulse;reduced_model_invalid,0.5,7.155535982546945,0.05
B,1.5,1.8,0.6944444444444444,300,0.1,piston,19920.435928884846,10132.5,9787.935928884846,1.9659941701342063,530.1437602932776,63.83558120808493,313.3264943845849,1.0,True,annulus+dedicated_bypass,24956.980274465815,17296.710529495624,7660.269744970192,7487094.082339745,6.932494520684949,0.0,1.7947970955273424e-16,0.30993053521511005,8610.248147630116,2.9134814499752957,598732.8644956654,choked_restriction;kantrowitz_limit;nonlinear_acoustic_pulse;reduced_model_invalid,1.0,7.155535982546945,0.05
B,1.5,1.8,0.6944444444444444,300,0.1,piston,16110.28994405863,10132.5,5977.78994405863,1.5899619979332476,530.1437602932776,63.83558120808493,270.3560141148755,0.8416234490713168,False,none,18223.8965422588,10563.62679728861,7660.269744970192,5467168.96267764,5.062193483960778,4.452330329343713e-16,1.4693857713945412e-16,0.30993053521511005,8610.248147630116,2.9134814499752957,598732.8644956654,kantrowitz_limit;nonlinear_acoustic_pulse;reduced_model_invalid,1.5,7.155535982546945,0.05
B,1.5,1.8,0.6944444444444444,300,0.1,piston,14164.906858262215,10132.5,4032.406858262215,1.39796761492842,530.1437602932776,63.83558120808493,231.8803745223857,0.7086985627116617,False,none,14786.120861208634,7125.851116238441,7660.269744970192,4435836.25836259,4.107255794780176,1.1130825823359281e-16,0.0,0.30993053521511005,8610.248147630116,2.9134814499752957,598732.8644956654,kantrowitz_limit;nonlinear_acoustic_pulse,2.0,7.155535982546945,0.05
B,1.5,1.8,0.6944444444444444,300,0.1,piston,12328.251998349931,10132.5,2195.7519983499315,1.2167038735109728,530.1437602932776,63.83558120808493,179.17261511563848,0.5368502502395563,False,none,11540.483815225896,3880.2140702557044,7660.269744970192,3462145.144567769,3.20568994867386,1.3356990988031138e-15,0.0,0.30993053521511005,8610.248147630116,2.9134814499752957,598732.8644956654,kantrowitz_limit;nonlinear_acoustic_pulse,3.0,7.155535982546945,0.05
B,1.5,1.8,0.6944444444444444,300,0.1,piston,11513.429950715266,10132.5,1380.9299507152664,1.1362871898065894,530.1437602932776,63.83558120808493,145.30988394508722,0.43115585306932164,False,none,10100.574400882864,2440.304655912673,7660.269744970192,3030172.320264859,2.805715111356351,1.2243908405695209e-15,0.0,0.30993053521511005,8610.248147630116,2.9134814499752957,598732.8644956654,kantrowitz_limit;nonlinear_acoustic_pulse,4.0,7.155535982546945,0.05
B,1.5,1.8,0.6944444444444444,350,0.001,piston,494.8506252473893,101.325,393.5256252473893,4.883795956056149,618.5010536754905,0.7447484474276574,313.3264943845849,1.0,True,annulus,799.6819651079192,695.4171824680471,104.26478263987204,279888.6877877717,0.2221338791966442,1.490735601342761e-16,0.0,0.3056535032472947,100.45289505568468,2.9134814499752957,6985.216752449428,choked_restriction;kantrowitz_limit;nonlinear_acoustic_pulse;reduced_model_invalid;low_reynolds_or_rarefaction_check,0.0,8.495714717843205,0.05
B,1.5,1.8,0.6944444444444444,350,0.001,piston,444.63932807253974,101.325,343.31432807253975,4.388248981717639,618.5010536754905,0.7447484474276574,313.3264943845849,1.0,True,annulus+dedicated_bypass,710.9512787963259,606.6864961564539,104.26478263987204,248832.94757871408,0.19748646633231276,0.0,0.0,0.3056535032472947,100.45289505568468,2.9134814499752957,6985.216752449428,choked_restriction;kantrowitz_limit;nonlinear_acoustic_pulse;reduced_model_invalid;low_reynolds_or_rarefaction_check,0.1,8.495714717843205,0.05
B,1.5,1.8,0.6944444444444444,350,0.001,piston,385.90418097023985,101.325,284.57918097023986,3.808578149225165,618.5010536754905,0.7447484474276574,313.3264943845849,1.0,True,annulus+dedicated_bypass,607.1577063090191,502.892923669147,104.26478263987204,212505.1972081567,0.16865491841917196,0.0,0.0,0.3056535032472947,100.45289505568468,2.9134814499752957,6985.216752449428,choked_restriction;kantrowitz_limit;nonlinear_acoustic_pulse;reduced_model_invalid;low_reynolds_or_rarefaction_check,0.25,8.495714717843205,0.05
B,1.5,1.8,0.6944444444444444,350,0.001,piston,316.27335553165335,101.325,214.94835553165336,3.121375332165343,618.5010536754905,0.7447484474276574,313.3264943845849,1.0,True,annulus+dedicated_bypass,484.10988087456224,379.84509823469017,104.26478263987204,169438.45830609679,0.13447496690960062,0.0,0.0,0.3056535032472947,100.45289505568468,2.9134814499752957,6985.216752449428,choked_restriction;kantrowitz_limit;nonlinear_acoustic_pulse;reduced_model_invalid;low_reynolds_or_rarefaction_check,0.5,8.495714717843205,0.05
B,1.5,1.8,0.6944444444444444,350,0.001,piston,232.40508583698983,101.325,131.08008583698984,2.2936598651565734,618.5010536754905,0.7447484474276574,313.3264943845849,1.0,True,annulus+dedicated_bypass,335.9024146571634,231.6376320172913,104.26478263987204,117565.84513000718,0.0933062262936565,0.0,0.0,0.3056535032472947,100.45289505568468,2.9134814499752957,6985.216752449428,choked_restriction;kantrowitz_limit;nonlinear_acoustic_pulse;reduced_model_invalid;low_reynolds_or_rarefaction_check,1.0,8.495714717843205,0.05
B,1.5,1.8,0.6944444444444444,350,0.001,piston,183.90205295664916,101.325,82.57705295664915,1.8149721485975736,618.5010536754905,0.7447484474276574,303.70996884427973,0.9635022387920991,False,none,250.1904805344557,145.92569789458366,104.26478263987204,87566.66818705949,0.06949735570401547,4.472206804028283e-16,1.4245914616941478e-16,0.3056535032472947,100.45289505568468,2.9134814499752957,6985.216752449428,kantrowitz_limit;nonlinear_acoustic_pulse;reduced_model_invalid;low_reynolds_or_rarefaction_check,1.5,8.495714717843205,0.05
B,1.5,1.8,0.6944444444444444,350,0.001,piston,156.77513433914996,101.325,55.450134339149955,1.5472502772183563,618.5010536754905,0.7447484474276574,262.79749623381474,0.8149173454725516,False,none,202.2532583976199,97.98847575774785,104.26478263987204,70788.64043916696,0.05618146066600553,0.0,0.0,0.3056535032472947,100.45289505568468,2.9134814499752957,6985.216752449428,kantrowitz_limit;nonlinear_acoustic_pulse;reduced_model_invalid;low_reynolds_or_rarefaction_check,2.0,8.495714717843205,0.05
B,1.5,1.8,0.6944444444444444,350,0.001,piston,131.381064598014,101.325,30.056064598014004,1.2966302945769947,618.5010536754905,0.7447484474276574,205.26919186264197,0.6206583817051579,False,none,157.37823299190137,53.11345035202934,104.26478263987204,55082.38154716548,0.04371617583108371,2.981471202685522e-16,0.0,0.3056535032472947,100.45289505568468,2.9134814499752957,6985.216752449428,kantrowitz_limit;nonlinear_acoustic_pulse;low_reynolds_or_rarefaction_check,3.0,8.495714717843205,0.05
B,1.5,1.8,0.6944444444444444,350,0.001,piston,120.18800286159254,101.325,18.863002861592534,1.186163364042364,618.5010536754905,0.7447484474276574,167.46017733866725,0.49993768679983064,False,none,137.59846019809711,33.33367755822507,104.26478263987204,48159.46106933399,0.03822179449947142,1.490735601342761e-16,1.5591176738545023e-16,0.3056535032472947,100.45289505568468,2.9134814499752957,6985.216752449428,kantrowitz_limit;nonlinear_acoustic_pulse;low_reynolds_or_rarefaction_check,4.0,8.495714717843205,0.05
B,1.5,1.8,0.6944444444444444,350,0.003,piston,1484.551875742168,303.975,1180.5768757421679,4.883795956056149,618.5010536754905,2.2342453422829727,313.3264943845849,1.0,True,annulus,2399.0458953237576,2086.2515474041415,312.7943479196162,839666.0633633152,0.6664016375899326,0.0,0.0,0.3056535032472947,301.35868516705403,2.9134814499752957,20955.65025734829,choked_restriction;kantrowitz_limit;nonlinear_acoustic_pulse;reduced_model_invalid,0.0,8.495714717843205,0.05
B,1.5,1.8,0.6944444444444444,350,0.003,piston,1333.9179842176193,303.975,1029.9429842176191,4.388248981717639,618.5010536754905,2.2342453422829727,313.3264943845849,1.0,True,annulus+dedicated_bypass,2132.8538363889775,1820.0594884693614,312.7943479196162,746498.8427361421,0.5924593989969382,0.0,0.0,0.3056535032472947,301.35868516705403,2.9134814499752957,20955.65025734829,choked_restriction;kantrowitz_limit;nonlinear_acoustic_pulse;reduced_model_invalid,0.1,8.495714717843205,0.05
B,1.5,1.8,0.6944444444444444,350,0.003,piston,1157.7125429107195,303.975,853.7375429107195,3.808578149225165,618.5010536754905,2.2342453422829727,313.3264943845849,1.0,True,annulus+dedicated_bypass,1821.4731189270572,1508.678771007441,312.7943479196162,637515.59162447,0.5059647552575158,0.0,0.0,0.3056535032472947,301.35868516705403,2.9134814499752957,20955.65025734829,choked_restriction;kantrowitz_limit;nonlinear_acoustic_pulse;reduced_model_invalid,0.25,8.495714717843205,0.05
B,1.5,1.8,0.6944444444444444,350,0.003,piston,948.8200665949602,303.975,644.8450665949601,3.121375332165343,618.5010536754905,2.2342453422829727,313.3264943845849,1.0,True,annulus+dedicated_bypass,1452.3296426236868,1139.5352947040706,312.7943479196162,508315.3749182904,0.4034249007288019,0.0,0.0,0.3056535032472947,301.35868516705403,2.9134814499752957,20955.65025734829,choked_restriction;kantrowitz_limit;nonlinear_acoustic_pulse;reduced_model_invalid,0.5,8.495714717843205,0.05
B,1.5,1.8,0.6944444444444444,350,0.003,piston,697.2152575109696,303.975,393.2402575109696,2.2936598651565743,618.5010536754905,2.2342453422829727,313.3264943845849,1.0,True,annulus+dedicated_bypass,1007.7072439714902,694.9128960518741,312.7943479196162,352697.53539002157,0.2799186788809695,0.0,0.0,0.3056535032472947,301.35868516705403,2.9134814499752957,20955.65025734829,choked_restriction;kantrowitz_limit;nonlinear_acoustic_pulse;reduced_model_invalid,1.0,8.495714717843205,0.05
B,1.5,1.8,0.6944444444444444,350,0.003,piston,551.7061588699476,303.975,247.73115886994754,1.8149721485975738,618.5010536754905,2.2342453422829727,303.70996884427973,0.9635022387920991,False,none,750.5714416033672,437.7770936837511,312.7943479196162,262700.00456117856,0.20849206711204646,3.975294936914029e-16,0.0,0.3056535032472947,301.35868516705403,2.9134814499752957,20955.65025734829,kantrowitz_limit;nonlinear_acoustic_pulse;reduced_model_invalid,1.5,8.495714717843205,0.05
B,1.5,1.8,0.6944444444444444,350,0.003,piston,470.3254030174499,303.975,166.35040301744988,1.5472502772183563,618.5010536754905,2.2342453422829727,262.79749623381474,0.8149173454725516,False,none,606.7597751928597,293.96542727324356,312.7943479196162,212365.9213175009,0.16854438199801658,1.9876474684570144e-16,1.414346613414189e-16,0.3056535032472947,301.35868516705403,2.9134814499752957,20955.65025734829,kantrowitz_limit;nonlinear_acoustic_pulse;reduced_model_invalid,2.0,8.495714717843205,0.05
B,1.5,1.8,0.6944444444444444,350,0.003,piston,394.14319379404213,303.975,90.16819379404211,1.2966302945769952,618.5010536754905,2.2342453422829727,205.26919186264226,0.6206583817051587,False,none,472.1346989757044,159.3403510560882,312.7943479196162,165247.14464149653,0.13114852749325123,3.975294936914029e-16,1.3046569929371357e-16,0.3056535032472947,301.35868516705403,2.9134814499752957,20955.65025734829,kantrowitz_limit;nonlinear_acoustic_pulse,3.0,8.495714717843205,0.05
B,1.5,1.8,0.6944444444444444,350,0.003,piston,360.56400858477764,303.975,56.589008584777616,1.186163364042364,618.5010536754905,2.2342453422829727,167.46017733866725,0.49993768679983064,False,none,412.79538059429143,100.00103267467524,312.7943479196162,144478.383208002,0.11466538349841429,0.0,0.0,0.3056535032472947,301.35868516705403,2.9134814499752957,20955.65025734829,kantrowitz_limit;nonlinear_acoustic_pulse,4.0,8.495714717843205,0.05
B,1.5,1.8,0.6944444444444444,350,0.01,piston,4948.506252473892,1013.25,3935.2562524738923,4.883795956056148,618.5010536754905,7.447484474276574,313.3264943845849,1.0,True,annulus,7996.819651079191,6954.17182468047,1042.6478263987206,2798886.877877717,2.221338791966442,1.192588481074209e-16,1.9131837038559035e-16,0.30565350324729473,1004.5289505568468,2.9134814499752957,69852.16752449429,choked_restriction;kantrowitz_limit;nonlinear_acoustic_pulse;reduced_model_invalid,0.0,8.495714717843246,0.05
B,1.5,1.8,0.6944444444444444,350,0.01,piston,4446.393280725397,1013.25,3433.143280725397,4.388248981717638,618.5010536754905,7.447484474276574,313.3264943845849,1.0,True,annulus+dedicated_bypass,7109.512787963258,6066.864961564538,1042.6478263987206,2488329.4757871404,1.9748646633231273,0.0,0.0,0.30565350324729473,1004.5289505568468,2.9134814499752957,69852.16752449429,choked_restriction;kantrowitz_limit;nonlinear_acoustic_pulse;reduced_model_invalid,0.1,8.495714717843246,0.05
B,1.5,1.8,0.6944444444444444,350,0.01,piston,3859.041809702398,1013.25,2845.791809702398,3.8085781492251645,618.5010536754905,7.447484474276574,313.3264943845849,1.0,True,annulus+dedicated_bypass,6071.57706309019,5028.929236691469,1042.6478263987206,2125051.972081566,1.6865491841917193,1.192588481074209e-16,0.0,0.30565350324729473,1004.5289505568468,2.9134814499752957,69852.16752449429,choked_restriction;kantrowitz_limit;nonlinear_acoustic_pulse;reduced_model_invalid,0.25,8.495714717843246,0.05
B,1.5,1.8,0.6944444444444444,350,0.01,piston,3162.7335553165335,1013.25,2149.4835553165335,3.121375332165343,618.5010536754905,7.447484474276574,313.3264943845849,1.0,True,annulus+dedicated_bypass,4841.098808745623,3798.4509823469016,1042.6478263987206,1694384.583060968,1.3447496690960064,0.0,0.0,0.30565350324729473,1004.5289505568468,2.9134814499752957,69852.16752449429,choked_restriction;kantrowitz_limit;nonlinear_acoustic_pulse;reduced_model_invalid,0.5,8.495714717843246,0.05
B,1.5,1.8,0.6944444444444444,350,0.01,piston,2324.0508583698984,1013.25,1310.8008583698984,2.293659865156574,618.5010536754905,7.447484474276574,313.3264943845849,1.0,True,annulus+dedicated_bypass,3359.0241465716335,2316.376320172913,1042.6478263987206,1175658.4513000718,0.9330622629365649,0.0,1.4359290514374826e-16,0.30565350324729473,1004.5289505568468,2.9134814499752957,69852.16752449429,choked_restriction;kantrowitz_limit;nonlinear_acoustic_pulse;reduced_model_invalid,1.0,8.495714717843246,0.05
B,1.5,1.8,0.6944444444444444,350,0.01,piston,1839.0205295664914,1013.25,825.7705295664914,1.8149721485975736,618.5010536754905,7.447484474276574,303.7099688442796,0.9635022387920985,False,none,2501.9048053445567,1459.2569789458364,1042.6478263987206,875666.6818705949,0.6949735570401546,0.0,0.0,0.30565350324729473,1004.5289505568468,2.9134814499752957,69852.16752449429,kantrowitz_limit;nonlinear_acoustic_pulse;reduced_model_invalid,1.5,8.495714717843246,0.05
B,1.5,1.8,0.6944444444444444,350,0.01,piston,1567.7513433914994,1013.25,554.5013433914994,1.5472502772183563,618.5010536754905,7.447484474276574,262.79749623381474,0.8149173454725516,False,none,2022.5325839761988,979.8847575774782,1042.6478263987206,707886.4043916696,0.5618146066600552,0.0,0.0,0.30565350324729473,1004.5289505568468,2.9134814499752957,69852.16752449429,kantrowitz_limit;nonlinear_acoustic_pulse;reduced_model_invalid,2.0,8.495714717843246,0.05
B,1.5,1.8,0.6944444444444444,350,0.01,piston,1313.8106459801409,1013.25,300.56064598014086,1.2966302945769956,618.5010536754905,7.447484474276574,205.26919186264226,0.6206583817051587,False,none,1573.7823299190154,531.1345035202949,1042.6478263987206,550823.8154716553,0.4371617583108376,9.540707848593672e-16,1.5655883915245601e-16,0.30565350324729473,1004.5289505568468,2.9134814499752957,69852.16752449429,kantrowitz_limit;nonlinear_acoustic_pulse,3.0,8.495714717843246,0.05
B,1.5,1.8,0.6944444444444444,350,0.01,piston,1201.8800286159253,1013.25,188.6300286159253,1.1861633640423639,618.5010536754905,7.447484474276574,167.46017733866725,0.49993768679983064,False,none,1375.984601980971,333.33677558225065,1042.6478263987206,481594.6106933399,0.3822179449947142,2.385176962148418e-16,1.247294139083602e-16,0.30565350324729473,1004.5289505568468,2.9134814499752957,69852.16752449429,kantrowitz_limit;nonlinear_acoustic_pulse,4.0,8.495714717843246,0.05
B,1.5,1.8,0.6944444444444444,350,0.03,piston,14845.518757421678,3039.75,11805.768757421678,4.883795956056149,618.5010536754905,22.342453422829724,313.3264943845849,1.0,True,annulus,23990.458953237572,20862.51547404141,3127.943479196161,8396660.63363315,6.664016375899325,0.0,1.2754558025706024e-16,0.3056535032472947,3013.5868516705405,2.9134814499752957,209556.5025734829,choked_restriction;kantrowitz_limit;nonlinear_acoustic_pulse;reduced_model_invalid,0.0,8.495714717843207,0.05
B,1.5,1.8,0.6944444444444444,350,0.03,piston,13339.179842176192,3039.75,10299.429842176192,4.388248981717639,618.5010536754905,22.342453422829724,313.3264943845849,1.0,True,annulus+dedicated_bypass,21328.538363889777,18200.594884693615,3127.943479196161,7464988.427361422,5.924593989969383,0.0,1.461997071313476e-16,0.3056535032472947,3013.5868516705405,2.9134814499752957,209556.5025734829,choked_restriction;kantrowitz_limit;nonlinear_acoustic_pulse;reduced_model_invalid,0.1,8.495714717843207,0.05
B,1.5,1.8,0.6944444444444444,350,0.03,piston,11577.125429107196,3039.75,8537.375429107196,3.8085781492251654,618.5010536754905,22.342453422829724,313.3264943845849,1.0,True,annulus+dedicated_bypass,18214.731189270573,15086.787710074412,3127.943479196161,6375155.916244701,5.059647552575159,0.0,0.0,0.3056535032472947,3013.5868516705405,2.9134814499752957,209556.5025734829,choked_restriction;kantrowitz_limit;nonlinear_acoustic_pulse;reduced_model_invalid,0.25,8.495714717843207,0.05
B,1.5,1.8,0.6944444444444444,350,0.03,piston,9488.200665949602,3039.75,6448.450665949602,3.1213753321653432,618.5010536754905,22.342453422829724,313.3264943845849,1.0,True,annulus+dedicated_bypass,14523.296426236868,11395.352947040707,3127.943479196161,5083153.749182904,4.034249007288019,1.5901179747656116e-16,0.0,0.3056535032472947,3013.5868516705405,2.9134814499752957,209556.5025734829,choked_restriction;kantrowitz_limit;nonlinear_acoustic_pulse;reduced_model_invalid,0.5,8.495714717843207,0.05
B,1.5,1.8,0.6944444444444444,350,0.03,piston,6972.152575109695,3039.75,3932.402575109695,2.293659865156574,618.5010536754905,22.342453422829724,313.3264943845849,1.0,True,annulus+dedicated_bypass,10077.0724397149,6949.128960518739,3127.943479196161,3526975.353900215,2.7991867888096946,0.0,0.0,0.3056535032472947,3013.5868516705405,2.9134814499752957,209556.5025734829,choked_restriction;kantrowitz_limit;nonlinear_acoustic_pulse;reduced_model_invalid,1.0,8.495714717843207,0.05
B,1.5,1.8,0.6944444444444444,350,0.03,piston,5517.061588699475,3039.75,2477.3115886994747,1.8149721485975736,618.5010536754905,22.342453422829724,303.70996884427973,0.9635022387920991,False,none,7505.714416033671,4377.77093683751,3127.943479196161,2627000.045611785,2.0849206711204644,3.180235949531223e-16,1.519564225807091e-16,0.3056535032472947,3013.5868516705405,2.9134814499752957,209556.5025734829,kantrowitz_limit;nonlinear_acoustic_pulse;reduced_model_invalid,1.5,8.495714717843207,0.05
B,1.5,1.8,0.6944444444444444,350,0.03,piston,4703.254030174501,3039.75,1663.5040301745012,1.5472502772183572,618.5010536754905,22.342453422829724,262.7974962338149,0.8149173454725522,False,none,6067.597751928601,2939.65427273244,3127.943479196161,2123659.2131750104,1.685443819980167,6.360471899062446e-16,0.0,0.3056535032472947,3013.5868516705405,2.9134814499752957,209556.5025734829,kantrowitz_limit;nonlinear_acoustic_pulse;reduced_model_invalid,2.0,8.495714717843207,0.05
B,1.5,1.8,0.6944444444444444,350,0.03,piston,3941.4319379404196,3039.75,901.6819379404196,1.2966302945769947,618.5010536754905,22.342453422829724,205.26919186264197,0.6206583817051579,False,none,4721.34698975704,1593.4035105608793,3127.943479196161,1652471.446414964,1.3114852749325112,0.0,2.0874511886994204e-16,0.3056535032472947,3013.5868516705405,2.9134814499752957,209556.5025734829,kantrowitz_limit;nonlinear_acoustic_pulse,3.0,8.495714717843207,0.05
B,1.5,1.8,0.6944444444444444,350,0.03,piston,3605.640085847777,3039.75,565.8900858477768,1.1861633640423643,618.5010536754905,22.342453422829724,167.46017733866725,0.49993768679983064,False,none,4127.953805942915,1000.0103267467537,3127.943479196161,1444783.8320800203,1.146653834984143,3.180235949531223e-16,0.0,0.3056535032472947,3013.5868516705405,2.9134814499752957,209556.5025734829,kantrowitz_limit;nonlinear_acoustic_pulse,4.0,8.495714717843207,0.05
B,1.5,1.8,0.6944444444444444,350,0.1,piston,49485.06252473892,10132.5,39352.56252473892,4.883795956056148,618.5010536754905,74.47484474276574,313.3264943845849,1.0,True,annulus,79968.1965107919,69541.7182468047,10426.478263987205,27988868.778777163,22.213387919664417,0.0,0.0,0.3056535032472947,10045.289505568468,2.9134814499752957,698521.6752449429,choked_restriction;kantrowitz_limit;nonlinear_acoustic_pulse;reduced_model_invalid,0.0,8.495714717843207,0.05
B,1.5,1.8,0.6944444444444444,350,0.1,piston,44463.93280725397,10132.5,34331.43280725397,4.388248981717639,618.5010536754905,74.47484474276574,313.3264943845849,1.0,True,annulus+dedicated_bypass,71095.1278796326,60668.64961564539,10426.478263987205,24883294.757871408,19.748646633231274,0.0,0.0,0.3056535032472947,10045.289505568468,2.9134814499752957,698521.6752449429,choked_restriction;kantrowitz_limit;nonlinear_acoustic_pulse;reduced_model_invalid,0.1,8.495714717843207,0.05
B,1.5,1.8,0.6944444444444444,350,0.1,piston,38590.41809702398,10132.5,28457.918097023983,3.808578149225165,618.5010536754905,74.47484474276574,313.3264943845849,1.0,True,annulus+dedicated_bypass,60715.770630901905,50289.2923669147,10426.478263987205,21250519.720815666,16.865491841917194,1.9081415697187343e-16,0.0,0.3056535032472947,10045.289505568468,2.9134814499752957,698521.6752449429,choked_restriction;kantrowitz_limit;nonlinear_acoustic_pulse;reduced_model_invalid,0.25,8.495714717843207,0.05
B,1.5,1.8,0.6944444444444444,350,0.1,piston,31627.33555316534,10132.5,21494.83555316534,3.1213753321653432,618.5010536754905,74.47484474276574,313.3264943845849,1.0,True,annulus+dedicated_bypass,48410.98808745623,37984.50982346902,10426.478263987205,16943845.83060968,13.447496690960064,1.9081415697187343e-16,0.0,0.3056535032472947,10045.289505568468,2.9134814499752957,698521.6752449429,choked_restriction;kantrowitz_limit;nonlinear_acoustic_pulse;reduced_model_invalid,0.5,8.495714717843207,0.05
B,1.5,1.8,0.6944444444444444,350,0.1,piston,23240.508583698982,10132.5,13108.008583698982,2.2936598651565734,618.5010536754905,74.47484474276574,313.3264943845849,1.0,True,annulus+dedicated_bypass,33590.24146571633,23163.76320172913,10426.478263987205,11756584.513000716,9.330622629365648,0.0,0.0,0.3056535032472947,10045.289505568468,2.9134814499752957,698521.6752449429,choked_restriction;kantrowitz_limit;nonlinear_acoustic_pulse;reduced_model_invalid,1.0,8.495714717843207,0.05
B,1.5,1.8,0.6944444444444444,350,0.1,piston,18390.205295664917,10132.5,8257.705295664917,1.8149721485975738,618.5010536754905,74.47484474276574,303.70996884427973,0.9635022387920991,False,none,25019.04805344557,14592.569789458368,10426.478263987205,8756666.81870595,6.949735570401548,3.8162831394374686e-16,1.823477070968509e-16,0.3056535032472947,10045.289505568468,2.9134814499752957,698521.6752449429,kantrowitz_limit;nonlinear_acoustic_pulse;reduced_model_invalid,1.5,8.495714717843207,0.05
B,1.5,1.8,0.6944444444444444,350,0.1,piston,15677.513433915003,10132.5,5545.013433915003,1.547250277218357,618.5010536754905,74.47484474276574,262.79749623381474,0.8149173454725516,False,none,20225.325839762,9798.847575774796,10426.478263987205,7078864.0439167,5.618146066600556,5.724424709156202e-16,1.3577727488776199e-16,0.3056535032472947,10045.289505568468,2.9134814499752957,698521.6752449429,kantrowitz_limit;nonlinear_acoustic_pulse;reduced_model_invalid,2.0,8.495714717843207,0.05
B,1.5,1.8,0.6944444444444444,350,0.1,piston,13138.106459801404,10132.5,3005.6064598014036,1.2966302945769952,618.5010536754905,74.47484474276574,205.26919186264226,0.6206583817051587,False,none,15737.823299190146,5311.34503520294,10426.478263987205,5508238.154716551,4.371617583108374,5.724424709156202e-16,0.0,0.3056535032472947,10045.289505568468,2.9134814499752957,698521.6752449429,kantrowitz_limit;nonlinear_acoustic_pulse,3.0,8.495714717843207,0.05
B,1.5,1.8,0.6944444444444444,350,0.1,piston,12018.800286159254,10132.5,1886.300286159254,1.186163364042364,618.5010536754905,74.47484474276574,167.46017733866725,0.49993768679983064,False,none,13759.846019809713,3333.367755822508,10426.478263987205,4815946.106933399,3.8221794499471424,3.8162831394374686e-16,1.995670622533762e-16,0.3056535032472947,10045.289505568468,2.9134814499752957,698521.6752449429,kantrowitz_limit;nonlinear_acoustic_pulse,4.0,8.495714717843207,0.05
B,1.5,2.0,0.5625,50,0.001,piston,105.03503015427299,101.325,3.710030154272985,1.0366151507947001,88.35729338221293,0.1063926353468082,77.59584442800238,0.22723844033724377,False,none,8.68401716289526,6.556164455959097,2.127852706936164,434.20085814476306,0.002412226989693128,1.3043936511749158e-16,0.0,1.7602325079063021,11.623834999300655,2.9134814499752957,1663.1468458212923,low_reynolds_or_rarefaction_check,0.0,0.0,0.05
B,1.5,2.0,0.5625,50,0.001,piston,104.60184723134483,101.325,3.2768472313448314,1.0323399677408815,88.35729338221293,0.1063926353468082,73.0225630584451,0.2137194299361703,False,none,7.918519750708713,5.790667043772548,2.127852706936164,395.92598753543564,0.002199588819641309,2.6087873023498317e-16,0.0,1.7602325079063021,11.623834999300655,2.9134814499752957,1663.1468458212923,low_reynolds_or_rarefaction_check,0.1,0.0,0.05
B,1.5,2.0,0.5625,50,0.001,piston,104.08168189484768,101.325,2.7566818948476737,1.0272063350095995,88.35729338221293,0.1063926353468082,67.08426132221615,0.19619967493217777,False,none,6.999311725825976,4.871459018889811,2.127852706936164,349.9655862912988,0.0019442532571738822,1.6957117465273907e-15,0.0,1.7602325079063021,11.623834999300655,2.9134814499752957,1663.1468458212923,low_reynolds_or_rarefaction_check,0.25,0.0,0.05
B,1.5,2.0,0.5625,50,0.001,piston,103.45376203527464,101.325,2.128762035274633,1.0210092478191426,88.35729338221293,0.1063926353468082,59.06605791626434,0.1725997641265964,False,none,5.889685740769714,3.7618330338335495,2.127852706936164,294.4842870384857,0.0016360238168804761,4.95669587446468e-15,0.0,1.7602325079063021,11.623834999300655,2.9134814499752957,1663.1468458212923,low_reynolds_or_rarefaction_check,0.5,0.0,0.05
B,1.5,2.0,0.5625,50,0.001,piston,102.70408419652426,101.325,1.3790841965242606,1.0136105028031015,88.35729338221293,0.1063926353468082,47.65266007286264,0.13910352484788485,False,none,4.564895645957514,2.43704293902135,2.127852706936164,228.2447822978757,0.0012680265683215318,7.043725716344545e-15,1.16623753218798e-16,1.7602325079063021,11.623834999300655,2.9134814499752957,1663.1468458212923,low_reynolds_or_rarefaction_check,1.0,0.0,0.05
B,1.5,2.0,0.5625,50,0.001,piston,102.29059893548282,101.325,0.9655989354828165,1.009529720557442,88.35729338221293,0.1063926353468082,39.925839703973054,0.11648091144434339,False,none,3.834206875576318,1.7063541686401542,2.127852706936164,191.7103437788159,0.001065057465437866,2.217469206997357e-15,0.0,1.7602325079063021,11.623834999300655,2.9134814499752957,1663.1468458212923,low_reynolds_or_rarefaction_check,1.5,0.0,0.05
B,1.5,2.0,0.5625,50,0.001,piston,102.03863326119938,101.325,0.7136332611993765,1.0070430126938008,88.35729338221293,0.1063926353468082,34.350876901253656,0.1001810356229157,False,none,3.3889467754781384,1.261094068541974,2.127852706936164,169.44733877390692,0.0009413741042994829,1.160910349545675e-14,0.0,1.7602325079063021,11.623834999300655,2.9134814499752957,1663.1468458212923,low_reynolds_or_rarefaction_check,2.0,0.0,0.05
B,1.5,2.0,0.5625,50,0.001,piston,101.76015658469518,101.325,0.4351565846951786,1.0042946615810036,88.35729338221293,0.1063926353468082,26.847559623576103,0.07826776854006876,False,none,2.896837867358438,0.7689851604222737,2.127852706936164,144.8418933679219,0.0008046771853773439,1.7478874925743872e-14,0.0,1.7602325079063021,11.623834999300655,2.9134814499752957,1663.1468458212923,low_reynolds_or_rarefaction_check,3.0,0.0,0.05
B,1.5,2.0,0.5625,50,0.001,piston,101.61779583132682,101.325,0.2927958313268135,1.002889670183339,88.35729338221293,0.1063926353468082,22.032307843616685,0.06421718601736368,False,none,2.645265650328808,0.5174129433926439,2.127852706936164,132.2632825164404,0.0007347960139802244,1.0761247622193056e-13,0.0,1.7602325079063021,11.623834999300655,2.9134814499752957,1663.1468458212923,low_reynolds_or_rarefaction_check,4.0,0.0,0.05
B,1.5,2.0,0.5625,50,0.003,piston,315.10509046281896,303.975,11.130090462818941,1.0366151507947001,88.35729338221293,0.3191779060404246,77.59584442800238,0.22723844033724377,False,none,26.052051488685763,19.668493367877268,6.383558120808493,1302.602574434288,0.007236680969079379,0.0,1.1560299571017499e-16,1.7602325079063021,34.87150499790197,2.9134814499752957,4989.440537463877,low_reynolds_or_rarefaction_check,0.0,0.0,0.05
B,1.5,2.0,0.5625,50,0.003,piston,313.8055416940346,303.975,9.830541694034594,1.032339967740882,88.35729338221293,0.3191779060404246,73.0225630584451,0.2137194299361703,False,none,23.755559252126318,17.372001131317823,6.383558120808493,1187.777962606316,0.006598766458923977,6.956766139599552e-15,0.0,1.7602325079063021,34.87150499790197,2.9134814499752957,4989.440537463877,low_reynolds_or_rarefaction_check,0.1,0.0,0.05
B,1.5,2.0,0.5625,50,0.003,piston,312.245045684543,303.975,8.270045684542993,1.0272063350095995,88.35729338221293,0.3191779060404246,67.08426132221615,0.19619967493217777,False,none,20.997935177477878,14.614377056669383,6.383558120808493,1049.896758873894,0.005832759771521633,1.565272381409899e-15,1.5558218770568008e-16,1.7602325079063021,34.87150499790197,2.9134814499752957,4989.440537463877,low_reynolds_or_rarefaction_check,0.25,0.0,0.05
B,1.5,2.0,0.5625,50,0.003,piston,310.3612861058239,303.975,6.386286105823899,1.0210092478191426,88.35729338221293,0.3191779060404246,59.06605791626434,0.1725997641265964,False,none,17.669057222309142,11.285499101500648,6.383558120808493,883.4528611154572,0.004908071450641429,4.8697362977196855e-15,0.0,1.7602325079063021,34.87150499790197,2.9134814499752957,4989.440537463877,low_reynolds_or_rarefaction_check,0.5,0.0,0.05
B,1.5,2.0,0.5625,50,0.003,piston,308.1122525895728,303.975,4.137252589572768,1.0136105028031015,88.35729338221293,0.3191779060404246,47.65266007286264,0.13910352484788485,False,none,13.694686937872518,7.3111288170640245,6.383558120808493,684.7343468936259,0.0038040797049645886,6.956766139599552e-15,1.5549833762506454e-16,1.7602325079063021,34.87150499790197,2.9134814499752957,4989.440537463877,low_reynolds_or_rarefaction_check,1.0,0.0,0.05
B,1.5,2.0,0.5625,50,0.003,piston,306.87179680644846,303.975,2.8967968064484353,1.009529720557442,88.35729338221293,0.3191779060404246,39.925839703973054,0.11648091144434339,False,none,11.50262062672893,5.1190625059204375,6.383558120808493,575.1310313364465,0.0031951723963135918,2.0870298418798653e-15,0.0,1.7602325079063021,34.87150499790197,2.9134814499752957,4989.440537463877,low_reynolds_or_rarefaction_check,1.5,0.0,0.05
B,1.5,2.0,0.5625,50,0.003,piston,306.11589978359825,303.975,2.140899783598229,1.0070430126938013,88.35729338221293,0.3191779060404246,34.350876901253656,0.1001810356229157,False,none,10.166840326434592,3.783282205626098,6.383558120808493,508.3420163217296,0.0028241223128984976,1.2000421590809225e-14,1.5024895255309393e-16,1.7602325079063021,34.87150499790197,2.9134814499752957,4989.440537463877,low_reynolds_or_rarefaction_check,2.0,0.0,0.05
B,1.5,2.0,0.5625,50,0.003,piston,305.2804697540856,303.975,1.30546975408555,1.0042946615810036,88.35729338221293,0.3191779060404246,26.847559623576103,0.07826776854006876,False,none,8.690513602075338,2.3069554812668462,6.383558120808493,434.5256801037669,0.0024140315561320385,1.7565834502488866e-14,0.0,1.7602325079063021,34.87150499790197,2.9134814499752957,4989.440537463877,low_reynolds_or_rarefaction_check,3.0,0.0,0.05
B,1.5,2.0,0.5625,50,0.003,piston,304.85338749398045,303.975,0.8783874939804264,1.0028896701833387,88.35729338221293,0.3191779060404246,22.03230784361372,0.06421718601735503,False,none,7.9357969509864,1.5522388301779066,6.383558120808493,396.78984754932,0.0022043880419406665,4.000140530269742e-14,0.0,1.7602325079063021,34.87150499790197,2.9134814499752957,4989.440537463877,low_reynolds_or_rarefaction_check,4.0,0.0,0.05
B,1.5,2.0,0.5625,50,0.01,piston,1050.35030154273,1013.25,37.100301542729994,1.0366151507947001,88.35729338221293,1.063926353468082,77.59584442800238,0.22723844033724377,False,none,86.84017162895287,65.56164455959123,21.278527069361644,4342.008581447643,0.024122269896931354,5.8436835572636234e-15,1.3872359485220926e-16,1.7602325079063021,116.23834999300655,2.9134814499752957,16631.468458212923,,0.0,0.0,0.05
B,1.5,2.0,0.5625,50,0.01,piston,1046.0184723134487,1013.25,32.76847231344868,1.032339967740882,88.35729338221293,1.063926353468082,73.0225630584451,0.2137194299361703,False,none,79.18519750708779,57.90667043772614,21.278527069361644,3959.25987535439,0.021995888196413276,6.887198478203556e-15,0.0,1.7602325079063021,116.23834999300655,2.9134814499752957,16631.468458212923,,0.1,0.0,0.05
B,1.5,2.0,0.5625,50,0.01,piston,1040.8168189484768,1013.25,27.566818948476794,1.0272063350095997,88.35729338221293,1.063926353468082,67.08426132221615,0.19619967493217777,False,none,69.99311725825986,48.714590188898214,21.278527069361644,3499.6558629129927,0.01944253257173885,1.6696238735038924e-15,0.0,1.7602325079063021,116.23834999300655,2.9134814499752957,16631.468458212923,,0.25,0.0,0.05
B,1.5,2.0,0.5625,50,0.01,piston,1034.5376203527462,1013.25,21.287620352746217,1.0210092478191426,88.35729338221293,1.063926353468082,59.06605791626434,0.1725997641265964,False,none,58.896857407696935,37.61833033833529,21.278527069361644,2944.8428703848467,0.016360238168804705,4.591465652135704e-15,0.0,1.7602325079063021,116.23834999300655,2.9134814499752957,16631.468458212923,,0.5,0.0,0.05
B,1.5,2.0,0.5625,50,0.01,piston,1027.0408419652426,1013.25,13.790841965242635,1.0136105028031015,88.35729338221293,1.063926353468082,47.65266007286264,0.13910352484788485,False,none,45.64895645957519,24.37042939021355,21.278527069361644,2282.4478229787596,0.01268026568321533,7.095901462391542e-15,0.0,1.7602325079063021,116.23834999300655,2.9134814499752957,16631.468458212923,,1.0,0.0,0.05
B,1.5,2.0,0.5625,50,0.01,piston,1022.9059893548281,1013.25,9.65598935482808,1.009529720557442,88.35729338221293,1.063926353468082,39.925839703973054,0.11648091144434339,False,none,38.34206875576304,17.063541686401393,21.278527069361644,1917.103437788152,0.010650574654378622,2.0870298418798653e-15,0.0,1.7602325079063021,116.23834999300655,2.9134814499752957,16631.468458212923,,1.5,0.0,0.05
B,1.5,2.0,0.5625,50,0.01,piston,1020.3863326119938,1013.25,7.136332611993794,1.007043012693801,88.35729338221293,1.063926353468082,34.350876901253656,0.1001810356229157,False,none,33.889467754781435,12.610940685419791,21.278527069361644,1694.4733877390718,0.009413741042994844,1.1687367114527247e-14,0.0,1.7602325079063021,116.23834999300655,2.9134814499752957,16631.468458212923,,2.0,0.0,0.05
B,1.5,2.0,0.5625,50,0.01,piston,1017.6015658469519,1013.25,4.351565846951871,1.0042946615810036,88.35729338221293,1.063926353468082,26.847559623576103,0.07826776854006876,False,none,28.96837867358453,7.689851604222888,21.278527069361644,1448.4189336792265,0.00804677185377348,1.753105067179087e-14,0.0,1.7602325079063021,116.23834999300655,2.9134814499752957,16631.468458212923,,3.0,0.0,0.05
B,1.5,2.0,0.5625,50,0.01,piston,1016.1779583132678,1013.25,2.9279583132678226,1.0028896701833385,88.35729338221293,1.063926353468082,22.03230784361372,0.06421718601735503,False,none,26.45265650328753,5.174129433925886,21.278527069361644,1322.6328251643763,0.0073479601398020915,3.965356699571744e-14,0.0,1.7602325079063021,116.23834999300655,2.9134814499752957,16631.468458212923,,4.0,0.0,0.05
B,1.5,2.0,0.5625,50,0.03,piston,3151.05090462819,3039.75,111.30090462818998,1.0366151507947001,88.35729338221293,3.1917790604042464,77.59584442800238,0.22723844033724377,False,none,260.52051488685856,196.68493367877366,63.835581208084925,13026.02574434293,0.07236680969079405,5.7045482344716315e-15,0.0,1.7602325079063024,348.71504997901974,2.9134814499752957,49894.40537463877,,0.0,0.0,0.05
B,1.5,2.0,0.5625,50,0.03,piston,3138.055416940346,3039.75,98.30541694034582,1.032339967740882,88.35729338221293,3.1917790604042464,73.0225630584451,0.2137194299361703,False,none,237.55559252126295,173.72001131317802,63.835581208084925,11877.779626063148,0.06598766458923971,6.678495494015569e-15,2.0941621978905226e-16,1.7602325079063024,348.71504997901974,2.9134814499752957,49894.40537463877,,0.1,0.0,0.05
B,1.5,2.0,0.5625,50,0.03,piston,3122.45045684543,3039.75,82.70045684542993,1.0272063350095995,88.35729338221293,3.1917790604042464,67.08426132221615,0.19619967493217777,False,none,209.97935177477876,146.14377056669383,63.835581208084925,10498.967588738939,0.058327597715216326,1.39135322791991e-15,0.0,1.7602325079063024,348.71504997901974,2.9134814499752957,49894.40537463877,,0.25,0.0,0.05
B,1.5,2.0,0.5625,50,0.03,piston,3103.6128610582387,3039.75,63.86286105823865,1.0210092478191426,88.35729338221293,3.1917790604042464,59.06605791626434,0.1725997641265964,False,none,176.6905722230908,112.85499101500588,63.835581208084925,8834.528611154541,0.049080714506414116,4.7306009749276944e-15,0.0,1.7602325079063024,348.71504997901974,2.9134814499752957,49894.40537463877,,0.5,0.0,0.05
B,1.5,2.0,0.5625,50,0.03,piston,3081.122525895728,3039.75,41.372525895727904,1.0136105028031015,88.35729338221293,3.1917790604042464,47.65266007286264,0.13910352484788485,False,none,136.94686937872558,73.11128817064065,63.835581208084925,6847.343468936279,0.038040797049646,6.956766139599551e-15,0.0,1.7602325079063024,348.71504997901974,2.9134814499752957,49894.40537463877,,1.0,0.0,0.05
B,1.5,2.0,0.5625,50,0.03,piston,3068.7179680644845,3039.75,28.967968064484467,1.009529720557442,88.35729338221293,3.1917790604042464,39.925839703973054,0.11648091144434339,False,none,115.0262062672895,51.19062505920458,63.835581208084925,5751.3103133644745,0.03195172396313597,1.9478945190878742e-15,0.0,1.7602325079063024,348.71504997901974,2.9134814499752957,49894.40537463877,,1.5,0.0,0.05
B,1.5,2.0,0.5625,50,0.03,piston,3061.158997835982,3039.75,21.408997835982063,1.0070430126938013,88.35729338221293,3.1917790604042464,34.350876901253656,0.1001810356229157,False,none,101.6684032643455,37.83282205626058,63.835581208084925,5083.420163217275,0.02824122312898486,1.1687367114527245e-14,1.2019916204247642e-16,1.7602325079063024,348.71504997901974,2.9134814499752957,49894.40537463877,,2.0,0.0,0.05
B,1.5,2.0,0.5625,50,0.03,piston,3052.8046975408556,3039.75,13.054697540855614,1.0042946615810036,88.35729338221293,3.1917790604042464,26.847559623576103,0.07826776854006876,False,none,86.90513602075359,23.069554812668663,63.835581208084925,4345.256801037679,0.02414031556132044,1.753105067179087e-14,0.0,1.7602325079063024,348.71504997901974,2.9134814499752957,49894.40537463877,,3.0,0.0,0.05
B,1.5,2.0,0.5625,50,0.03,piston,3048.5338749398043,3039.75,8.783874939804264,1.0028896701833387,88.35729338221293,3.1917790604042464,22.03230784361372,0.06421718601735503,False,none,79.35796950986399,15.522388301779065,63.835581208084925,3967.8984754931994,0.022043880419406664,3.979270231850943e-14,0.0,1.7602325079063024,348.71504997901974,2.9134814499752957,49894.40537463877,,4.0,0.0,0.05
B,1.5,2.0,0.5625,50,0.1,piston,10503.503015427299,10132.5,371.00301542729903,1.0366151507947001,88.35729338221293,10.63926353468082,77.59584442800238,0.22723844033724377,False,none,868.401716289527,655.6164455959106,212.7852706936164,43420.08581447635,0.24122269896931306,1.6696238735038925e-16,0.0,1.7602325079063021,1162.3834999300657,2.9134814499752957,166314.68458212924,,0.0,0.0,0.05
B,1.5,2.0,0.5625,50,0.1,piston,10460.184723134485,10132.5,327.68472313448547,1.0323399677408818,88.35729338221293,10.63926353468082,73.0225630584451,0.2137194299361703,False,none,791.8519750708755,579.066704377259,212.7852706936164,39592.598753543774,0.21995888196413207,5.008871620511677e-16,0.0,1.7602325079063021,1162.3834999300657,2.9134814499752957,166314.68458212924,,0.1,0.0,0.05
B,1.5,2.0,0.5625,50,0.1,piston,10408.168189484766,10132.5,275.6681894847661,1.0272063350095995,88.35729338221293,10.63926353468082,67.08426132221615,0.19619967493217777,False,none,699.9311725825953,487.1459018889789,212.7852706936164,34996.558629129766,0.19442532571738758,1.6696238735038924e-15,0.0,1.7602325079063021,1162.3834999300657,2.9134814499752957,166314.68458212924,,0.25,0.0,0.05
B,1.5,2.0,0.5625,50,0.1,piston,10345.376203527463,10132.5,212.87620352746308,1.0210092478191426,88.35729338221293,10.63926353468082,59.06605791626434,0.1725997641265964,False,none,588.968574076971,376.18330338335454,212.7852706936164,29448.42870384855,0.1636023816880475,4.841909233161288e-15,0.0,1.7602325079063021,1162.3834999300657,2.9134814499752957,166314.68458212924,,0.5,0.0,0.05
B,1.5,2.0,0.5625,50,0.1,piston,10270.408419652425,10132.5,137.90841965242544,1.0136105028031015,88.35729338221293,10.63926353468082,47.65266007286264,0.13910352484788485,False,none,456.48956459575027,243.70429390213388,212.7852706936164,22824.478229787514,0.12680265683215286,7.012420268716348e-15,0.0,1.7602325079063021,1162.3834999300657,2.9134814499752957,166314.68458212924,,1.0,0.0,0.05
B,1.5,2.0,0.5625,50,0.1,piston,10229.059893548281,10132.5,96.55989354828125,1.009529720557442,88.35729338221293,10.63926353468082,39.925839703973054,0.11648091144434339,False,none,383.42068755763114,170.63541686401473,212.7852706936164,19171.03437788156,0.10650574654378643,2.0035486482046707e-15,0.0,1.7602325079063021,1162.3834999300657,2.9134814499752957,166314.68458212924,,1.5,0.0,0.05
B,1.5,2.0,0.5625,50,0.1,piston,10203.863326119941,10132.5,71.36332611994112,1.0070430126938013,88.35729338221293,10.63926353468082,34.350876901253656,0.1001810356229157,False,none,338.8946775478199,126.10940685420354,212.7852706936164,16944.733877390998,0.09413741042994998,1.2021291889228025e-14,0.0,1.7602325079063021,1162.3834999300657,2.9134814499752957,166314.68458212924,,2.0,0.0,0.05
B,1.5,2.0,0.5625,50,0.1,piston,10176.015658469518,10132.5,43.5156584695178,1.0042946615810036,88.35729338221293,10.63926353468082,26.847559623576103,0.07826776854006876,False,none,289.6837867358437,76.89851604222727,212.7852706936164,14484.189336792184,0.08046771853773435,1.769801305914126e-14,1.1827207449276364e-16,1.7602325079063021,1162.3834999300657,2.9134814499752957,166314.68458212924,,3.0,0.0,0.05
B,1.5,2.0,0.5625,50,0.1,piston,10161.779583132678,10132.5,29.279583132678454,1.0028896701833385,88.35729338221293,10.63926353468082,22.03230784361372,0.06421718601735503,False,none,264.5265650328757,51.74129433925927,212.7852706936164,13226.328251643785,0.07347960139802102,3.973704818939264e-14,0.0,1.7602325079063021,1162.3834999300657,2.9134814499752957,166314.68458212924,,4.0,0.0,0.05
B,1.5,2.0,0.5625,100,0.001,piston,116.28346286955978,101.325,14.958462869559781,1.1476285504027612,176.71458676442586,0.2127852706936164,150.74555628613578,0.44791935097141067,False,none,34.9451966739973,26.433785846252647,8.511410827744657,3494.51966739973,0.009706999076110362,0.0,1.7203262276974633e-16,0.9140188081938595,23.24766999860131,2.9134814499752957,3326.2936916425847,kantrowitz_limit;nonlinear_acoustic_pulse;low_reynolds_or_rarefaction_check,0.0,1.115015297710108,0.05
B,1.5,2.0,0.5625,100,0.001,piston,114.52457354983234,101.325,13.199573549832337,1.1302696624705881,176.71458676442586,0.2127852706936164,142.31200764956293,0.42194052746285327,False,none,31.83698268099733,23.325571853252672,8.511410827744657,3183.698268099733,0.008843606300277036,5.217574604699663e-16,0.0,0.9140188081938595,23.24766999860131,2.9134814499752957,3326.2936916425847,kantrowitz_limit;nonlinear_acoustic_pulse;low_reynolds_or_rarefaction_check,0.1,1.115015297710108,0.05
B,1.5,2.0,0.5625,100,0.001,piston,112.41684464556306,101.325,11.091844645563057,1.1094679955150561,176.71458676442586,0.2127852706936164,131.24762979922468,0.38810451482446184,False,none,28.112318257703507,19.600907429958852,8.511410827744657,2811.2318257703505,0.007808977293806529,1.9565904767623737e-15,0.0,0.9140188081938595,23.24766999860131,2.9134814499752957,3326.2936916425847,kantrowitz_limit;nonlinear_acoustic_pulse;low_reynolds_or_rarefaction_check,0.25,1.115015297710108,0.05
B,1.5,2.0,0.5625,100,0.001,piston,109.87878207211017,101.325,8.553782072110167,1.0844192654538383,176.71458676442586,0.2127852706936164,116.11585919138143,0.34224094963195284,False,none,23.62719146920368,15.115780641459025,8.511410827744657,2362.719146920368,0.0065631087414454664,1.3043936511749158e-16,0.0,0.9140188081938595,23.24766999860131,2.9134814499752957,3326.2936916425847,kantrowitz_limit;nonlinear_acoustic_pulse;low_reynolds_or_rarefaction_check,0.5,1.115015297710108,0.05
B,1.5,2.0,0.5625,100,0.001,piston,106.85753948821957,101.325,5.5325394882195695,1.05460191944949,176.71458676442586,0.2127852706936164,94.23188343720936,0.2766358712582977,False,none,18.28821512193055,9.776804294185894,8.511410827744657,1828.8215121930548,0.005080059756091819,3.652302223289765e-15,0.0,0.9140188081938595,23.24766999860131,2.9134814499752957,3326.2936916425847,kantrowitz_limit;nonlinear_acoustic_pulse;low_reynolds_or_rarefaction_check,1.0,1.115015297710108,0.05
B,1.5,2.0,0.5625,100,0.001,piston,105.19532333494801,101.325,3.8703233349480115,1.038197121489741,176.71458676442586,0.2127852706936164,79.21539014981555,0.23203180125525502,False,none,15.350836715545181,6.839425887800524,8.511410827744657,1535.083671554518,0.0042641213098736615,3.130544762819798e-15,0.0,0.9140188081938595,23.24766999860131,2.9134814499752957,3326.2936916425847,kantrowitz_limit;nonlinear_acoustic_pulse;low_reynolds_or_rarefaction_check,1.5,1.115015297710108,0.05
B,1.5,2.0,0.5625,100,0.001,piston,104.18385768255536,101.325,2.858857682555353,1.028214731631437,176.71458676442586,0.2127852706936164,68.29456862929344,0.19976743061073257,False,none,13.563429367655392,5.052018539910734,8.511410827744657,1356.3429367655392,0.003767619268793164,5.73933206516963e-15,1.1251625149778726e-16,0.9140188081938595,23.24766999860131,2.9134814499752957,3326.2936916425847,kantrowitz_limit;nonlinear_acoustic_pulse;low_reynolds_or_rarefaction_check,2.0,1.115015297710108,0.05
B,1.5,2.0,0.5625,100,0.001,piston,103.06723202833817,101.325,1.7422320283381652,1.0171944932478476,176.71458676442586,0.2127852706936164,53.49967464046474,0.15625039089318937,False,none,11.59018895709992,3.0787781293552636,8.511410827744657,1159.018895709992,0.0032194969325277556,2.7392266674673234e-15,1.8462979946109913e-16,0.9140188081938595,23.24766999860131,2.9134814499752957,3326.2936916425847,kantrowitz_limit;nonlinear_acoustic_pulse;low_reynolds_or_rarefaction_check,3.0,1.115015297710108,0.05
B,1.5,2.0,0.5625,100,0.001,piston,102.4969097138011,101.325,1.1719097138010994,1.011565849630408,176.71458676442586,0.2127852706936164,43.95630005281101,0.12827642205875106,False,none,10.582346235740435,2.0709354079957785,8.511410827744657,1058.2346235740436,0.0029395406210390097,1.6565799369921432e-14,0.0,0.9140188081938595,23.24766999860131,2.9134814499752957,3326.2936916425847,kantrowitz_limit;nonlinear_acoustic_pulse;low_reynolds_or_rarefaction_check,4.0,1.115015297710108,0.05
B,1.5,2.0,0.5625,100,0.003,piston,348.8503886086794,303.975,44.87538860867937,1.1476285504027612,176.71458676442586,0.6383558120808492,150.74555628613578,0.44791935097141067,False,none,104.83559002199195,79.30135753875798,25.53423248323397,10483.559002199196,0.029120997228331096,1.739191534899888e-15,1.1468841517983081e-16,0.9140188081938596,69.74300999580394,2.9134814499752957,9978.881074927755,kantrowitz_limit;nonlinear_acoustic_pulse;low_reynolds_or_rarefaction_check,0.0,1.1150152977101082,0.05
B,1.5,2.0,0.5625,100,0.003,piston,343.57372064949715,303.975,39.598720649497125,1.1302696624705884,176.71458676442586,0.6383558120808492,142.31200764956333,0.42194052746285454,False,none,95.5109480429922,69.97671555975822,25.53423248323397,9551.09480429922,0.026530818900831164,8.69595767449944e-16,1.2997104744023667e-16,0.9140188081938596,69.74300999580394,2.9134814499752957,9978.881074927755,kantrowitz_limit;nonlinear_acoustic_pulse;low_reynolds_or_rarefaction_check,0.1,1.1150152977101082,0.05
B,1.5,2.0,0.5625,100,0.003,piston,337.2505339366892,303.975,33.27553393668916,1.109467995515056,176.71458676442586,0.6383558120808492,131.24762979922468,0.38810451482446184,False,none,84.3369547731105,58.802722289876534,25.53423248323397,8433.69547731105,0.023426931881419585,1.9131106883898764e-15,0.0,0.9140188081938596,69.74300999580394,2.9134814499752957,9978.881074927755,kantrowitz_limit;nonlinear_acoustic_pulse;low_reynolds_or_rarefaction_check,0.25,1.1150152977101082,0.05
B,1.5,2.0,0.5625,100,0.003,piston,329.6363462163305,303.975,25.661346216330458,1.0844192654538383,176.71458676442586,0.6383558120808492,116.11585919138143,0.34224094963195284,False,none,70.88157440761097,45.347341924377,25.53423248323397,7088.157440761097,0.01968932622433638,0.0,0.0,0.9140188081938596,69.74300999580394,2.9134814499752957,9978.881074927755,kantrowitz_limit;nonlinear_acoustic_pulse;low_reynolds_or_rarefaction_check,0.5,1.1150152977101082,0.05
B,1.5,2.0,0.5625,100,0.003,piston,320.5726184646588,303.975,16.59761846465875,1.05460191944949,176.71458676442586,0.6383558120808492,94.23188343720936,0.2766358712582977,False,none,54.86464536579173,29.330412882557756,25.53423248323397,5486.464536579173,0.015240179268275481,0.0,0.0,0.9140188081938596,69.74300999580394,2.9134814499752957,9978.881074927755,kantrowitz_limit;nonlinear_acoustic_pulse;low_reynolds_or_rarefaction_check,1.0,1.1150152977101082,0.05
B,1.5,2.0,0.5625,100,0.003,piston,315.58597000484406,303.975,11.610970004844035,1.038197121489741,176.71458676442586,0.6383558120808492,79.21539014981555,0.23203180125525502,False,none,46.05251014663554,20.518277663401573,25.53423248323397,4605.251014663554,0.012792363929620984,3.304463916309787e-15,0.0,0.9140188081938596,69.74300999580394,2.9134814499752957,9978.881074927755,kantrowitz_limit;nonlinear_acoustic_pulse;low_reynolds_or_rarefaction_check,1.5,1.1150152977101082,0.05
B,1.5,2.0,0.5625,100,0.003,piston,312.55157304766607,303.975,8.576573047666045,1.028214731631437,176.71458676442586,0.6383558120808492,68.29456862929344,0.19976743061073257,False,none,40.69028810296615,15.156055619732177,25.53423248323397,4069.028810296615,0.011302857806379487,5.73933206516963e-15,0.0,0.9140188081938596,69.74300999580394,2.9134814499752957,9978.881074927755,kantrowitz_limit;nonlinear_acoustic_pulse;low_reynolds_or_rarefaction_check,2.0,1.1150152977101082,0.05
B,1.5,2.0,0.5625,100,0.003,piston,309.20169608501453,303.975,5.22669608501451,1.0171944932478476,176.71458676442586,0.6383558120808492,53.49967464046474,0.15625039089318937,False,none,34.770566871299785,9.236334388065815,25.53423248323397,3477.0566871299784,0.009658490797583274,2.7827064558398206e-15,0.0,0.9140188081938596,69.74300999580394,2.9134814499752957,9978.881074927755,kantrowitz_limit;nonlinear_acoustic_pulse;low_reynolds_or_rarefaction_check,3.0,1.1150152977101082,0.05
B,1.5,2.0,0.5625,100,0.003,piston,307.49072914140334,303.975,3.5157291414033125,1.011565849630408,176.71458676442586,0.6383558120808492,43.95630005281101,0.12827642205875106,False,none,31.747038707221332,6.212806223987361,25.53423248323397,3174.703870722133,0.008818621863117037,1.6522319581548935e-14,0.0,0.9140188081938596,69.74300999580394,2.9134814499752957,9978.881074927755,kantrowitz_limit;nonlinear_acoustic_pulse;low_reynolds_or_rarefaction_check,4.0,1.1150152977101082,0.05
B,1.5,2.0,0.5625,100,0.01,piston,1162.834628695598,1013.25,149.58462869559798,1.1476285504027615,176.71458676442586,2.127852706936164,150.74555628613578,0.44791935097141067,False,none,349.45196673997333,264.33785846252675,85.11410827744658,34945.196673997336,0.0970699907611037,1.6696238735038924e-15,0.0,0.9140188081938597,232.4766999860131,2.9134814499752957,33262.936916425846,kantrowitz_limit;nonlinear_acoustic_pulse,0.0,1.1150152977101202,0.05
B,1.5,2.0,0.5625,100,0.01,piston,1145.2457354983237,1013.25,131.9957354983237,1.1302696624705884,176.71458676442586,2.127852706936164,142.31200764956333,0.42194052746285454,False,none,318.3698268099739,233.2557185325273,85.11410827744658,31836.982680997393,0.08843606300277053,8.348119367519462e-16,0.0,0.9140188081938597,232.4766999860131,2.9134814499752957,33262.936916425846,kantrowitz_limit;nonlinear_acoustic_pulse,0.1,1.1150152977101202,0.05
B,1.5,2.0,0.5625,100,0.01,piston,1124.1684464556306,1013.25,110.9184464556306,1.1094679955150561,176.71458676442586,2.127852706936164,131.24762979922468,0.38810451482446184,False,none,281.12318257703515,196.00907429958858,85.11410827744658,28112.318257703515,0.07808977293806532,1.878326857691879e-15,0.0,0.9140188081938597,232.4766999860131,2.9134814499752957,33262.936916425846,kantrowitz_limit;nonlinear_acoustic_pulse,0.25,1.1150152977101202,0.05
B,1.5,2.0,0.5625,100,0.01,piston,1098.7878207211018,1013.25,85.53782072110175,1.0844192654538385,176.71458676442586,2.127852706936164,116.11585919138143,0.34224094963195284,False,none,236.27191469203697,151.1578064145904,85.11410827744658,23627.1914692037,0.06563108741445471,0.0,0.0,0.9140188081938597,232.4766999860131,2.9134814499752957,33262.936916425846,kantrowitz_limit;nonlinear_acoustic_pulse,0.5,1.1150152977101202,0.05
B,1.5,2.0,0.5625,100,0.01,piston,1068.5753948821957,1013.25,55.325394882195724,1.05460191944949,176.71458676442586,2.127852706936164,94.23188343720936,0.2766358712582977,False,none,182.88215121930557,97.768042941859,85.11410827744658,18288.215121930556,0.05080059756091821,3.547950731195771e-15,0.0,0.9140188081938597,232.4766999860131,2.9134814499752957,33262.936916425846,kantrowitz_limit;nonlinear_acoustic_pulse,1.0,1.1150152977101202,0.05
B,1.5,2.0,0.5625,100,0.01,piston,1051.9532333494801,1013.25,38.703233349480115,1.038197121489741,176.71458676442586,2.127852706936164,79.21539014981555,0.23203180125525502,False,none,153.50836715545182,68.39425887800525,85.11410827744658,15350.836715545182,0.04264121309873662,3.130544762819798e-15,1.329782231276448e-16,0.9140188081938597,232.4766999860131,2.9134814499752957,33262.936916425846,kantrowitz_limit;nonlinear_acoustic_pulse,1.5,1.1150152977101202,0.05
B,1.5,2.0,0.5625,100,0.01,piston,1041.8385768255534,1013.25,28.588576825553446,1.028214731631437,176.71458676442586,2.127852706936164,68.29456862929344,0.19976743061073257,False,none,135.63429367655377,50.52018539910719,85.11410827744658,13563.429367655377,0.037676192687931605,5.634980573075637e-15,1.8002600239646018e-16,0.9140188081938597,232.4766999860131,2.9134814499752957,33262.936916425846,kantrowitz_limit;nonlinear_acoustic_pulse,2.0,1.1150152977101202,0.05
B,1.5,2.0,0.5625,100,0.01,piston,1030.6723202833816,1013.25,17.422320283381623,1.0171944932478476,176.71458676442586,2.127852706936164,53.49967464046474,0.15625039089318937,False,none,115.90188957099916,30.787781293552584,85.11410827744658,11590.188957099916,0.032194969325277545,2.713138794443825e-15,0.0,0.9140188081938597,232.4766999860131,2.9134814499752957,33262.936916425846,kantrowitz_limit;nonlinear_acoustic_pulse,3.0,1.1150152977101202,0.05
B,1.5,2.0,0.5625,100,0.01,piston,1024.9690971380107,1013.25,11.719097138010738,1.0115658496304079,176.71458676442586,2.127852706936164,43.95630005281101,0.12827642205875106,False,none,105.82346235740391,20.709354079957336,85.11410827744658,10582.346235740391,0.029395406210389975,1.6070129782474963e-14,2.195854825460597e-16,0.9140188081938597,232.4766999860131,2.9134814499752957,33262.936916425846,kantrowitz_limit;nonlinear_acoustic_pulse,4.0,1.1150152977101202,0.05
B,1.5,2.0,0.5625,100,0.03,piston,3488.503886086794,3039.75,448.75388608679395,1.1476285504027615,176.71458676442586,6.383558120808493,150.74555628613578,0.44791935097141067,False,none,1048.35590021992,793.0135753875803,255.3423248323397,104835.59002199199,0.2912099722833111,1.808759196295883e-15,0.0,0.9140188081938596,697.4300999580395,2.9134814499752957,99788.81074927755,kantrowitz_limit;nonlinear_acoustic_pulse,0.0,1.1150152977101084,0.05
B,1.5,2.0,0.5625,100,0.03,piston,3435.737206494971,3039.75,395.9872064949709,1.1302696624705884,176.71458676442586,6.383558120808493,142.31200764956333,0.42194052746285454,False,none,955.1094804299213,699.7671555975816,255.3423248323397,95510.94804299212,0.2653081890083115,6.95676613959955e-16,0.0,0.9140188081938596,697.4300999580395,2.9134814499752957,99788.81074927755,kantrowitz_limit;nonlinear_acoustic_pulse,0.1,1.1150152977101084,0.05
B,1.5,2.0,0.5625,100,0.03,piston,3372.5053393668913,3039.75,332.75533936689135,1.109467995515056,176.71458676442586,6.383558120808493,131.24762979922468,0.38810451482446184,False,none,843.3695477311047,588.027222898765,255.3423248323397,84336.95477311047,0.23426931881419574,1.808759196295883e-15,0.0,0.9140188081938596,697.4300999580395,2.9134814499752957,99788.81074927755,kantrowitz_limit;nonlinear_acoustic_pulse,0.25,1.1150152977101084,0.05
B,1.5,2.0,0.5625,100,0.03,piston,3296.363462163305,3039.75,256.61346216330503,1.0844192654538383,176.71458676442586,6.383558120808493,116.11585919138143,0.34224094963195284,False,none,708.8157440761105,453.4734192437708,255.3423248323397,70881.57440761104,0.19689326224336404,0.0,1.6044948403628785e-16,0.9140188081938596,697.4300999580395,2.9134814499752957,99788.81074927755,kantrowitz_limit;nonlinear_acoustic_pulse,0.5,1.1150152977101084,0.05
B,1.5,2.0,0.5625,100,0.03,piston,3205.726184646587,3039.75,165.97618464658717,1.05460191944949,176.71458676442586,6.383558120808493,94.23188343720936,0.2766358712582977,False,none,548.6464536579167,293.304128825577,255.3423248323397,54864.64536579167,0.15240179268275464,3.4783830697997754e-15,1.240343537494202e-16,0.9140188081938596,697.4300999580395,2.9134814499752957,99788.81074927755,kantrowitz_limit;nonlinear_acoustic_pulse,1.0,1.1150152977101084,0.05
B,1.5,2.0,0.5625,100,0.03,piston,3155.8597000484406,3039.75,116.10970004844057,1.0381971214897412,176.71458676442586,6.383558120808493,79.21539014981555,0.23203180125525502,False,none,460.52510146635586,205.18277663401614,255.3423248323397,46052.510146635585,0.12792363929620995,3.0609771014238024e-15,0.0,0.9140188081938596,697.4300999580395,2.9134814499752957,99788.81074927755,kantrowitz_limit;nonlinear_acoustic_pulse,1.5,1.1150152977101084,0.05
B,1.5,2.0,0.5625,100,0.03,piston,3125.5157304766603,3039.75,85.76573047666034,1.028214731631437,176.71458676442586,6.383558120808493,68.29456862929344,0.19976743061073257,False,none,406.9028810296613,151.56055619732157,255.3423248323397,40690.28810296613,0.1130285780637948,5.7045482344716315e-15,0.0,0.9140188081938596,697.4300999580395,2.9134814499752957,99788.81074927755,kantrowitz_limit;nonlinear_acoustic_pulse,2.0,1.1150152977101084,0.05
B,1.5,2.0,0.5625,100,0.03,piston,3092.016960850145,3039.75,52.2669608501451,1.0171944932478476,176.71458676442586,6.383558120808493,53.49967464046474,0.15625039089318937,False,none,347.70566871299786,92.36334388065815,255.3423248323397,34770.56687129979,0.09658490797583275,2.6435711330478295e-15,0.0,0.9140188081938596,697.4300999580395,2.9134814499752957,99788.81074927755,kantrowitz_limit;nonlinear_acoustic_pulse,3.0,1.1150152977101084,0.05
B,1.5,2.0,0.5625,100,0.03,piston,3074.9072914140324,3039.75,35.15729141403244,1.0115658496304079,176.71458676442586,6.383558120808493,43.95630005281101,0.12827642205875106,False,none,317.47038707221213,62.128062239872406,255.3423248323397,31747.038707221214,0.08818621863117004,1.627883276666295e-14,0.0,0.9140188081938596,697.4300999580395,2.9134814499752957,99788.81074927755,kantrowitz_limit;nonlinear_acoustic_pulse,4.0,1.1150152977101084,0.05
B,1.5,2.0,0.5625,100,0.1,piston,11628.346286955979,10132.5,1495.846286955979,1.1476285504027612,176.71458676442586,21.27852706936164,150.74555628613578,0.44791935097141067,False,none,3494.519667399732,2643.3785846252663,851.1410827744656,349451.9667399732,0.9706999076110366,1.6696238735038924e-15,2.202017571452752e-16,0.9140188081938597,2324.7669998601314,2.9134814499752957,332629.3691642585,kantrowitz_limit;nonlinear_acoustic_pulse,0.0,1.1150152977101084,0.05
B,1.5,2.0,0.5625,100,0.1,piston,11452.457354983237,10132.5,1319.9573549832367,1.1302696624705884,176.71458676442586,21.27852706936164,142.31200764956333,0.42194052746285454,False,none,3183.698268099738,2332.5571853252723,851.1410827744656,318369.8268099738,0.884360630027705,8.348119367519462e-16,1.2477220554262727e-16,0.9140188081938597,2324.7669998601314,2.9134814499752957,332629.3691642585,kantrowitz_limit;nonlinear_acoustic_pulse,0.1,1.1150152977101084,0.05
B,1.5,2.0,0.5625,100,0.1,piston,11241.684464556305,10132.5,1109.184464556305,1.109467995515056,176.71458676442586,21.27852706936164,131.24762979922468,0.38810451482446184,False,none,2811.23182577035,1960.0907429958843,851.1410827744656,281123.182577035,0.7808977293806528,2.0035486482046707e-15,0.0,0.9140188081938597,2324.7669998601314,2.9134814499752957,332629.3691642585,kantrowitz_limit;nonlinear_acoustic_pulse,0.25,1.1150152977101084,0.05
B,1.5,2.0,0.5625,100,0.1,piston,10987.878207211017,10132.5,855.3782072110171,1.0844192654538383,176.71458676442586,21.27852706936164,116.11585919138143,0.34224094963195284,False,none,2362.719146920369,1511.5780641459032,851.1410827744656,236271.9146920369,0.6563108741445469,0.0,1.9253938084354534e-16,0.9140188081938597,2324.7669998601314,2.9134814499752957,332629.3691642585,kantrowitz_limit;nonlinear_acoustic_pulse,0.5,1.1150152977101084,0.05
B,1.5,2.0,0.5625,100,0.1,piston,10685.753948821957,10132.5,553.2539488219572,1.05460191944949,176.71458676442586,21.27852706936164,94.23188343720936,0.2766358712582977,False,none,1828.8215121930557,977.6804294185899,851.1410827744656,182882.15121930558,0.5080059756091821,3.506210134358174e-15,0.0,0.9140188081938597,2324.7669998601314,2.9134814499752957,332629.3691642585,kantrowitz_limit;nonlinear_acoustic_pulse,1.0,1.1150152977101084,0.05
B,1.5,2.0,0.5625,100,0.1,piston,10519.5323334948,10132.5,387.0323334948007,1.038197121489741,176.71458676442586,21.27852706936164,79.21539014981555,0.23203180125525502,False,none,1535.0836715545174,683.9425887800517,851.1410827744656,153508.36715545174,0.42641213098736597,3.1722853596573955e-15,2.1276515700423195e-16,0.9140188081938597,2324.7669998601314,2.9134814499752957,332629.3691642585,kantrowitz_limit;nonlinear_acoustic_pulse,1.5,1.1150152977101084,0.05
B,1.5,2.0,0.5625,100,0.1,piston,10418.385768255537,10132.5,285.8857682555372,1.0282147316314372,176.71458676442586,21.27852706936164,68.29456862929344,0.19976743061073257,False,none,1356.3429367655424,505.2018539910767,851.1410827744656,135634.29367655423,0.3767619268793173,6.010645944614013e-15,0.0,0.9140188081938597,2324.7669998601314,2.9134814499752957,332629.3691642585,kantrowitz_limit;nonlinear_acoustic_pulse,2.0,1.1150152977101084,0.05
B,1.5,2.0,0.5625,100,0.1,piston,10306.723202833817,10132.5,174.22320283381669,1.0171944932478476,176.71458676442586,21.27852706936164,53.49967464046474,0.15625039089318937,False,none,1159.0188957099922,307.87781293552666,851.1410827744656,115901.88957099922,0.3219496932527756,2.671398197606228e-15,1.1816307165510332e-16,0.9140188081938597,2324.7669998601314,2.9134814499752957,332629.3691642585,kantrowitz_limit;nonlinear_acoustic_pulse,3.0,1.1150152977101084,0.05
B,1.5,2.0,0.5625,100,0.1,piston,10249.69097138011,10132.5,117.19097138011057,1.011565849630408,176.71458676442586,21.27852706936164,43.95630005281101,0.12827642205875106,False,none,1058.2346235740447,207.09354079957896,851.1410827744656,105823.46235740447,0.2939540621039013,1.6529276347688536e-14,0.0,0.9140188081938597,2324.7669998601314,2.9134814499752957,332629.3691642585,kantrowitz_limit;nonlinear_acoustic_pulse,4.0,1.1150152977101084,0.05
B,1.5,2.0,0.5625,150,0.001,piston,135.43502403771652,101.325,34.110024037716514,1.336639763510649,265.0718801466388,0.3191779060404246,216.47999461746625,0.6574036024036164,False,none,79.42806238592254,60.27738802349707,19.150674362425477,11914.209357888381,0.022063350662756262,1.3913532279199103e-15,0.0,0.6482924587051061,34.871504997901965,2.9134814499752957,4989.440537463877,kantrowitz_limit;nonlinear_acoustic_pulse;low_reynolds_or_rarefaction_check,0.0,2.4551940330063693,0.05
B,1.5,2.0,0.5625,150,0.001,piston,131.37692565039944,101.325,30.05192565039944,1.2965894463399896,265.0718801466388,0.3191779060404246,205.25720048386623,0.62061933105836,False,none,72.25681059028135,53.10613622785587,19.150674362425477,10838.521588542202,0.020071336275078153,0.0,1.1417320939720572e-16,0.6482924587051061,34.871504997901965,2.9134814499752957,4989.440537463877,kantrowitz_limit;nonlinear_acoustic_pulse;low_reynolds_or_rarefaction_check,0.1,2.4551940330063693,0.05
B,1.5,2.0,0.5625,150,0.001,piston,126.53051628488699,101.325,25.205516284886983,1.2487591047114432,265.0718801466388,0.3191779060404246,190.33003674746487,0.5724034669767637,False,none,63.69249830710358,44.5418239446781,19.150674362425477,9553.874746065536,0.017692360640862104,5.217574604699663e-16,0.0,0.6482924587051061,34.871504997901965,2.9134814499752957,4989.440537463877,kantrowitz_limit;nonlinear_acoustic_pulse;low_reynolds_or_rarefaction_check,0.25,2.4551940330063693,0.05
B,1.5,2.0,0.5625,150,0.001,piston,120.71865722817849,101.325,19.393657228178483,1.1914005154520453,265.0718801466388,0.3191779060404246,169.55412252529945,0.506507649449415,False,none,53.42209559171029,34.27142122928481,19.150674362425477,8013.314338756543,0.014839470997697302,5.217574604699663e-16,1.7691994654246942e-16,0.6482924587051061,34.871504997901965,2.9134814499752957,4989.440537463877,kantrowitz_limit;nonlinear_acoustic_pulse;low_reynolds_or_rarefaction_check,0.5,2.4551940330063693,0.05
B,1.5,2.0,0.5625,150,0.001,piston,113.83471378016651,101.325,12.509713780166507,1.1234612758960425,265.0718801466388,0.3191779060404246,138.8163713356238,0.41122123384978904,False,none,41.257163374459154,22.10648901203368,19.150674362425477,6188.574506168873,0.011460323159571987,6.956766139599551e-16,1.3713842140465999e-16,0.6482924587051061,34.871504997901965,2.9134814499752957,4989.440537463877,kantrowitz_limit;nonlinear_acoustic_pulse;low_reynolds_or_rarefaction_check,1.0,2.4551940330063693,0.05
B,1.5,2.0,0.5625,150,0.001,piston,110.06322853205019,101.325,8.738228532050186,1.0862396104816203,265.0718801466388,0.3191779060404246,117.29722412697846,0.3458057620336295,False,none,34.59239880336912,15.441724440943643,19.150674362425477,5188.859820505369,0.009608999667602534,3.4783830697997757e-16,0.0,0.6482924587051061,34.871504997901965,2.9134814499752957,4989.440537463877,kantrowitz_limit;nonlinear_acoustic_pulse;low_reynolds_or_rarefaction_check,1.5,2.4551940330063693,0.05
B,1.5,2.0,0.5625,150,0.001,piston,107.77376207235329,101.325,6.44876207235329,1.0636443333072123,265.0718801466388,0.3191779060404246,101.45508586671535,0.2982044648344824,False,none,30.54657761000562,11.395903247580142,19.150674362425477,4581.986641500843,0.008485160447223783,2.6087873023498317e-15,1.330148624486398e-16,0.6482924587051061,34.871504997901965,2.9134814499752957,4989.440537463877,kantrowitz_limit;nonlinear_acoustic_pulse;low_reynolds_or_rarefaction_check,2.0,2.4551940330063693,0.05
B,1.5,2.0,0.5625,150,0.001,piston,105.25107073347401,101.325,3.926070733474006,1.038747305536383,265.0718801466388,0.3191779060404246,79.7702055952323,0.23367461040610454,False,none,26.08861403516313,6.937939672737653,19.150674362425477,3913.2921052744696,0.007246837231989758,2.0870298418798653e-15,2.184833789938027e-16,0.6482924587051061,34.871504997901965,2.9134814499752957,4989.440537463877,kantrowitz_limit;nonlinear_acoustic_pulse;low_reynolds_or_rarefaction_check,3.0,2.4551940330063693,0.05
B,1.5,2.0,0.5625,150,0.001,piston,103.96452934746992,101.325,2.6395293474699173,1.026050129261978,265.0718801466388,0.3191779060404246,65.66716515958905,0.19202423203967492,False,none,23.81510774133269,4.664433378907211,19.150674362425477,3572.2661611999033,0.006615307705925747,4.174059683759731e-15,0.0,0.6482924587051061,34.871504997901965,2.9134814499752957,4989.440537463877,kantrowitz_limit;nonlinear_acoustic_pulse;low_reynolds_or_rarefaction_check,4.0,2.4551940330063693,0.05
B,1.5,2.0,0.5625,150,0.003,piston,406.30507211314944,303.975,102.33007211314941,1.3366397635106486,265.0718801466388,0.957533718121274,216.47999461746625,0.6574036024036164,False,none,238.2841871577674,180.83216407049096,57.45202308727643,35742.62807366511,0.06619005198826873,9.275688186132735e-16,1.341199015780392e-16,0.648292458705106,104.61451499370591,2.9134814499752957,14968.321612391634,kantrowitz_limit;nonlinear_acoustic_pulse,0.0,2.4551940330063693,0.05
B,1.5,2.0,0.5625,150,0.003,piston,394.1307769511983,303.975,90.15577695119828,1.2965894463399894,265.0718801466388,0.957533718121274,205.25720048386623,0.62061933105836,False,none,216.77043177084397,159.31840868356753,57.45202308727643,32515.564765626594,0.060214008825234436,0.0,1.5223094586294105e-16,0.648292458705106,104.61451499370591,2.9134814499752957,14968.321612391634,kantrowitz_limit;nonlinear_acoustic_pulse,0.1,2.4551940330063693,0.05
B,1.5,2.0,0.5625,150,0.003,piston,379.59154885466097,303.975,75.61654885466095,1.2487591047114432,265.0718801466388,0.957533718121274,190.33003674746487,0.5724034669767637,False,none,191.07749492131074,133.6254718340343,57.45202308727643,28661.62423819661,0.05307708192258632,3.478383069799775e-16,0.0,0.648292458705106,104.61451499370591,2.9134814499752957,14968.321612391634,kantrowitz_limit;nonlinear_acoustic_pulse,0.25,2.4551940330063693,0.05
B,1.5,2.0,0.5625,150,0.003,piston,362.15597168453536,303.975,58.180971684535336,1.1914005154520448,265.0718801466388,0.957533718121274,169.55412252529945,0.506507649449415,False,none,160.26628677513065,102.81426368785424,57.45202308727643,24039.943016269597,0.044518412993091845,2.3189220465331837e-16,2.3589326205662633e-16,0.648292458705106,104.61451499370591,2.9134814499752957,14968.321612391634,kantrowitz_limit;nonlinear_acoustic_pulse,0.5,2.4551940330063693,0.05
B,1.5,2.0,0.5625,150,0.003,piston,341.50414134049953,303.975,37.52914134049951,1.1234612758960425,265.0718801466388,0.957533718121274,138.8163713356238,0.41122123384978904,False,none,123.77149012337745,66.31946703610102,57.45202308727643,18565.723518506617,0.03438096947871596,5.797305116332958e-16,1.828512285395467e-16,0.648292458705106,104.61451499370591,2.9134814499752957,14968.321612391634,kantrowitz_limit;nonlinear_acoustic_pulse,1.0,2.4551940330063693,0.05
B,1.5,2.0,0.5625,150,0.003,piston,330.1896855961506,303.975,26.21468559615056,1.0862396104816203,265.0718801466388,0.957533718121274,117.29722412697846,0.3458057620336295,False,none,103.77719641010736,46.32517332283093,57.45202308727643,15566.579461516105,0.0288269990028076,2.3189220465331837e-16,1.3088559797856777e-16,0.648292458705106,104.61451499370591,2.9134814499752957,14968.321612391634,kantrowitz_limit;nonlinear_acoustic_pulse,1.5,2.4551940330063693,0.05
B,1.5,2.0,0.5625,150,0.003,piston,323.32128621705994,303.975,19.346286217059912,1.0636443333072125,265.0718801466388,0.957533718121274,101.45508586671596,0.2982044648344842,False,none,91.63973283001692,34.1877097427405,57.45202308727643,13745.959924502538,0.025455481341671367,2.666760353513161e-15,0.0,0.648292458705106,104.61451499370591,2.9134814499752957,14968.321612391634,kantrowitz_limit;nonlinear_acoustic_pulse,2.0,2.4551940330063693,0.05
B,1.5,2.0,0.5625,150,0.003,piston,315.75321220042207,303.975,11.778212200422047,1.0387473055363832,265.0718801466388,0.957533718121274,79.7702055952323,0.23367461040610454,False,none,78.26584210548944,20.81381901821301,57.45202308727643,11739.876315823416,0.02174051169596929,2.2029759442065244e-15,1.456555859958681e-16,0.648292458705106,104.61451499370591,2.9134814499752957,14968.321612391634,kantrowitz_limit;nonlinear_acoustic_pulse,3.0,2.4551940330063693,0.05
B,1.5,2.0,0.5625,150,0.003,piston,311.89358804240976,303.975,7.918588042409738,1.026050129261978,265.0718801466388,0.957533718121274,65.66716515958905,0.19202423203967492,False,none,71.44532322399803,13.993300136721608,57.45202308727643,10716.798483599705,0.01984592311777723,4.058113581433071e-15,0.0,0.648292458705106,104.61451499370591,2.9134814499752957,14968.321612391634,kantrowitz_limit;nonlinear_acoustic_pulse,4.0,2.4551940330063693,0.05
B,1.5,2.0,0.5625,150,0.01,piston,1354.3502403771652,1013.25,341.10024037716516,1.336639763510649,265.0718801466388,3.1917790604042464,216.47999461746625,0.6574036024036164,False,none,794.2806238592256,602.7738802349708,191.5067436242548,119142.09357888384,0.22063350662756265,1.2522179051279192e-15,0.0,0.6482924587051061,348.7150499790197,2.9134814499752957,49894.40537463877,kantrowitz_limit;nonlinear_acoustic_pulse,0.0,2.455194033006387,0.05
B,1.5,2.0,0.5625,150,0.01,piston,1313.7692565039943,1013.25,300.51925650399426,1.2965894463399894,265.0718801466388,3.1917790604042464,205.25720048386623,0.62061933105836,False,none,722.5681059028133,531.0613622785585,191.5067436242548,108385.21588542199,0.20071336275078147,0.0,0.0,0.6482924587051061,348.7150499790197,2.9134814499752957,49894.40537463877,kantrowitz_limit;nonlinear_acoustic_pulse,0.1,2.455194033006387,0.05
B,1.5,2.0,0.5625,150,0.01,piston,1265.30516284887,1013.25,252.05516284886994,1.2487591047114432,265.0718801466388,3.1917790604042464,190.33003674746487,0.5724034669767637,False,none,636.924983071036,445.4182394467812,191.5067436242548,95538.7474606554,0.1769236064086211,5.56541291167964e-16,2.1780151686110617e-16,0.6482924587051061,348.7150499790197,2.9134814499752957,49894.40537463877,kantrowitz_limit;nonlinear_acoustic_pulse,0.25,2.455194033006387,0.05
B,1.5,2.0,0.5625,150,0.01,piston,1207.186572281785,1013.25,193.93657228178495,1.1914005154520453,265.0718801466388,3.1917790604042464,169.55412252529945,0.506507649449415,False,none,534.2209559171031,342.71421229284834,191.5067436242548,80133.14338756546,0.14839470997697307,4.1740596837597304e-16,1.4153595723397546e-16,0.6482924587051061,348.7150499790197,2.9134814499752957,49894.40537463877,kantrowitz_limit;nonlinear_acoustic_pulse,0.5,2.455194033006387,0.05
B,1.5,2.0,0.5625,150,0.01,piston,1138.3471378016652,1013.25,125.09713780166521,1.1234612758960427,265.0718801466388,3.1917790604042464,138.81637133562424,0.41122123384979037,False,none,412.57163374459185,221.06489012033705,191.5067436242548,61885.74506168878,0.11460323159571996,6.95676613959955e-16,0.0,0.6482924587051061,348.7150499790197,2.9134814499752957,49894.40537463877,kantrowitz_limit;nonlinear_acoustic_pulse,1.0,2.455194033006387,0.05
B,1.5,2.0,0.5625,150,0.01,piston,1100.632285320502,1013.25,87.38228532050198,1.0862396104816205,265.0718801466388,3.1917790604042464,117.29722412697846,0.3458057620336295,False,none,345.92398803369144,154.41724440943662,191.5067436242548,51888.59820505371,0.0960899966760254,2.78270645583982e-16,1.570627175742811e-16,0.6482924587051061,348.7150499790197,2.9134814499752957,49894.40537463877,kantrowitz_limit;nonlinear_acoustic_pulse,1.5,2.455194033006387,0.05
B,1.5,2.0,0.5625,150,0.01,piston,1077.7376207235327,1013.25,64.4876207235327,1.063644333307212,265.0718801466388,3.1917790604042464,101.45508586671535,0.2982044648344824,False,none,305.46577610005585,113.95903247580107,191.5067436242548,45819.86641500838,0.08485160447223773,2.3653004874638472e-15,0.0,0.6482924587051061,348.7150499790197,2.9134814499752957,49894.40537463877,kantrowitz_limit;nonlinear_acoustic_pulse,2.0,2.455194033006387,0.05
B,1.5,2.0,0.5625,150,0.01,piston,1052.51070733474,1013.25,39.26070733473989,1.0387473055363827,265.0718801466388,3.1917790604042464,79.7702055952323,0.23367461040610454,False,none,260.886140351631,69.37939672737623,191.5067436242548,39132.92105274465,0.0724683723198975,1.808759196295883e-15,0.0,0.6482924587051061,348.7150499790197,2.9134814499752957,49894.40537463877,kantrowitz_limit;nonlinear_acoustic_pulse,3.0,2.455194033006387,0.05
B,1.5,2.0,0.5625,150,0.01,piston,1039.6452934746992,1013.25,26.3952934746992,1.026050129261978,265.0718801466388,3.1917790604042464,65.66716515958905,0.19202423203967492,False,none,238.15107741332696,46.64433378907216,191.5067436242548,35722.66161199904,0.06615307705925749,4.174059683759731e-15,1.2999002278043107e-16,0.6482924587051061,348.7150499790197,2.9134814499752957,49894.40537463877,kantrowitz_limit;nonlinear_acoustic_pulse,4.0,2.455194033006387,0.05
B,1.5,2.0,0.5625,150,0.03,piston,4063.0507211314953,3039.75,1023.3007211314953,1.336639763510649,265.0718801466388,9.57533718121274,216.47999461746625,0.6574036024036164,False,none,2382.841871577676,1808.3216407049117,574.5202308727643,357426.2807366514,0.6619005198826878,1.113082582335928e-15,0.0,0.6482924587051061,1046.1451499370592,2.9134814499752957,149683.21612391633,kantrowitz_limit;nonlinear_acoustic_pulse,0.0,2.4551940330063697,0.05
B,1.5,2.0,0.5625,150,0.03,piston,3941.307769511983,3039.75,901.5577695119832,1.2965894463399896,265.0718801466388,9.57533718121274,205.25720048386623,0.62061933105836,False,none,2167.7043177084406,1593.1840868356762,574.5202308727643,325155.6476562661,0.6021400882523447,0.0,0.0,0.6482924587051061,1046.1451499370592,2.9134814499752957,149683.21612391633,kantrowitz_limit;nonlinear_acoustic_pulse,0.1,2.4551940330063697,0.05
B,1.5,2.0,0.5625,150,0.03,piston,3795.9154885466096,3039.75,756.1654885466096,1.2487591047114432,265.0718801466388,9.57533718121274,190.33003674746487,0.5724034669767637,False,none,1910.7749492131074,1336.254718340343,574.5202308727643,286616.2423819661,0.5307708192258632,1.8551376372265467e-16,1.4520101124073748e-16,0.6482924587051061,1046.1451499370592,2.9134814499752957,149683.21612391633,kantrowitz_limit;nonlinear_acoustic_pulse,0.25,2.4551940330063697,0.05
B,1.5,2.0,0.5625,150,0.03,piston,3621.5597168453533,3039.75,581.8097168453533,1.1914005154520448,265.0718801466388,9.57533718121274,169.55412252529945,0.506507649449415,False,none,1602.6628677513063,1028.1426368785421,574.5202308727643,240399.43016269593,0.44518412993091844,0.0,1.8871460964530114e-16,0.6482924587051061,1046.1451499370592,2.9134814499752957,149683.21612391633,kantrowitz_limit;nonlinear_acoustic_pulse,0.5,2.4551940330063697,0.05
B,1.5,2.0,0.5625,150,0.03,piston,3415.041413404995,3039.75,375.2914134049952,1.1234612758960425,265.0718801466388,9.57533718121274,138.8163713356238,0.41122123384978904,False,none,1237.7149012337745,663.1946703610104,574.5202308727643,185657.23518506618,0.3438096947871596,3.7102752744530935e-16,1.4628098283163732e-16,0.6482924587051061,1046.1451499370592,2.9134814499752957,149683.21612391633,kantrowitz_limit;nonlinear_acoustic_pulse,1.0,2.4551940330063697,0.05
B,1.5,2.0,0.5625,150,0.03,piston,3301.896855961506,3039.75,262.14685596150593,1.0862396104816205,265.0718801466388,9.57533718121274,117.29722412697846,0.3458057620336295,False,none,1037.7719641010742,463.2517332283099,574.5202308727643,155665.79461516114,0.2882699900280762,1.8551376372265467e-16,0.0,0.6482924587051061,1046.1451499370592,2.9134814499752957,149683.21612391633,kantrowitz_limit;nonlinear_acoustic_pulse,1.5,2.4551940330063697,0.05
B,1.5,2.0,0.5625,150,0.03,piston,3233.212862170599,3039.75,193.46286217059878,1.0636443333072123,265.0718801466388,9.57533718121274,101.45508586671535,0.2982044648344824,False,none,916.3973283001687,341.8770974274044,574.5202308727643,137459.5992450253,0.25455481341671354,2.5971926921171652e-15,0.0,0.6482924587051061,1046.1451499370592,2.9134814499752957,149683.21612391633,kantrowitz_limit;nonlinear_acoustic_pulse,2.0,2.4551940330063697,0.05
B,1.5,2.0,0.5625,150,0.03,piston,3157.5321220042197,3039.75,117.78212200421967,1.0387473055363827,265.0718801466388,9.57533718121274,79.7702055952323,0.23367461040610454,False,none,782.658421054893,208.1381901821287,574.5202308727643,117398.76315823395,0.2174051169596925,1.8551376372265465e-15,1.165244687966953e-16,0.6482924587051061,1046.1451499370592,2.9134814499752957,149683.21612391633,kantrowitz_limit;nonlinear_acoustic_pulse,3.0,2.4551940330063697,0.05
B,1.5,2.0,0.5625,150,0.03,piston,3118.9358804240974,3039.75,79.18588042409738,1.026050129261978,265.0718801466388,9.57533718121274,65.66716515958905,0.19202423203967492,False,none,714.4532322399804,139.93300136721606,574.5202308727643,107167.98483599705,0.1984592311777723,4.081302801898403e-15,1.733200303739086e-16,0.6482924587051061,1046.1451499370592,2.9134814499752957,149683.21612391633,kantrowitz_limit;nonlinear_acoustic_pulse,4.0,2.4551940330063697,0.05
B,1.5,2.0,0.5625,150,0.1,piston,13543.502403771647,10132.5,3411.0024037716466,1.3366397635106486,265.0718801466388,31.917790604042466,216.47999461746625,0.6574036024036164,False,none,7942.806238592247,6027.738802349699,1915.067436242548,1191420.935788837,2.2063350662756243,7.791578076351496e-16,0.0,0.6482924587051061,3487.150499790197,2.9134814499752957,498944.0537463877,kantrowitz_limit;nonlinear_acoustic_pulse,0.0,2.4551940330063697,0.05
B,1.5,2.0,0.5625,150,0.1,piston,13137.692565039944,10132.5,3005.1925650399444,1.2965894463399896,265.0718801466388,31.917790604042466,205.25720048386623,0.62061933105836,False,none,7225.681059028136,5310.613622785588,1915.067436242548,1083852.1588542203,2.0071336275078155,0.0,0.0,0.6482924587051061,3487.150499790197,2.9134814499752957,498944.0537463877,kantrowitz_limit;nonlinear_acoustic_pulse,0.1,2.4551940330063697,0.05
B,1.5,2.0,0.5625,150,0.1,piston,12653.051628488698,10132.5,2520.551628488698,1.2487591047114432,265.0718801466388,31.917790604042466,190.33003674746487,0.5724034669767637,False,none,6369.249830710357,4454.182394467809,1915.067436242548,955387.4746065536,1.7692360640862104,3.3392477470077844e-16,1.7424121348888504e-16,0.6482924587051061,3487.150499790197,2.9134814499752957,498944.0537463877,kantrowitz_limit;nonlinear_acoustic_pulse,0.25,2.4551940330063697,0.05
B,1.5,2.0,0.5625,150,0.1,piston,12071.865722817845,10132.5,1939.3657228178454,1.1914005154520448,265.0718801466388,31.917790604042466,169.55412252529945,0.506507649449415,False,none,5342.209559171024,3427.142122928476,1915.067436242548,801331.4338756537,1.4839470997697288,1.1130825823359281e-16,1.132287657871806e-16,0.6482924587051061,3487.150499790197,2.9134814499752957,498944.0537463877,kantrowitz_limit;nonlinear_acoustic_pulse,0.5,2.4551940330063697,0.05
B,1.5,2.0,0.5625,150,0.1,piston,11383.471378016651,10132.5,1250.9713780166512,1.1234612758960425,265.0718801466388,31.917790604042466,138.8163713356238,0.41122123384978904,False,none,4125.716337445917,2210.648901203369,1915.067436242548,618857.4506168875,1.1460323159571992,5.56541291167964e-16,0.0,0.6482924587051061,3487.150499790197,2.9134814499752957,498944.0537463877,kantrowitz_limit;nonlinear_acoustic_pulse,1.0,2.4551940330063697,0.05
B,1.5,2.0,0.5625,150,0.1,piston,11006.32285320502,10132.5,873.8228532050198,1.0862396104816205,265.0718801466388,31.917790604042466,117.29722412697846,0.3458057620336295,False,none,3459.239880336914,1544.1724440943663,1915.067436242548,518885.98205053713,0.9608999667602539,2.2261651646718563e-16,1.2565017405942487e-16,0.6482924587051061,3487.150499790197,2.9134814499752957,498944.0537463877,kantrowitz_limit;nonlinear_acoustic_pulse,1.5,2.4551940330063697,0.05
B,1.5,2.0,0.5625,150,0.1,piston,10777.376207235327,10132.5,644.8762072353275,1.063644333307212,265.0718801466388,31.917790604042466,101.45508586671535,0.2982044648344824,False,none,3054.6577610005597,1139.5903247580115,1915.067436242548,458198.66415008396,0.8485160447223777,2.226165164671856e-15,1.7025902393425935e-16,0.6482924587051061,3487.150499790197,2.9134814499752957,498944.0537463877,kantrowitz_limit;nonlinear_acoustic_pulse,2.0,2.4551940330063697,0.05
B,1.5,2.0,0.5625,150,0.1,piston,10525.107073347399,10132.5,392.6070733473989,1.0387473055363827,265.0718801466388,31.917790604042466,79.7702055952323,0.23367461040610454,False,none,2608.86140351631,693.7939672737623,1915.067436242548,391329.2105274465,0.724683723198975,1.780932131737485e-15,1.3982936255603433e-16,0.6482924587051061,3487.150499790197,2.9134814499752957,498944.0537463877,kantrowitz_limit;nonlinear_acoustic_pulse,3.0,2.4551940330063697,0.05
B,1.5,2.0,0.5625,150,0.1,piston,10396.452934746989,10132.5,263.95293474698883,1.0260501292619777,265.0718801466388,31.917790604042466,65.66716515958905,0.19202423203967492,False,none,2381.510774133264,466.44333789071595,1915.067436242548,357226.6161199896,0.6615307705925734,3.784480779942155e-15,2.0798403644869224e-16,0.6482924587051061,3487.150499790197,2.9134814499752957,498944.0537463877,kantrowitz_limit;nonlinear_acoustic_pulse,4.0,2.4551940330063697,0.05
B,1.5,2.0,0.5625,200,0.001,piston,163.11078786886387,101.325,61.78578786886386,1.6097783160016172,353.4291735288517,0.4255705413872328,273.70617268338106,0.8535615817897341,False,none,143.23014302258616,109.18449971160754,34.045643310978626,28646.028604517232,0.039786150839607265,0.0,1.6659776876300306e-16,0.5291665187557011,46.49533999720262,2.9134814499752957,6652.587383285169,kantrowitz_limit;nonlinear_acoustic_pulse;reduced_model_invalid;low_reynolds_or_rarefaction_check,0.0,3.7953727683026295,0.05
B,1.5,2.0,0.5625,200,0.001,piston,155.64301958450105,101.325,54.318019584501045,1.5360771732988012,353.4291735288517,0.4255705413872328,260.73873324350495,0.8076965766683782,False,none,130.03350715834955,95.98786384737093,34.045643310978626,26006.70143166991,0.036120418655097096,5.217574604699663e-16,0.0,0.5291665187557011,46.49533999720262,2.9134814499752957,6652.587383285169,kantrowitz_limit;nonlinear_acoustic_pulse;reduced_model_invalid;low_reynolds_or_rarefaction_check,0.1,3.7953727683026295,0.05
B,1.5,2.0,0.5625,200,0.001,piston,146.76449432868554,101.325,45.43949432868554,1.4484529418079006,353.4291735288517,0.4255705413872328,243.24208577455587,0.7472007816403406,False,none,114.34385794176,80.29821463078137,34.045643310978626,22868.771588352,0.031762182761600005,7.826361907049495e-16,0.0,0.5291665187557011,46.49533999720262,2.9134814499752957,6652.587383285169,kantrowitz_limit;nonlinear_acoustic_pulse;low_reynolds_or_rarefaction_check,0.25,3.7953727683026295,0.05
B,1.5,2.0,0.5625,200,0.001,piston,136.1760894754983,101.325,34.851089475498284,1.3439535107377083,353.4291735288517,0.4255705413872328,218.42214734251453,0.6638187822706161,False,none,95.63260206050573,61.586958749527106,34.045643310978626,19126.520412101145,0.026564611683473814,1.3043936511749158e-16,0.0,0.5291665187557011,46.49533999720262,2.9134814499752957,6652.587383285169,kantrowitz_limit;nonlinear_acoustic_pulse;low_reynolds_or_rarefaction_check,0.5,3.7953727683026295,0.05
B,1.5,2.0,0.5625,200,0.001,piston,123.71969834980545,101.325,22.394698349805452,1.221018488525097,353.4291735288517,0.4255705413872328,180.73689420255045,0.5418111819365551,False,none,73.62034195697703,39.5746986459984,34.045643310978626,14724.068391395405,0.020450094988049176,2.6087873023498317e-16,0.0,0.5291665187557011,46.49533999720262,2.9134814499752957,6652.587383285169,kantrowitz_limit;nonlinear_acoustic_pulse;low_reynolds_or_rarefaction_check,1.0,3.7953727683026295,0.05
B,1.5,2.0,0.5625,200,0.001,piston,116.93514952886511,101.325,15.610149528865108,1.1540601976695297,353.4291735288517,0.4255705413872328,153.71327567904333,0.4571023092634176,False,none,61.63105454422157,27.585411233242947,34.045643310978626,12326.210908844314,0.01711973737339488,0.0,1.6485066945039847e-16,0.5291665187557011,46.49533999720262,2.9134814499752957,6652.587383285169,kantrowitz_limit;nonlinear_acoustic_pulse;low_reynolds_or_rarefaction_check,1.5,3.7953727683026295,0.05
B,1.5,2.0,0.5625,200,0.001,piston,112.83049130135035,101.325,11.505491301350347,1.1135503706030134,353.4291735288517,0.4255705413872328,133.5128314425629,0.39501001030481286,False,none,54.37752471937685,20.331881408398228,34.045643310978626,10875.50494387537,0.01510486797760468,5.217574604699663e-16,0.0,0.5291665187557011,46.49533999720262,2.9134814499752957,6652.587383285169,kantrowitz_limit;nonlinear_acoustic_pulse;low_reynolds_or_rarefaction_check,2.0,3.7953727683026295,0.05
B,1.5,2.0,0.5625,200,0.001,piston,108.31982995625702,101.325,6.994829956257021,1.069033604305522,353.4291735288517,0.4255705413872328,105.49049259465136,0.31028958606970714,False,none,46.40652816305249,12.360884852073866,34.045643310978626,9281.305632610498,0.01289070226751458,3.9131809535247475e-16,0.0,0.5291665187557011,46.49533999720262,2.9134814499752957,6652.587383285169,kantrowitz_limit;nonlinear_acoustic_pulse;low_reynolds_or_rarefaction_check,3.0,3.7953727683026295,0.05
B,1.5,2.0,0.5625,200,0.001,piston,106.0243276728393,101.325,4.699327672839303,1.0463787581824753,353.4291735288517,0.4255705413872328,87.06680809904933,0.2553157360292383,False,none,42.35004078874291,8.304397477764285,34.045643310978626,8470.008157748582,0.011763900219095253,5.217574604699663e-16,0.0,0.5291665187557011,46.49533999720262,2.9134814499752957,6652.587383285169,kantrowitz_limit;nonlinear_acoustic_pulse;low_reynolds_or_rarefaction_check,4.0,3.7953727683026295,0.05
B,1.5,2.0,0.5625,200,0.003,piston,489.3323636065916,303.975,185.3573636065916,1.6097783160016172,353.4291735288517,1.2767116241616985,273.70617268338106,0.8535615817897341,False,none,429.6904290677585,327.55349913482263,102.13692993293589,85938.0858135517,0.11935845251882181,0.0,0.0,0.5291665187557011,139.4860199916079,2.9134814499752957,19957.76214985551,kantrowitz_limit;nonlinear_acoustic_pulse;reduced_model_invalid,0.0,3.795372768302631,0.05
B,1.5,2.0,0.5625,200,0.003,piston,466.9290587535031,303.975,162.9540587535031,1.5360771732988012,353.4291735288517,1.2767116241616985,260.73873324350495,0.8076965766683782,False,none,390.1005214750486,287.96359154211274,102.13692993293589,78020.10429500972,0.10836125596529128,5.217574604699663e-16,1.2633467958950927e-16,0.5291665187557011,139.4860199916079,2.9134814499752957,19957.76214985551,kantrowitz_limit;nonlinear_acoustic_pulse;reduced_model_invalid,0.1,3.795372768302631,0.05
B,1.5,2.0,0.5625,200,0.003,piston,440.29348298605674,303.975,136.31848298605672,1.448452941807901,353.4291735288517,1.2767116241616985,243.24208577455613,0.7472007816403414,False,none,343.0315738252802,240.8946438923443,102.13692993293589,68606.31476505604,0.09528654828480006,0.0,0.0,0.5291665187557011,139.4860199916079,2.9134814499752957,19957.76214985551,kantrowitz_limit;nonlinear_acoustic_pulse,0.25,3.795372768302631,0.05
B,1.5,2.0,0.5625,200,0.003,piston,408.52826842649483,303.975,104.55326842649481,1.343953510737708,353.4291735288517,1.2767116241616985,218.42214734251428,0.6638187822706153,False,none,286.8978061815171,184.76087624858124,102.13692993293589,57379.56123630342,0.07969383505042142,0.0,0.0,0.5291665187557011,139.4860199916079,2.9134814499752957,19957.76214985551,kantrowitz_limit;nonlinear_acoustic_pulse,0.5,3.795372768302631,0.05
B,1.5,2.0,0.5625,200,0.003,piston,371.1590950494164,303.975,67.18409504941638,1.221018488525097,353.4291735288517,1.2767116241616985,180.73689420255045,0.5418111819365551,False,none,220.86102587093114,118.72409593799526,102.13692993293589,44172.20517418623,0.06135028496414754,5.217574604699663e-16,0.0,0.5291665187557011,139.4860199916079,2.9134814499752957,19957.76214985551,kantrowitz_limit;nonlinear_acoustic_pulse,1.0,3.795372768302631,0.05
B,1.5,2.0,0.5625,200,0.003,piston,350.8054485865953,303.975,46.83044858659525,1.1540601976695295,353.4291735288517,1.2767116241616985,153.71327567904333,0.4571023092634176,False,none,184.8931636326646,82.75623369972871,102.13692993293589,36978.63272653292,0.05135921212018461,0.0,0.0,0.5291665187557011,139.4860199916079,2.9134814499752957,19957.76214985551,kantrowitz_limit;nonlinear_acoustic_pulse,1.5,3.795372768302631,0.05
B,1.5,2.0,0.5625,200,0.003,piston,338.4914739040511,303.975,34.516473904051054,1.1135503706030137,353.4291735288517,1.2767116241616985,133.5128314425629,0.39501001030481286,False,none,163.13257415813058,60.99564422519471,102.13692993293589,32626.514831626115,0.04531460393281405,6.956766139599551e-16,0.0,0.5291665187557011,139.4860199916079,2.9134814499752957,19957.76214985551,kantrowitz_limit;nonlinear_acoustic_pulse,2.0,3.795372768302631,0.05
B,1.5,2.0,0.5625,200,0.003,piston,324.9594898687712,303.975,20.984489868771163,1.0690336043055224,353.4291735288517,1.2767116241616985,105.49049259465136,0.31028958606970714,False,none,139.21958448915765,37.08265455622177,102.13692993293589,27843.916897831532,0.03867210680254379,6.956766139599551e-16,1.22630743761079e-16,0.5291665187557011,139.4860199916079,2.9134814499752957,19957.76214985551,kantrowitz_limit;nonlinear_acoustic_pulse,3.0,3.795372768302631,0.05
B,1.5,2.0,0.5625,200,0.003,piston,318.07298301851796,303.975,14.097983018517937,1.0463787581824753,353.4291735288517,1.2767116241616985,87.06680809905005,0.25531573602924046,False,none,127.05012236622879,24.913192433292902,102.13692993293589,25410.024473245758,0.03529170065728578,6.956766139599551e-16,0.0,0.5291665187557011,139.4860199916079,2.9134814499752957,19957.76214985551,kantrowitz_limit;nonlinear_acoustic_pulse,4.0,3.795372768302631,0.05
B,1.5,2.0,0.5625,200,0.01,piston,1631.1078786886387,1013.25,617.8578786886387,1.6097783160016172,353.4291735288517,4.255705413872328,273.70617268338106,0.8535615817897341,False,none,1432.3014302258618,1091.8449971160755,340.4564331097863,286460.28604517237,0.39786150839607276,0.0,0.0,0.5291665187557011,464.9533999720262,2.9134814499752957,66525.87383285169,kantrowitz_limit;nonlinear_acoustic_pulse;reduced_model_invalid,0.0,3.7953727683026544,0.05
B,1.5,2.0,0.5625,200,0.01,piston,1556.4301958450103,1013.25,543.1801958450103,1.5360771732988012,353.4291735288517,4.255705413872328,260.73873324350495,0.8076965766683782,False,none,1300.3350715834954,959.8786384737091,340.4564331097863,260067.0143166991,0.3612041865509709,4.174059683759731e-16,1.5160161550741113e-16,0.5291665187557011,464.9533999720262,2.9134814499752957,66525.87383285169,kantrowitz_limit;nonlinear_acoustic_pulse;reduced_model_invalid,0.1,3.7953727683026544,0.05
B,1.5,2.0,0.5625,200,0.01,piston,1467.6449432868553,1013.25,454.3949432868553,1.4484529418079006,353.4291735288517,4.255705413872328,243.24208577455587,0.7472007816403406,False,none,1143.4385794176,802.9821463078137,340.4564331097863,228687.71588352002,0.317621827616,6.261089525639596e-16,0.0,0.5291665187557011,464.9533999720262,2.9134814499752957,66525.87383285169,kantrowitz_limit;nonlinear_acoustic_pulse,0.25,3.7953727683026544,0.05
B,1.5,2.0,0.5625,200,0.01,piston,1361.7608947549827,1013.25,348.5108947549827,1.343953510737708,353.4291735288517,4.255705413872328,218.42214734251428,0.6638187822706153,False,none,956.3260206050571,615.8695874952708,340.4564331097863,191265.20412101143,0.2656461168347381,0.0,0.0,0.5291665187557011,464.9533999720262,2.9134814499752957,66525.87383285169,kantrowitz_limit;nonlinear_acoustic_pulse,0.5,3.7953727683026544,0.05
B,1.5,2.0,0.5625,200,0.01,piston,1237.1969834980546,1013.25,223.94698349805458,1.221018488525097,353.4291735288517,4.255705413872328,180.73689420255045,0.5418111819365551,False,none,736.2034195697704,395.7469864599841,340.4564331097863,147240.68391395407,0.20450094988049178,2.0870298418798654e-16,0.0,0.5291665187557011,464.9533999720262,2.9134814499752957,66525.87383285169,kantrowitz_limit;nonlinear_acoustic_pulse,1.0,3.7953727683026544,0.05
B,1.5,2.0,0.5625,200,0.01,piston,1169.351495288651,1013.25,156.101495288651,1.1540601976695297,353.4291735288517,4.255705413872328,153.71327567904333,0.4571023092634176,False,none,616.3105454422157,275.85411233242934,340.4564331097863,123262.10908844313,0.1711973737339488,0.0,0.0,0.5291665187557011,464.9533999720262,2.9134814499752957,66525.87383285169,kantrowitz_limit;nonlinear_acoustic_pulse,1.5,3.7953727683026544,0.05
B,1.5,2.0,0.5625,200,0.01,piston,1128.3049130135034,1013.25,115.05491301350344,1.1135503706030134,353.4291735288517,4.255705413872328,133.5128314425629,0.39501001030481286,False,none,543.7752471937686,203.31881408398223,340.4564331097863,108755.04943875372,0.15104867977604683,6.261089525639596e-16,0.0,0.5291665187557011,464.9533999720262,2.9134814499752957,66525.87383285169,kantrowitz_limit;nonlinear_acoustic_pulse,2.0,3.7953727683026544,0.05
B,1.5,2.0,0.5625,200,0.01,piston,1083.1982995625701,1013.25,69.94829956257013,1.069033604305522,353.4291735288517,4.255705413872328,105.49049259465136,0.31028958606970714,False,none,464.0652816305248,123.6088485207385,340.4564331097863,92813.05632610495,0.12890702267514578,2.0870298418798654e-16,0.0,0.5291665187557011,464.9533999720262,2.9134814499752957,66525.87383285169,kantrowitz_limit;nonlinear_acoustic_pulse,3.0,3.7953727683026544,0.05
B,1.5,2.0,0.5625,200,0.01,piston,1060.243276728393,1013.25,46.993276728393084,1.0463787581824753,353.4291735288517,4.255705413872328,87.06680809904933,0.2553157360292383,False,none,423.5004078874292,83.04397477764294,340.4564331097863,84700.08157748585,0.11763900219095257,6.261089525639596e-16,0.0,0.5291665187557011,464.9533999720262,2.9134814499752957,66525.87383285169,kantrowitz_limit;nonlinear_acoustic_pulse,4.0,3.7953727683026544,0.05
B,1.5,2.0,0.5625,200,0.03,piston,4893.323636065917,3039.75,1853.5736360659166,1.6097783160016175,353.4291735288517,12.767116241616986,273.70617268338106,0.8535615817897341,False,none,4296.904290677586,3275.5349913482273,1021.3692993293588,859380.8581355171,1.1935845251882182,0.0,0.0,0.5291665187557011,1394.860199916079,2.9134814499752957,199577.6214985551,kantrowitz_limit;nonlinear_acoustic_pulse;reduced_model_invalid,0.0,3.795372768302631,0.05
B,1.5,2.0,0.5625,200,0.03,piston,4669.290587535031,3039.75,1629.5405875350307,1.536077173298801,353.4291735288517,12.767116241616986,260.73873324350495,0.8076965766683782,False,none,3901.0052147504857,2879.635915421127,1021.3692993293588,780201.0429500971,1.0836125596529127,2.78270645583982e-16,0.0,0.5291665187557011,1394.860199916079,2.9134814499752957,199577.6214985551,kantrowitz_limit;nonlinear_acoustic_pulse;reduced_model_invalid,0.1,3.795372768302631,0.05
B,1.5,2.0,0.5625,200,0.03,piston,4402.934829860568,3039.75,1363.1848298605682,1.4484529418079013,353.4291735288517,12.767116241616986,243.24208577455613,0.7472007816403414,False,none,3430.315738252804,2408.946438923445,1021.3692993293588,686063.1476505607,0.9528654828480011,1.113082582335928e-15,0.0,0.5291665187557011,1394.860199916079,2.9134814499752957,199577.6214985551,kantrowitz_limit;nonlinear_acoustic_pulse,0.25,3.795372768302631,0.05
B,1.5,2.0,0.5625,200,0.03,piston,4085.2826842649483,3039.75,1045.5326842649483,1.343953510737708,353.4291735288517,12.767116241616986,218.42214734251428,0.6638187822706153,False,none,2868.9780618151717,1847.6087624858128,1021.3692993293588,573795.6123630344,0.7969383505042144,0.0,0.0,0.5291665187557011,1394.860199916079,2.9134814499752957,199577.6214985551,kantrowitz_limit;nonlinear_acoustic_pulse,0.5,3.795372768302631,0.05
B,1.5,2.0,0.5625,200,0.03,piston,3711.590950494163,3039.75,671.8409504941628,1.2210184885250968,353.4291735288517,12.767116241616986,180.73689420255045,0.5418111819365551,False,none,2208.6102587093096,1187.2409593799507,1021.3692993293588,441722.0517418619,0.613502849641475,0.0,1.225691812045193e-16,0.5291665187557011,1394.860199916079,2.9134814499752957,199577.6214985551,kantrowitz_limit;nonlinear_acoustic_pulse,1.0,3.795372768302631,0.05
B,1.5,2.0,0.5625,200,0.03,piston,3508.054485865953,3039.75,468.3044858659532,1.1540601976695297,353.4291735288517,12.767116241616986,153.71327567904333,0.4571023092634176,False,none,1848.931636326647,827.5623369972883,1021.3692993293588,369786.3272653294,0.5135921212018464,0.0,0.0,0.5291665187557011,1394.860199916079,2.9134814499752957,199577.6214985551,kantrowitz_limit;nonlinear_acoustic_pulse,1.5,3.795372768302631,0.05
B,1.5,2.0,0.5625,200,0.03,piston,3384.9147390405105,3039.75,345.16473904051054,1.1135503706030137,353.4291735288517,12.767116241616986,133.5128314425629,0.39501001030481286,False,none,1631.325741581306,609.9564422519471,1021.3692993293588,326265.1483162612,0.4531460393281405,6.95676613959955e-16,1.192865114649947e-16,0.5291665187557011,1394.860199916079,2.9134814499752957,199577.6214985551,kantrowitz_limit;nonlinear_acoustic_pulse,2.0,3.795372768302631,0.05
B,1.5,2.0,0.5625,200,0.03,piston,3249.5948986877106,3039.75,209.8448986877106,1.069033604305522,353.4291735288517,12.767116241616986,105.49049259465136,0.31028958606970714,False,none,1392.1958448915748,370.8265455622159,1021.3692993293588,278439.16897831496,0.38672106802543743,2.78270645583982e-16,0.0,0.5291665187557011,1394.860199916079,2.9134814499752957,199577.6214985551,kantrowitz_limit;nonlinear_acoustic_pulse,3.0,3.795372768302631,0.05
B,1.5,2.0,0.5625,200,0.03,piston,3180.7298301851793,3039.75,140.97983018517925,1.0463787581824753,353.4291735288517,12.767116241616986,87.06680809904933,0.2553157360292383,False,none,1270.5012236622877,249.13192433292883,1021.3692993293588,254100.24473245753,0.3529170065728577,5.56541291167964e-16,0.0,0.5291665187557011,1394.860199916079,2.9134814499752957,199577.6214985551,kantrowitz_limit;nonlinear_acoustic_pulse,4.0,3.795372768302631,0.05
B,1.5,2.0,0.5625,200,0.1,piston,16311.078786886384,10132.5,6178.5787868863845,1.609778316001617,353.4291735288517,42.55705413872328,273.70617268338106,0.8535615817897341,False,none,14323.014302258614,10918.449971160751,3404.5643310978626,2864602.860451723,3.9786150839607264,0.0,0.0,0.5291665187557012,4649.533999720263,2.9134814499752957,665258.738328517,kantrowitz_limit;nonlinear_acoustic_pulse;reduced_model_invalid,0.0,3.795372768302631,0.05
B,1.5,2.0,0.5625,200,0.1,piston,15564.301958450103,10132.5,5431.8019584501035,1.5360771732988012,353.4291735288517,42.55705413872328,260.73873324350495,0.8076965766683782,False,none,13003.350715834955,9598.786384737092,3404.5643310978626,2600670.143166991,3.6120418655097097,5.008871620511677e-16,1.212812924059289e-16,0.5291665187557012,4649.533999720263,2.9134814499752957,665258.738328517,kantrowitz_limit;nonlinear_acoustic_pulse;reduced_model_invalid,0.1,3.795372768302631,0.05
B,1.5,2.0,0.5625,200,0.1,piston,14676.449432868552,10132.5,4543.949432868552,1.4484529418079006,353.4291735288517,42.55705413872328,243.24208577455587,0.7472007816403406,False,none,11434.385794175998,8029.821463078135,3404.5643310978626,2286877.1588351997,3.1762182761599993,5.008871620511677e-16,0.0,0.5291665187557012,4649.533999720263,2.9134814499752957,665258.738328517,kantrowitz_limit;nonlinear_acoustic_pulse,0.25,3.795372768302631,0.05
B,1.5,2.0,0.5625,200,0.1,piston,13617.608947549827,10132.5,3485.1089475498266,1.343953510737708,353.4291735288517,42.55705413872328,218.42214734251428,0.6638187822706153,False,none,9563.26020605057,6158.6958749527075,3404.5643310978626,1912652.041210114,2.6564611683473807,0.0,0.0,0.5291665187557012,4649.533999720263,2.9134814499752957,665258.738328517,kantrowitz_limit;nonlinear_acoustic_pulse,0.5,3.795372768302631,0.05
B,1.5,2.0,0.5625,200,0.1,piston,12371.969834980546,10132.5,2239.469834980546,1.221018488525097,353.4291735288517,42.55705413872328,180.73689420255045,0.5418111819365551,False,none,7362.0341956977045,3957.4698645998415,3404.5643310978626,1472406.839139541,2.045009498804918,3.339247747007785e-16,1.4708301744542297e-16,0.5291665187557012,4649.533999720263,2.9134814499752957,665258.738328517,kantrowitz_limit;nonlinear_acoustic_pulse,1.0,3.795372768302631,0.05
B,1.5,2.0,0.5625,200,0.1,piston,11693.51495288651,10132.5,1561.0149528865095,1.1540601976695297,353.4291735288517,42.55705413872328,153.71327567904333,0.4571023092634176,False,none,6163.105454422155,2758.541123324292,3404.5643310978626,1232621.090884431,1.7119737373394877,0.0,0.0,0.5291665187557012,4649.533999720263,2.9134814499752957,665258.738328517,kantrowitz_limit;nonlinear_acoustic_pulse,1.5,3.795372768302631,0.05
B,1.5,2.0,0.5625,200,0.1,piston,11283.049130135036,10132.5,1150.5491301350357,1.1135503706030137,353.4291735288517,42.55705413872328,133.5128314425629,0.39501001030481286,False,none,5437.752471937687,2033.1881408398247,3404.5643310978626,1087550.4943875375,1.5104867977604686,6.67849549401557e-16,0.0,0.5291665187557012,4649.533999720263,2.9134814499752957,665258.738328517,kantrowitz_limit;nonlinear_acoustic_pulse,2.0,3.795372768302631,0.05
B,1.5,2.0,0.5625,200,0.1,piston,10831.982995625702,10132.5,699.4829956257017,1.069033604305522,353.4291735288517,42.55705413872328,105.49049259465136,0.31028958606970714,False,none,4640.652816305248,1236.088485207386,3404.5643310978626,928130.5632610496,1.2890702267514578,3.339247747007785e-16,1.1772551401063647e-16,0.5291665187557012,4649.533999720263,2.9134814499752957,665258.738328517,kantrowitz_limit;nonlinear_acoustic_pulse,3.0,3.795372768302631,0.05
B,1.5,2.0,0.5625,200,0.1,piston,10602.432767283932,10132.5,469.93276728393175,1.0463787581824753,353.4291735288517,42.55705413872328,87.06680809905005,0.25531573602924046,False,none,4235.004078874294,830.4397477764311,3404.5643310978626,847000.8157748587,1.176390021909526,8.348119367519462e-16,0.0,0.5291665187557012,4649.533999720263,2.9134814499752957,665258.738328517,kantrowitz_limit;nonlinear_acoustic_pulse,4.0,3.795372768302631,0.05
B,1.5,2.0,0.5625,250,0.001,piston,199.96004856935332,101.325,98.63504856935332,1.9734522434675876,441.7864669110647,0.531963176734041,313.3264943845849,1.0,True,annulus,227.49883615762758,174.30251848422347,53.1963176734041,56874.709039406895,0.06319412115489655,2.0870298418798654e-16,0.0,0.47040371106181056,58.119174996503276,2.9134814499752957,8315.734229106461,choked_restriction;kantrowitz_limit;nonlinear_acoustic_pulse;reduced_model_invalid;low_reynolds_or_rarefaction_check,0.0,5.135551503598891,0.05
B,1.5,2.0,0.5625,250,0.001,piston,188.00000554173542,101.325,86.67500554173542,1.8554157961187803,441.7864669110647,0.531963176734041,308.80116607167344,0.9827429543075973,False,none,206.36369554452506,153.16737787112095,53.1963176734041,51590.92388613126,0.05732324876236807,2.0870298418798654e-16,0.0,0.47040371106181056,58.119174996503276,2.9134814499752957,8315.734229106461,kantrowitz_limit;nonlinear_acoustic_pulse;reduced_model_invalid;low_reynolds_or_rarefaction_check,0.1,5.135551503598891,0.05
B,1.5,2.0,0.5625,250,0.001,piston,173.6002364374922,101.325,72.27523643749221,1.7133011244756202,441.7864669110647,0.531963176734041,289.8089451558791,0.9118614540404556,False,none,180.9172030769302,127.72088540352611,53.1963176734041,45229.30076923255,0.050254778632480616,0.0,0.0,0.47040371106181056,58.119174996503276,2.9134814499752957,8315.734229106461,kantrowitz_limit;nonlinear_acoustic_pulse;reduced_model_invalid;low_reynolds_or_rarefaction_check,0.25,5.135551503598891,0.05
B,1.5,2.0,0.5625,250,0.001,piston,156.5387232063269,101.325,55.21372320632689,1.5449170807434185,441.7864669110647,0.531963176734041,262.3704930966932,0.813417857161282,False,none,150.76702047471858,97.57070280131447,53.1963176734041,37691.75511867964,0.041879727909644046,0.0,0.0,0.47040371106181056,58.119174996503276,2.9134814499752957,8315.734229106461,kantrowitz_limit;nonlinear_acoustic_pulse;reduced_model_invalid;low_reynolds_or_rarefaction_check,0.5,5.135551503598891,0.05
B,1.5,2.0,0.5625,250,0.001,piston,136.63247067219862,101.325,35.30747067219862,1.3484576429528607,441.7864669110647,0.531963176734041,219.60298390020733,0.6677266058188461,False,none,115.58976856875074,62.393450895346646,53.1963176734041,28897.442142187687,0.03210826904687521,0.0,1.1661412391482377e-16,0.47040371106181056,58.119174996503276,2.9134814499752957,8315.734229106461,kantrowitz_limit;nonlinear_acoustic_pulse;low_reynolds_or_rarefaction_check,1.0,5.135551503598891,0.05
B,1.5,2.0,0.5625,250,0.001,piston,125.86934543622841,101.325,24.54434543622841,1.242233855773288,441.7864669110647,0.531963176734041,188.14197790273474,0.5653997156194802,False,none,96.56975628506837,43.373438611664255,53.1963176734041,24142.43907126709,0.02682493230140788,1.2522179051279192e-15,0.0,0.47040371106181056,58.119174996503276,2.9134814499752957,8315.734229106461,kantrowitz_limit;nonlinear_acoustic_pulse;low_reynolds_or_rarefaction_check,1.5,5.135551503598891,0.05
B,1.5,2.0,0.5625,250,0.001,piston,119.3855840313569,101.325,18.060584031356896,1.178244105910258,441.7864669110647,0.531963176734041,164.2198909735194,0.4897951549235985,False,none,85.11200411165832,31.915686438254223,53.1963176734041,21278.00102791458,0.023642223364349534,0.0,1.139871709834579e-16,0.47040371106181056,58.119174996503276,2.9134814499752957,8315.734229106461,kantrowitz_limit;nonlinear_acoustic_pulse;low_reynolds_or_rarefaction_check,2.0,5.135551503598891,0.05
B,1.5,2.0,0.5625,250,0.001,piston,112.28507978117177,101.325,10.960079781171771,1.1081675774110216,441.7864669110647,0.531963176734041,130.5155226733823,0.3858749887845514,False,none,72.5643773677532,19.368059694349085,53.1963176734041,18141.0943419383,0.020156771491042554,1.2522179051279192e-15,0.0,0.47040371106181056,58.119174996503276,2.9134814499752957,8315.734229106461,kantrowitz_limit;nonlinear_acoustic_pulse;low_reynolds_or_rarefaction_check,3.0,5.135551503598891,0.05
B,1.5,2.0,0.5625,250,0.001,piston,108.68149755509282,101.325,7.356497555092815,1.0726029859866055,441.7864669110647,0.531963176734041,108.06652412905505,0.3180181223448587,False,none,66.19632192822147,13.00000425481736,53.1963176734041,16549.080482055368,0.01838786720228374,1.4609208893159059e-15,0.0,0.47040371106181056,58.119174996503276,2.9134814499752957,8315.734229106461,kantrowitz_limit;nonlinear_acoustic_pulse;low_reynolds_or_rarefaction_check,4.0,5.135551503598891,0.05
B,1.5,2.0,0.5625,250,0.003,piston,599.8801457080599,303.975,295.9051457080599,1.9734522434675874,441.7864669110647,1.5958895302021232,313.3264943845849,1.0,True,annulus,682.4965084728826,522.9075554526703,159.58895302021233,170624.12711822067,0.18958236346468962,0.0,1.11315394674453e-16,0.4704037110618106,174.35752498950987,2.9134814499752957,24947.202687319386,choked_restriction;kantrowitz_limit;nonlinear_acoustic_pulse;reduced_model_invalid,0.0,5.135551503598892,0.05
B,1.5,2.0,0.5625,250,0.003,piston,564.0000166252063,303.975,260.02501662520626,1.8554157961187803,441.7864669110647,1.5958895302021232,308.80116607167344,0.9827429543075973,False,none,619.0910866335753,459.5021336133629,159.58895302021233,154772.77165839382,0.17196974628710424,1.39135322791991e-16,0.0,0.4704037110618106,174.35752498950987,2.9134814499752957,24947.202687319386,kantrowitz_limit;nonlinear_acoustic_pulse;reduced_model_invalid,0.1,5.135551503598892,0.05
B,1.5,2.0,0.5625,250,0.003,piston,520.8007093124768,303.975,216.82570931247676,1.7133011244756204,441.7864669110647,1.5958895302021232,289.8089451558792,0.9118614540404562,False,none,542.7516092307909,383.1626562105786,159.58895302021233,135687.90230769772,0.15076433589744193,1.39135322791991e-16,0.0,0.4704037110618106,174.35752498950987,2.9134814499752957,24947.202687319386,kantrowitz_limit;nonlinear_acoustic_pulse;reduced_model_invalid,0.25,5.135551503598892,0.05
B,1.5,2.0,0.5625,250,0.003,piston,469.6161696189807,303.975,165.64116961898065,1.5449170807434185,441.7864669110647,1.5958895302021232,262.3704930966932,0.813417857161282,False,none,452.3010614241557,292.7121084039434,159.58895302021233,113075.26535603893,0.12563918372893215,0.0,1.9885634807132986e-16,0.4704037110618106,174.35752498950987,2.9134814499752957,24947.202687319386,kantrowitz_limit;nonlinear_acoustic_pulse;reduced_model_invalid,0.5,5.135551503598892,0.05
B,1.5,2.0,0.5625,250,0.003,piston,409.89741201659587,303.975,105.92241201659584,1.3484576429528607,441.7864669110647,1.5958895302021232,219.60298390020733,0.6677266058188461,False,none,346.7693057062522,187.1803526860399,159.58895302021233,86692.32642656306,0.09632480714062562,0.0,1.5548549855309836e-16,0.4704037110618106,174.35752498950987,2.9134814499752957,24947.202687319386,kantrowitz_limit;nonlinear_acoustic_pulse,1.0,5.135551503598892,0.05
B,1.5,2.0,0.5625,250,0.003,piston,377.60803630868526,303.975,73.63303630868523,1.242233855773288,441.7864669110647,1.5958895302021232,188.14197790273474,0.5653997156194802,False,none,289.7092688552051,130.12031583499277,159.58895302021233,72427.31721380127,0.08047479690422364,1.2522179051279192e-15,0.0,0.4704037110618106,174.35752498950987,2.9134814499752957,24947.202687319386,kantrowitz_limit;nonlinear_acoustic_pulse,1.5,5.135551503598892,0.05
B,1.5,2.0,0.5625,250,0.003,piston,358.1567520940707,303.975,54.1817520940707,1.178244105910258,441.7864669110647,1.5958895302021232,164.2198909735194,0.4897951549235985,False,none,255.336012334975,95.7470593147627,159.58895302021233,63834.00308374375,0.07092667009304861,1.39135322791991e-16,1.519828946446105e-16,0.4704037110618106,174.35752498950987,2.9134814499752957,24947.202687319386,kantrowitz_limit;nonlinear_acoustic_pulse,2.0,5.135551503598892,0.05
B,1.5,2.0,0.5625,250,0.003,piston,336.85523934351534,303.975,32.88023934351531,1.1081675774110216,441.7864669110647,1.5958895302021232,130.5155226733823,0.3858749887845514,False,none,217.6931321032596,58.104179083047256,159.58895302021233,54423.2830258149,0.060470314473127666,1.113082582335928e-15,0.0,0.4704037110618106,174.35752498950987,2.9134814499752957,24947.202687319386,kantrowitz_limit;nonlinear_acoustic_pulse,3.0,5.135551503598892,0.05
B,1.5,2.0,0.5625,250,0.003,piston,326.0444926652785,303.975,22.06949266527846,1.0726029859866058,441.7864669110647,1.5958895302021232,108.06652412905505,0.3180181223448587,False,none,198.58896578466442,39.00001276445211,159.58895302021233,49647.2414461661,0.05516360160685123,1.5304885507119012e-15,0.0,0.4704037110618106,174.35752498950987,2.9134814499752957,24947.202687319386,kantrowitz_limit;nonlinear_acoustic_pulse,4.0,5.135551503598892,0.05
B,1.5,2.0,0.5625,250,0.01,piston,1999.6004856935326,1013.25,986.3504856935326,1.9734522434675872,441.7864669110647,5.31963176734041,313.3264943845849,1.0,True,annulus,2274.9883615762747,1743.0251848422336,531.963176734041,568747.0903940686,0.6319412115489652,0.0,1.3357847360934363e-16,0.47040371106181056,581.1917499650328,2.9134814499752957,83157.34229106462,choked_restriction;kantrowitz_limit;nonlinear_acoustic_pulse;reduced_model_invalid,0.0,5.135551503598922,0.05
B,1.5,2.0,0.5625,250,0.01,piston,1880.0000554173541,1013.25,866.7500554173541,1.8554157961187803,441.7864669110647,5.31963176734041,308.80116607167344,0.9827429543075973,False,none,2063.6369554452504,1531.6737787112095,531.963176734041,515909.23886131257,0.5732324876236806,1.6696238735038925e-16,0.0,0.47040371106181056,581.1917499650328,2.9134814499752957,83157.34229106462,kantrowitz_limit;nonlinear_acoustic_pulse;reduced_model_invalid,0.1,5.135551503598922,0.05
B,1.5,2.0,0.5625,250,0.01,piston,1736.0023643749223,1013.25,722.7523643749223,1.7133011244756204,441.7864669110647,5.31963176734041,289.8089451558791,0.9118614540404556,False,none,1809.1720307693026,1277.2088540352615,531.963176734041,452293.0076923257,0.5025477863248062,0.0,0.0,0.47040371106181056,581.1917499650328,2.9134814499752957,83157.34229106462,kantrowitz_limit;nonlinear_acoustic_pulse;reduced_model_invalid,0.25,5.135551503598922,0.05
B,1.5,2.0,0.5625,250,0.01,piston,1565.387232063269,1013.25,552.137232063269,1.5449170807434187,441.7864669110647,5.31963176734041,262.3704930966934,0.8134178571612827,False,none,1507.6702047471858,975.707028013145,531.963176734041,376917.55118679645,0.4187972790964405,1.6696238735038925e-16,0.0,0.47040371106181056,581.1917499650328,2.9134814499752957,83157.34229106462,kantrowitz_limit;nonlinear_acoustic_pulse;reduced_model_invalid,0.5,5.135551503598922,0.05
B,1.5,2.0,0.5625,250,0.01,piston,1366.3247067219859,1013.25,353.0747067219859,1.3484576429528605,441.7864669110647,5.31963176734041,219.60298390020733,0.6677266058188461,False,none,1155.897685687507,623.9345089534659,531.963176734041,288974.42142187676,0.32108269046875193,0.0,1.8658259826371817e-16,0.47040371106181056,581.1917499650328,2.9134814499752957,83157.34229106462,kantrowitz_limit;nonlinear_acoustic_pulse,1.0,5.135551503598922,0.05
B,1.5,2.0,0.5625,250,0.01,piston,1258.6934543622842,1013.25,245.44345436228423,1.2422338557732882,441.7864669110647,5.31963176734041,188.14197790273474,0.5653997156194802,False,none,965.6975628506838,433.7343861166428,531.963176734041,241424.39071267095,0.26824932301407883,1.335699098803114e-15,0.0,0.47040371106181056,581.1917499650328,2.9134814499752957,83157.34229106462,kantrowitz_limit;nonlinear_acoustic_pulse,1.5,5.135551503598922,0.05
B,1.5,2.0,0.5625,250,0.01,piston,1193.855840313569,1013.25,180.60584031356893,1.178244105910258,441.7864669110647,5.31963176734041,164.2198909735194,0.4897951549235985,False,none,851.1200411165833,319.1568643825422,531.963176734041,212780.01027914582,0.23642223364349535,0.0,0.0,0.47040371106181056,581.1917499650328,2.9134814499752957,83157.34229106462,kantrowitz_limit;nonlinear_acoustic_pulse,2.0,5.135551503598922,0.05
B,1.5,2.0,0.5625,250,0.01,piston,1122.8507978117177,1013.25,109.60079781171771,1.1081675774110216,441.7864669110647,5.31963176734041,130.5155226733823,0.3858749887845514,False,none,725.6437736775318,193.68059694349085,531.963176734041,181410.94341938297,0.20156771491042552,1.335699098803114e-15,1.5026714557899244e-16,0.47040371106181056,581.1917499650328,2.9134814499752957,83157.34229106462,kantrowitz_limit;nonlinear_acoustic_pulse,3.0,5.135551503598922,0.05
B,1.5,2.0,0.5625,250,0.01,piston,1086.8149755509282,1013.25,73.56497555092824,1.0726029859866058,441.7864669110647,5.31963176734041,108.06652412905505,0.3180181223448587,False,none,661.9632192822147,130.00004254817375,531.963176734041,165490.8048205537,0.18387867202283742,1.6696238735038924e-15,1.1193777281245418e-16,0.47040371106181056,581.1917499650328,2.9134814499752957,83157.34229106462,kantrowitz_limit;nonlinear_acoustic_pulse,4.0,5.135551503598922,0.05
B,1.5,2.0,0.5625,250,0.03,piston,5998.8014570806,3039.75,2959.0514570806,1.9734522434675879,441.7864669110647,15.958895302021233,313.3264943845849,1.0,True,annulus,6824.9650847288285,5229.075554526705,1595.8895302021233,1706241.2711822072,1.8958236346468968,0.0,0.0,0.4704037110618105,1743.5752498950985,2.9134814499752957,249472.02687319386,choked_restriction;kantrowitz_limit;nonlinear_acoustic_pulse;reduced_model_invalid,0.0,5.135551503598892,0.05
B,1.5,2.0,0.5625,250,0.03,piston,5640.000166252063,3039.75,2600.2501662520626,1.8554157961187803,441.7864669110647,15.958895302021233,308.80116607167344,0.9827429543075973,False,none,6190.910866335753,4595.021336133629,1595.8895302021233,1547727.716583938,1.7196974628710424,1.1130825823359281e-16,0.0,0.4704037110618105,1743.5752498950985,2.9134814499752957,249472.02687319386,kantrowitz_limit;nonlinear_acoustic_pulse;reduced_model_invalid,0.1,5.135551503598892,0.05
B,1.5,2.0,0.5625,250,0.03,piston,5208.007093124768,3039.75,2168.2570931247683,1.7133011244756209,441.7864669110647,15.958895302021233,289.8089451558792,0.9118614540404562,False,none,5427.51609230791,3831.626562105787,1595.8895302021233,1356879.0230769776,1.5076433589744196,1.1130825823359281e-16,0.0,0.4704037110618105,1743.5752498950985,2.9134814499752957,249472.02687319386,kantrowitz_limit;nonlinear_acoustic_pulse;reduced_model_invalid,0.25,5.135551503598892,0.05
B,1.5,2.0,0.5625,250,0.03,piston,4696.161696189807,3039.75,1656.4116961898071,1.5449170807434187,441.7864669110647,15.958895302021233,262.3704930966934,0.8134178571612827,False,none,4523.010614241558,2927.1210840394347,1595.8895302021233,1130752.6535603895,1.2563918372893217,0.0,0.0,0.4704037110618105,1743.5752498950985,2.9134814499752957,249472.02687319386,kantrowitz_limit;nonlinear_acoustic_pulse;reduced_model_invalid,0.5,5.135551503598892,0.05
B,1.5,2.0,0.5625,250,0.03,piston,4098.974120165959,3039.75,1059.224120165959,1.348457642952861,441.7864669110647,15.958895302021233,219.60298390020733,0.6677266058188461,False,none,3467.6930570625236,1871.8035268604,1595.8895302021233,866923.2642656309,0.9632480714062566,1.1130825823359281e-16,0.0,0.4704037110618105,1743.5752498950985,2.9134814499752957,249472.02687319386,kantrowitz_limit;nonlinear_acoustic_pulse,1.0,5.135551503598892,0.05
B,1.5,2.0,0.5625,250,0.03,piston,3776.0803630868522,3039.75,736.3303630868522,1.242233855773288,441.7864669110647,15.958895302021233,188.14197790273474,0.5653997156194802,False,none,2897.0926885520507,1301.2031583499274,1595.8895302021233,724273.1721380127,0.8047479690422363,1.0017743241023352e-15,0.0,0.4704037110618105,1743.5752498950985,2.9134814499752957,249472.02687319386,kantrowitz_limit;nonlinear_acoustic_pulse,1.5,5.135551503598892,0.05
B,1.5,2.0,0.5625,250,0.03,piston,3581.5675209407073,3039.75,541.8175209407073,1.1782441059102582,441.7864669110647,15.958895302021233,164.2198909735194,0.4897951549235985,False,none,2553.3601233497507,957.4705931476274,1595.8895302021233,638340.0308374377,0.7092667009304863,0.0,1.2158631571568835e-16,0.4704037110618105,1743.5752498950985,2.9134814499752957,249472.02687319386,kantrowitz_limit;nonlinear_acoustic_pulse,2.0,5.135551503598892,0.05
B,1.5,2.0,0.5625,250,0.03,piston,3368.552393435153,3039.75,328.80239343515314,1.1081675774110216,441.7864669110647,15.958895302021233,130.5155226733823,0.3858749887845514,False,none,2176.931321032596,581.0417908304726,1595.8895302021233,544232.830258149,0.6047031447312766,1.0017743241023352e-15,0.0,0.4704037110618105,1743.5752498950985,2.9134814499752957,249472.02687319386,kantrowitz_limit;nonlinear_acoustic_pulse,3.0,5.135551503598892,0.05
B,1.5,2.0,0.5625,250,0.03,piston,3260.4449266527845,3039.75,220.6949266527845,1.0726029859866055,441.7864669110647,15.958895302021233,108.06652412905505,0.3180181223448587,False,none,1985.8896578466442,390.0001276445209,1595.8895302021233,496472.4144616611,0.5516360160685123,1.4470073570367064e-15,0.0,0.4704037110618105,1743.5752498950985,2.9134814499752957,249472.02687319386,kantrowitz_limit;nonlinear_acoustic_pulse,4.0,5.135551503598892,0.05
B,1.5,2.0,0.5625,250,0.1,piston,19996.00485693533,10132.5,9863.504856935331,1.9734522434675876,441.7864669110647,53.1963176734041,313.3264943845849,1.0,True,annulus,22749.883615762756,17430.251848422344,5319.631767340411,5687470.903940689,6.319412115489654,1.335699098803114e-16,0.0,0.4704037110618105,5811.917499650328,2.9134814499752957,831573.4229106462,choked_restriction;kantrowitz_limit;nonlinear_acoustic_pulse;reduced_model_invalid,0.0,5.135551503598892,0.05
B,1.5,2.0,0.5625,250,0.1,piston,18800.00055417354,10132.5,8667.50055417354,1.8554157961187803,441.7864669110647,53.1963176734041,308.80116607167344,0.9827429543075973,False,none,20636.369554452507,15316.737787112095,5319.631767340411,5159092.388613127,5.732324876236808,1.335699098803114e-16,0.0,0.4704037110618105,5811.917499650328,2.9134814499752957,831573.4229106462,kantrowitz_limit;nonlinear_acoustic_pulse;reduced_model_invalid,0.1,5.135551503598892,0.05
B,1.5,2.0,0.5625,250,0.1,piston,17360.023643749224,10132.5,7227.523643749224,1.7133011244756204,441.7864669110647,53.1963176734041,289.8089451558792,0.9118614540404562,False,none,18091.720307693027,12772.088540352615,5319.631767340411,4522930.076923257,5.025477863248063,0.0,1.458371622891625e-16,0.4704037110618105,5811.917499650328,2.9134814499752957,831573.4229106462,kantrowitz_limit;nonlinear_acoustic_pulse;reduced_model_invalid,0.25,5.135551503598892,0.05
B,1.5,2.0,0.5625,250,0.1,piston,15653.87232063269,10132.5,5521.37232063269,1.5449170807434187,441.7864669110647,53.1963176734041,262.3704930966934,0.8134178571612827,False,none,15076.70204747186,9757.07028013145,5319.631767340411,3769175.5118679646,4.187972790964405,1.335699098803114e-16,0.0,0.4704037110618105,5811.917499650328,2.9134814499752957,831573.4229106462,kantrowitz_limit;nonlinear_acoustic_pulse;reduced_model_invalid,0.5,5.135551503598892,0.05
B,1.5,2.0,0.5625,250,0.1,piston,13663.247067219861,10132.5,3530.7470672198615,1.3484576429528607,441.7864669110647,53.1963176734041,219.60298390020733,0.6677266058188461,False,none,11558.976856875075,6239.345089534664,5319.631767340411,2889744.2142187688,3.210826904687521,1.335699098803114e-16,1.4926607861097446e-16,0.4704037110618105,5811.917499650328,2.9134814499752957,831573.4229106462,kantrowitz_limit;nonlinear_acoustic_pulse,1.0,5.135551503598892,0.05
B,1.5,2.0,0.5625,250,0.1,piston,12586.934543622841,10132.5,2454.4345436228414,1.2422338557732882,441.7864669110647,53.1963176734041,188.14197790273474,0.5653997156194802,False,none,9656.975628506836,4337.343861166426,5319.631767340411,2414243.907126709,2.6824932301407878,1.2021291889228026e-15,0.0,0.4704037110618105,5811.917499650328,2.9134814499752957,831573.4229106462,kantrowitz_limit;nonlinear_acoustic_pulse,1.5,5.135551503598892,0.05
B,1.5,2.0,0.5625,250,0.1,piston,11938.55840313569,10132.5,1806.0584031356902,1.1782441059102582,441.7864669110647,53.1963176734041,164.2198909735194,0.4897951549235985,False,none,8511.200411165835,3191.5686438254234,5319.631767340411,2127800.102791459,2.3642223364349544,1.335699098803114e-16,1.4590357885882606e-16,0.4704037110618105,5811.917499650328,2.9134814499752957,831573.4229106462,kantrowitz_limit;nonlinear_acoustic_pulse,2.0,5.135551503598892,0.05
B,1.5,2.0,0.5625,250,0.1,piston,11228.507978117173,10132.5,1096.0079781171735,1.1081675774110213,441.7864669110647,53.1963176734041,130.5155226733823,0.3858749887845514,False,none,7256.437736775313,1936.8059694349022,5319.631767340411,1814109.4341938284,2.0156771491042536,9.349893691621798e-16,1.2021371646319435e-16,0.4704037110618105,5811.917499650328,2.9134814499752957,831573.4229106462,kantrowitz_limit;nonlinear_acoustic_pulse,3.0,5.135551503598892,0.05
B,1.5,2.0,0.5625,250,0.1,piston,10868.149755509281,10132.5,735.649755509281,1.0726029859866055,441.7864669110647,53.1963176734041,108.06652412905505,0.3180181223448587,False,none,6619.632192822146,1300.0004254817352,5319.631767340411,1654908.0482055366,1.8387867202283739,1.6028389185637366e-15,0.0,0.4704037110618105,5811.917499650328,2.9134814499752957,831573.4229106462,kantrowitz_limit;nonlinear_acoustic_pulse,4.0,5.135551503598892,0.05
B,1.5,2.0,0.5625,300,0.001,piston,239.95205828322395,101.325,138.62705828322396,2.3681426921611046,530.1437602932776,0.6383558120808492,313.3264943845849,1.0,True,annulus,321.57693063858096,244.97423318887903,76.6026974497019,96473.07919157429,0.0893269251773836,0.0,1.9800606563040846e-16,0.44376417542163477,69.74300999580393,2.9134814499752957,9978.881074927755,choked_restriction;kantrowitz_limit;nonlinear_acoustic_pulse;reduced_model_invalid;low_reynolds_or_rarefaction_check,0.0,6.475730238895153,0.05
B,1.5,2.0,0.5625,300,0.001,piston,225.54348434625885,101.325,124.21848434625885,2.225941123575217,530.1437602932776,0.6383558120808492,313.3264943845849,1.0,True,annulus+dedicated_bypass,296.11487874722627,219.51218129752434,76.6026974497019,88834.46362416788,0.08225413298534064,0.0,2.2097354145832645e-16,0.44376417542163477,69.74300999580393,2.9134814499752957,9978.881074927755,choked_restriction;kantrowitz_limit;nonlinear_acoustic_pulse;reduced_model_invalid;low_reynolds_or_rarefaction_check,0.1,6.475730238895153,0.05
B,1.5,2.0,0.5625,300,0.001,piston,206.90704039794198,101.325,105.58204039794198,2.0420137221607892,530.1437602932776,0.6383558120808492,313.3264943845849,1.0,True,annulus+dedicated_bypass,263.18156383637427,186.57886638667236,76.6026974497019,78954.46915091228,0.07310598995454841,0.0,0.0,0.44376417542163477,69.74300999580393,2.9134814499752957,9978.881074927755,choked_restriction;kantrowitz_limit;nonlinear_acoustic_pulse;reduced_model_invalid;low_reynolds_or_rarefaction_check,0.25,6.475730238895153,0.05
B,1.5,2.0,0.5625,300,0.001,piston,182.17438429913466,101.325,80.84938429913466,1.797921384644803,530.1437602932776,0.6383558120808492,301.4931967439417,0.9551808083109362,False,none,219.47535281550032,142.8726553657984,76.6026974497019,65842.6058446501,0.06096537578208342,3.4783830697997757e-16,0.0,0.44376417542163477,69.74300999580393,2.9134814499752957,9978.881074927755,kantrowitz_limit;nonlinear_acoustic_pulse;reduced_model_invalid;low_reynolds_or_rarefaction_check,0.5,6.475730238895153,0.05
B,1.5,2.0,0.5625,300,0.001,piston,152.7285993645238,101.325,51.4035993645238,1.5073140820579698,530.1437602932776,0.6383558120808492,255.27042295978214,0.7886248081636116,False,none,167.44035564876117,90.83765819905928,76.6026974497019,50232.10669462835,0.04651120990243366,0.0,1.3349745319353275e-16,0.44376417542163477,69.74300999580393,2.9134814499752957,9978.881074927755,kantrowitz_limit;nonlinear_acoustic_pulse;low_reynolds_or_rarefaction_check,1.0,6.475730238895153,0.05
B,1.5,2.0,0.5625,300,0.001,piston,136.94176235069736,101.325,35.61676235069736,1.3515101144899813,530.1437602932776,0.6383558120808492,220.39678477305725,0.6703567447210194,False,none,139.54271185660434,62.94001440690244,76.6026974497019,41862.8135569813,0.038761864404612316,1.0435149209399327e-15,0.0,0.44376417542163477,69.74300999580393,2.9134814499752957,9978.881074927755,kantrowitz_limit;nonlinear_acoustic_pulse;low_reynolds_or_rarefaction_check,1.5,6.475730238895153,0.05
B,1.5,2.0,0.5625,300,0.001,piston,127.48020949547302,101.325,26.155209495473017,1.258131847969139,530.1437602932776,0.6383558120808492,193.40457985086454,0.5822715958747174,False,none,122.82276782699692,46.220070377295016,76.6026974497019,36846.83034809908,0.03411743550749915,3.4783830697997757e-16,1.3118322759625294e-16,0.44376417542163477,69.74300999580393,2.9134814499752957,9978.881074927755,kantrowitz_limit;nonlinear_acoustic_pulse;low_reynolds_or_rarefaction_check,2.0,6.475730238895153,0.05
B,1.5,2.0,0.5625,300,0.001,piston,117.16190147984234,101.325,15.83690147984234,1.1562980654314565,530.1437602932776,0.6383558120808492,154.7276329498094,0.4602460927586078,False,none,104.58881245609454,27.986115006392634,76.6026974497019,31376.643736828362,0.029052447904470705,8.69595767449944e-16,0.0,0.44376417542163477,69.74300999580393,2.9134814499752957,9978.881074927755,kantrowitz_limit;nonlinear_acoustic_pulse;low_reynolds_or_rarefaction_check,3.0,6.475730238895153,0.05
B,1.5,2.0,0.5625,300,0.001,piston,111.94279065229303,101.325,10.617790652293024,1.1047894463586778,530.1437602932776,0.6383558120808492,128.5889678485161,0.38001326424324516,False,none,95.36588232441336,18.763184874711456,76.6026974497019,28609.764697324008,0.0264905228678926,1.3913532279199103e-15,0.0,0.44376417542163477,69.74300999580393,2.9134814499752957,9978.881074927755,kantrowitz_limit;nonlinear_acoustic_pulse;low_reynolds_or_rarefaction_check,4.0,6.475730238895153,0.05
B,1.5,2.0,0.5625,300,0.003,piston,719.8561748496719,303.975,415.8811748496719,2.368142692161105,530.1437602932776,1.915067436242548,313.3264943845849,1.0,True,annulus,964.7307919157427,734.922699566637,229.80809234910572,289419.2375747228,0.2679807755321507,0.0,1.3200404375360565e-16,0.4437641754216347,209.22902998741182,2.9134814499752957,29936.643224783267,choked_restriction;kantrowitz_limit;nonlinear_acoustic_pulse;reduced_model_invalid,0.0,6.475730238895153,0.05
B,1.5,2.0,0.5625,300,0.003,piston,676.6304530387766,303.975,372.6554530387766,2.225941123575217,530.1437602932776,1.915067436242548,313.3264943845849,1.0,True,annulus+dedicated_bypass,888.3446362416789,658.5365438925731,229.80809234910572,266503.3908725037,0.24676239895602192,2.3189220465331837e-16,0.0,0.4437641754216347,209.22902998741182,2.9134814499752957,29936.643224783267,choked_restriction;kantrowitz_limit;nonlinear_acoustic_pulse;reduced_model_invalid,0.1,6.475730238895153,0.05
B,1.5,2.0,0.5625,300,0.003,piston,620.7211211938262,303.975,316.7461211938262,2.04201372216079,530.1437602932776,1.915067436242548,313.3264943845849,1.0,True,annulus+dedicated_bypass,789.5446915091231,559.7365991600175,229.80809234910572,236863.40745273695,0.21931796986364532,1.1594610232665918e-16,0.0,0.4437641754216347,209.22902998741182,2.9134814499752957,29936.643224783267,choked_restriction;kantrowitz_limit;nonlinear_acoustic_pulse;reduced_model_invalid,0.25,6.475730238895153,0.05
B,1.5,2.0,0.5625,300,0.003,piston,546.523152897404,303.975,242.54815289740395,1.7979213846448028,530.1437602932776,1.915067436242548,301.4931967439417,0.9551808083109362,False,none,658.426058446501,428.6179660973952,229.80809234910572,197527.8175339503,0.18289612734625027,2.3189220465331837e-16,1.131692741118883e-16,0.4437641754216347,209.22902998741182,2.9134814499752957,29936.643224783267,kantrowitz_limit;nonlinear_acoustic_pulse;reduced_model_invalid,0.5,6.475730238895153,0.05
B,1.5,2.0,0.5625,300,0.003,piston,458.1857980935715,303.975,154.2107980935715,1.5073140820579702,530.1437602932776,1.915067436242548,255.27042295978214,0.7886248081636116,False,none,502.32106694628374,272.512974597178,229.80809234910572,150696.32008388513,0.13953362970730104,5.797305116332958e-16,0.0,0.4437641754216347,209.22902998741182,2.9134814499752957,29936.643224783267,kantrowitz_limit;nonlinear_acoustic_pulse,1.0,6.475730238895153,0.05
B,1.5,2.0,0.5625,300,0.003,piston,410.82528705209205,303.975,106.85028705209203,1.351510114489981,530.1437602932776,1.915067436242548,220.39678477305725,0.6703567447210194,False,none,418.62813556981297,188.82004322070725,229.80809234910572,125588.44067094389,0.11628559321383694,9.275688186132735e-16,1.2844606766099033e-16,0.4437641754216347,209.22902998741182,2.9134814499752957,29936.643224783267,kantrowitz_limit;nonlinear_acoustic_pulse,1.5,6.475730238895153,0.05
B,1.5,2.0,0.5625,300,0.003,piston,382.4406284864191,303.975,78.46562848641906,1.258131847969139,530.1437602932776,1.915067436242548,193.40457985086454,0.5822715958747174,False,none,368.4683034809908,138.66021113188506,229.80809234910572,110540.49104429725,0.10235230652249745,2.3189220465331837e-16,1.7491097012833723e-16,0.4437641754216347,209.22902998741182,2.9134814499752957,29936.643224783267,kantrowitz_limit;nonlinear_acoustic_pulse,2.0,6.475730238895153,0.05
B,1.5,2.0,0.5625,300,0.003,piston,351.48570443952707,303.975,47.510704439527046,1.1562980654314567,530.1437602932776,1.915067436242548,154.7276329498094,0.4602460927586078,False,none,313.7664373682837,83.95834501917795,229.80809234910572,94129.9312104851,0.08715734371341213,8.116227162866143e-16,1.4443586305648422e-16,0.4437641754216347,209.22902998741182,2.9134814499752957,29936.643224783267,kantrowitz_limit;nonlinear_acoustic_pulse,3.0,6.475730238895153,0.05
B,1.5,2.0,0.5625,300,0.003,piston,335.828371956879,303.975,31.85337195687896,1.1047894463586774,530.1437602932776,1.915067436242548,128.5889678485161,0.38001326424324516,False,none,286.0976469732399,56.28955462413416,229.80809234910572,85829.29409197197,0.07947156860367774,1.0435149209399325e-15,0.0,0.4437641754216347,209.22902998741182,2.9134814499752957,29936.643224783267,kantrowitz_limit;nonlinear_acoustic_pulse,4.0,6.475730238895153,0.05
B,1.5,2.0,0.5625,300,0.01,piston,2399.5205828322396,1013.25,1386.2705828322396,2.368142692161105,530.1437602932776,6.383558120808493,313.3264943845849,1.0,True,annulus,3215.769306385809,2449.74233188879,766.0269744970192,964730.7919157428,0.8932692517738359,0.0,1.5840485250432676e-16,0.4437641754216348,697.4300999580394,2.9134814499752957,99788.81074927755,choked_restriction;kantrowitz_limit;nonlinear_acoustic_pulse;reduced_model_invalid,0.0,6.4757302388951885,0.05
B,1.5,2.0,0.5625,300,0.01,piston,2255.434843462588,1013.25,1242.184843462588,2.2259411235752165,530.1437602932776,6.383558120808493,313.3264943845849,1.0,True,annulus+dedicated_bypass,2961.148787472262,2195.121812975243,766.0269744970192,888344.6362416786,0.8225413298534061,0.0,0.0,0.4437641754216348,697.4300999580394,2.9134814499752957,99788.81074927755,choked_restriction;kantrowitz_limit;nonlinear_acoustic_pulse;reduced_model_invalid,0.1,6.4757302388951885,0.05
B,1.5,2.0,0.5625,300,0.01,piston,2069.07040397942,1013.25,1055.82040397942,2.0420137221607897,530.1437602932776,6.383558120808493,313.3264943845849,1.0,True,annulus+dedicated_bypass,2631.8156383637433,1865.788663866724,766.0269744970192,789544.691509123,0.7310598995454842,0.0,0.0,0.4437641754216348,697.4300999580394,2.9134814499752957,99788.81074927755,choked_restriction;kantrowitz_limit;nonlinear_acoustic_pulse;reduced_model_invalid,0.25,6.4757302388951885,0.05
B,1.5,2.0,0.5625,300,0.01,piston,1821.743842991346,1013.25,808.4938429913459,1.7979213846448023,530.1437602932776,6.383558120808493,301.49319674394155,0.9551808083109357,False,none,2194.753528155002,1428.726553657983,766.0269744970192,658426.0584465007,0.609653757820834,0.0,1.3580312893426606e-16,0.4437641754216348,697.4300999580394,2.9134814499752957,99788.81074927755,kantrowitz_limit;nonlinear_acoustic_pulse;reduced_model_invalid,0.5,6.4757302388951885,0.05
B,1.5,2.0,0.5625,300,0.01,piston,1527.2859936452382,1013.25,514.0359936452382,1.5073140820579702,530.1437602932776,6.383558120808493,255.27042295978214,0.7886248081636116,False,none,1674.4035564876124,908.3765819905932,766.0269744970192,502321.06694628374,0.46511209902433676,4.1740596837597304e-16,2.1359592510965229e-16,0.4437641754216348,697.4300999580394,2.9134814499752957,99788.81074927755,kantrowitz_limit;nonlinear_acoustic_pulse,1.0,6.4757302388951885,0.05
B,1.5,2.0,0.5625,300,0.01,piston,1369.4176235069735,1013.25,356.16762350697354,1.3515101144899813,530.1437602932776,6.383558120808493,220.39678477305725,0.6703567447210194,False,none,1395.4271185660436,629.4001440690243,766.0269744970192,418628.1355698131,0.38761864404612323,1.113082582335928e-15,1.5413528119318835e-16,0.4437641754216348,697.4300999580394,2.9134814499752957,99788.81074927755,kantrowitz_limit;nonlinear_acoustic_pulse,1.5,6.4757302388951885,0.05
B,1.5,2.0,0.5625,300,0.01,piston,1274.8020949547306,1013.25,261.5520949547306,1.2581318479691395,530.1437602932776,6.383558120808493,193.40457985086482,0.5822715958747183,False,none,1228.22767826997,462.20070377295093,766.0269744970192,368468.30348099105,0.34117435507499166,6.95676613959955e-16,2.0989316415400436e-16,0.4437641754216348,697.4300999580394,2.9134814499752957,99788.81074927755,kantrowitz_limit;nonlinear_acoustic_pulse,2.0,6.4757302388951885,0.05
B,1.5,2.0,0.5625,300,0.01,piston,1171.6190147984234,1013.25,158.36901479842345,1.1562980654314567,530.1437602932776,6.383558120808493,154.7276329498094,0.4602460927586078,False,none,1045.8881245609457,279.86115006392646,766.0269744970192,313766.4373682837,0.29052447904470713,8.348119367519461e-16,0.0,0.4437641754216348,697.4300999580394,2.9134814499752957,99788.81074927755,kantrowitz_limit;nonlinear_acoustic_pulse,3.0,6.4757302388951885,0.05
B,1.5,2.0,0.5625,300,0.01,piston,1119.4279065229302,1013.25,106.17790652293024,1.1047894463586778,530.1437602932776,6.383558120808493,128.5889678485161,0.38001326424324516,False,none,953.6588232441337,187.63184874711456,766.0269744970192,286097.64697324013,0.264905228678926,1.39135322791991e-15,0.0,0.4437641754216348,697.4300999580394,2.9134814499752957,99788.81074927755,kantrowitz_limit;nonlinear_acoustic_pulse,4.0,6.4757302388951885,0.05
B,1.5,2.0,0.5625,300,0.03,piston,7198.56174849672,3039.75,4158.81174849672,2.368142692161105,530.1437602932776,19.15067436242548,313.3264943845849,1.0,True,annulus,9647.307919157429,7349.226995666372,2298.080923491057,2894192.3757472285,2.679807755321508,0.0,2.1120647000576897e-16,0.44376417542163477,2092.2902998741183,2.9134814499752957,299366.43224783265,choked_restriction;kantrowitz_limit;nonlinear_acoustic_pulse;reduced_model_invalid,0.0,6.475730238895154,0.05
B,1.5,2.0,0.5625,300,0.03,piston,6766.304530387766,3039.75,3726.554530387766,2.225941123575217,530.1437602932776,19.15067436242548,313.3264943845849,1.0,True,annulus+dedicated_bypass,8883.44636241679,6585.365438925732,2298.080923491057,2665033.908725037,2.467623989560219,0.0,1.1785255544444075e-16,0.44376417542163477,2092.2902998741183,2.9134814499752957,299366.43224783265,choked_restriction;kantrowitz_limit;nonlinear_acoustic_pulse;reduced_model_invalid,0.1,6.475730238895154,0.05
B,1.5,2.0,0.5625,300,0.03,piston,6207.211211938261,3039.75,3167.461211938261,2.0420137221607897,530.1437602932776,19.15067436242548,313.3264943845849,1.0,True,annulus+dedicated_bypass,7895.44691509123,5597.365991600173,2298.080923491057,2368634.074527369,2.193179698636453,0.0,0.0,0.44376417542163477,2092.2902998741183,2.9134814499752957,299366.43224783265,choked_restriction;kantrowitz_limit;nonlinear_acoustic_pulse;reduced_model_invalid,0.25,6.475730238895154,0.05
B,1.5,2.0,0.5625,300,0.03,piston,5465.231528974039,3039.75,2425.481528974039,1.7979213846448028,530.1437602932776,19.15067436242548,301.4931967439417,0.9551808083109362,False,none,6584.260584465008,4286.179660973951,2298.080923491057,1975278.1753395023,1.8289612734625023,1.8551376372265467e-16,1.8107083857902132e-16,0.44376417542163477,2092.2902998741183,2.9134814499752957,299366.43224783265,kantrowitz_limit;nonlinear_acoustic_pulse;reduced_model_invalid,0.5,6.475730238895154,0.05
B,1.5,2.0,0.5625,300,0.03,piston,4581.857980935714,3039.75,1542.1079809357143,1.50731408205797,530.1437602932776,19.15067436242548,255.27042295978214,0.7886248081636116,False,none,5023.210669462836,2725.129745971779,2298.080923491057,1506963.200838851,1.39533629707301,0.0,0.0,0.44376417542163477,2092.2902998741183,2.9134814499752957,299366.43224783265,kantrowitz_limit;nonlinear_acoustic_pulse,1.0,6.475730238895154,0.05
B,1.5,2.0,0.5625,300,0.03,piston,4108.252870520921,3039.75,1068.5028705209206,1.3515101144899813,530.1437602932776,19.15067436242548,220.39678477305725,0.6703567447210194,False,none,4186.28135569813,1888.2004322070732,2298.080923491057,1255884.4067094391,1.1628559321383694,9.275688186132733e-16,0.0,0.44376417542163477,2092.2902998741183,2.9134814499752957,299366.43224783265,kantrowitz_limit;nonlinear_acoustic_pulse,1.5,6.475730238895154,0.05
B,1.5,2.0,0.5625,300,0.03,piston,3824.40628486419,3039.75,784.6562848641902,1.258131847969139,530.1437602932776,19.15067436242548,193.40457985086454,0.5822715958747174,False,none,3684.683034809907,1386.60211131885,2298.080923491057,1105404.910442972,1.0235230652249743,1.8551376372265467e-16,1.3992877610266986e-16,0.44376417542163477,2092.2902998741183,2.9134814499752957,299366.43224783265,kantrowitz_limit;nonlinear_acoustic_pulse,2.0,6.475730238895154,0.05
B,1.5,2.0,0.5625,300,0.03,piston,3514.8570443952713,3039.75,475.10704439527126,1.156298065431457,530.1437602932776,19.15067436242548,154.72763294980976,0.460246092758609,False,none,3137.6643736828382,839.5834501917809,2298.080923491057,941299.3121048515,0.8715734371341217,1.113082582335928e-15,1.155486904451872e-16,0.44376417542163477,2092.2902998741183,2.9134814499752957,299366.43224783265,kantrowitz_limit;nonlinear_acoustic_pulse,3.0,6.475730238895154,0.05
B,1.5,2.0,0.5625,300,0.03,piston,3358.2837195687907,3039.75,318.53371956879073,1.1047894463586778,530.1437602932776,19.15067436242548,128.5889678485161,0.38001326424324516,False,none,2860.976469732401,562.8955462413437,2298.080923491057,858292.9409197202,0.794715686036778,1.2985963460585826e-15,0.0,0.44376417542163477,2092.2902998741183,2.9134814499752957,299366.43224783265,kantrowitz_limit;nonlinear_acoustic_pulse,4.0,6.475730238895154,0.05
B,1.5,2.0,0.5625,300,0.1,piston,23995.2058283224,10132.5,13862.7058283224,2.3681426921611055,530.1437602932776,63.83558120808493,313.3264943845849,1.0,True,annulus,32157.6930638581,24497.423318887908,7660.269744970192,9647307.91915743,8.932692517738362,0.0,0.0,0.4437641754216348,6974.300999580394,2.9134814499752957,997888.1074927754,choked_restriction;kantrowitz_limit;nonlinear_acoustic_pulse;reduced_model_invalid,0.0,6.475730238895154,0.05
B,1.5,2.0,0.5625,300,0.1,piston,22554.34843462589,10132.5,12421.848434625888,2.2259411235752173,530.1437602932776,63.83558120808493,313.3264943845849,1.0,True,annulus+dedicated_bypass,29611.487874722632,21951.21812975244,7660.269744970192,8883446.362416789,8.225413298534065,1.1130825823359281e-16,1.414230665333289e-16,0.4437641754216348,6974.300999580394,2.9134814499752957,997888.1074927754,choked_restriction;kantrowitz_limit;nonlinear_acoustic_pulse;reduced_model_invalid,0.1,6.475730238895154,0.05
B,1.5,2.0,0.5625,300,0.1,piston,20690.704039794204,10132.5,10558.204039794204,2.0420137221607897,530.1437602932776,63.83558120808493,313.3264943845849,1.0,True,annulus+dedicated_bypass,26318.156383637437,18657.886638667245,7660.269744970192,7895446.915091231,7.310598995454844,1.1130825823359281e-16,0.0,0.4437641754216348,6974.300999580394,2.9134814499752957,997888.1074927754,choked_restriction;kantrowitz_limit;nonlinear_acoustic_pulse;reduced_model_invalid,0.25,6.475730238895154,0.05
B,1.5,2.0,0.5625,300,0.1,piston,18217.438429913465,10132.5,8084.938429913465,1.797921384644803,530.1437602932776,63.83558120808493,301.4931967439417,0.9551808083109362,False,none,21947.53528155003,14287.26553657984,7660.269744970192,6584260.584465009,6.096537578208341,1.1130825823359281e-16,2.1728500629482553e-16,0.4437641754216348,6974.300999580394,2.9134814499752957,997888.1074927754,kantrowitz_limit;nonlinear_acoustic_pulse;reduced_model_invalid,0.5,6.475730238895154,0.05
B,1.5,2.0,0.5625,300,0.1,piston,15272.859936452382,10132.5,5140.359936452382,1.50731408205797,530.1437602932776,63.83558120808493,255.27042295978214,0.7886248081636116,False,none,16744.03556487612,9083.76581990593,7660.269744970192,5023210.669462836,4.651120990243367,3.3392477470077844e-16,1.7087674008772187e-16,0.4437641754216348,6974.300999580394,2.9134814499752957,997888.1074927754,kantrowitz_limit;nonlinear_acoustic_pulse,1.0,6.475730238895154,0.05
B,1.5,2.0,0.5625,300,0.1,piston,13694.176235069735,10132.5,3561.6762350697354,1.3515101144899813,530.1437602932776,63.83558120808493,220.39678477305725,0.6703567447210194,False,none,13954.271185660436,6294.001440690244,7660.269744970192,4186281.355698131,3.8761864404612325,1.0017743241023352e-15,1.233082249545507e-16,0.4437641754216348,6974.300999580394,2.9134814499752957,997888.1074927754,kantrowitz_limit;nonlinear_acoustic_pulse,1.5,6.475730238895154,0.05
B,1.5,2.0,0.5625,300,0.1,piston,12748.020949547305,10132.5,2615.5209495473046,1.2581318479691395,530.1437602932776,63.83558120808493,193.40457985086482,0.5822715958747183,False,none,12282.276782699699,4622.007037729507,7660.269744970192,3684683.0348099098,3.4117435507499163,4.452330329343713e-16,0.0,0.4437641754216348,6974.300999580394,2.9134814499752957,997888.1074927754,kantrowitz_limit;nonlinear_acoustic_pulse,2.0,6.475730238895154,0.05
B,1.5,2.0,0.5625,300,0.1,piston,11716.190147984234,10132.5,1583.6901479842345,1.1562980654314567,530.1437602932776,63.83558120808493,154.7276329498094,0.4602460927586078,False,none,10458.881245609457,2798.6115006392642,7660.269744970192,3137664.373682837,2.905244790447071,6.678495494015569e-16,1.386584285342249e-16,0.4437641754216348,6974.300999580394,2.9134814499752957,997888.1074927754,kantrowitz_limit;nonlinear_acoustic_pulse,3.0,6.475730238895154,0.05
B,1.5,2.0,0.5625,300,0.1,piston,11194.279065229302,10132.5,1061.7790652293024,1.1047894463586778,530.1437602932776,63.83558120808493,128.5889678485161,0.38001326424324516,False,none,9536.588232441338,1876.3184874711455,7660.269744970192,2860976.4697324014,2.6490522867892605,1.4470073570367064e-15,0.0,0.4437641754216348,6974.300999580394,2.9134814499752957,997888.1074927754,kantrowitz_limit;nonlinear_acoustic_pulse,4.0,6.475730238895154,0.05
B,1.5,2.0,0.5625,350,0.001,piston,279.94406799709463,101.325,178.61906799709465,2.7628331408546227,618.5010536754905,0.7447484474276574,313.3264943845849,1.0,True,annulus,419.91073053340665,315.64594789353464,104.26478263987204,146968.75568669234,0.11664186959261295,0.0,0.0,0.4376402432858992,81.36684499510459,2.9134814499752957,11642.027920749046,choked_restriction;kantrowitz_limit;nonlinear_acoustic_pulse;reduced_model_invalid,0.0,7.815908974191414,0.05
B,1.5,2.0,0.5625,350,0.001,piston,263.13406507063536,101.325,161.80906507063537,2.5969313108377534,618.5010536754905,0.7447484474276574,313.3264943845849,1.0,True,annulus+dedicated_bypass,390.2050033268263,285.94022068695426,104.26478263987204,136571.7511643892,0.10839027870189619,1.490735601342761e-16,0.0,0.4376402432858992,81.36684499510459,2.9134814499752957,11642.027920749046,choked_restriction;kantrowitz_limit;nonlinear_acoustic_pulse;reduced_model_invalid,0.1,7.815908974191414,0.05
B,1.5,2.0,0.5625,350,0.001,piston,241.39154713093234,101.325,140.06654713093235,2.382349342520921,618.5010536754905,0.7447484474276574,313.3264943845849,1.0,True,annulus+dedicated_bypass,351.7828025974989,247.51801995762688,104.26478263987204,123123.98090912461,0.09771744516597192,0.0,1.6797524745711181e-16,0.4376402432858992,81.36684499510459,2.9134814499752957,11642.027920749046,choked_restriction;kantrowitz_limit;nonlinear_acoustic_pulse;reduced_model_invalid,0.25,7.815908974191414,0.05
B,1.5,2.0,0.5625,350,0.001,piston,212.17223055710235,101.325,110.84723055710235,2.0939771088783847,618.5010536754905,0.7447484474276574,313.3264943845849,1.0,True,annulus+dedicated_bypass,300.1480080586658,195.8832254187938,104.26478263987204,105051.80282053303,0.08337444668296273,0.0,0.0,0.4376402432858992,81.36684499510459,2.9134814499752957,11642.027920749046,choked_restriction;kantrowitz_limit;nonlinear_acoustic_pulse;reduced_model_invalid,0.5,7.815908974191414,0.05
B,1.5,2.0,0.5625,350,0.001,piston,172.19736300718958,101.325,70.87236300718958,1.6994558401893864,618.5010536754905,0.7447484474276574,287.77947939066036,0.904426943713552,False,none,229.50658605821093,125.24180341833889,104.26478263987204,80327.30512037383,0.06375182946061414,2.981471202685522e-16,0.0,0.4376402432858992,81.36684499510459,2.9134814499752957,11642.027920749046,kantrowitz_limit;nonlinear_acoustic_pulse;reduced_model_invalid,1.0,7.815908974191414,0.05
B,1.5,2.0,0.5625,350,0.001,piston,150.24572826827455,101.325,48.920728268274544,1.482810049526519,618.5010536754905,0.7447484474276574,250.40754463986625,0.7717923255261191,False,none,190.71484544130107,86.45006280142903,104.26478263987204,66750.19590445537,0.052976345955916965,5.962942405371044e-16,1.2023386480347777e-16,0.4376402432858992,81.36684499510459,2.9134814499752957,11642.027920749046,kantrowitz_limit;nonlinear_acoustic_pulse,1.5,7.815908974191414,0.05
B,1.5,2.0,0.5625,350,0.001,piston,137.16519949168554,101.325,35.84019949168554,1.3537152676208788,618.5010536754905,0.7447484474276574,220.96703835036197,0.6722477700318744,False,none,167.59964306715,63.33486042727796,104.26478263987204,58659.8750735025,0.04655545640754167,1.490735601342761e-16,0.0,0.4376402432858992,81.36684499510459,2.9134814499752957,11642.027920749046,kantrowitz_limit;nonlinear_acoustic_pulse,2.0,7.815908974191414,0.05
B,1.5,2.0,0.5625,350,0.001,piston,122.96895812416662,101.325,21.643958124166616,1.213609258565671,618.5010536754905,0.7447484474276574,178.03774152539876,0.5332558180327853,False,none,142.51281379845847,38.248031158586414,104.26478263987204,49879.48482946046,0.03958689272179402,5.962942405371044e-16,1.3587921846253972e-16,0.4376402432858992,81.36684499510459,2.9134814499752957,11642.027920749046,kantrowitz_limit;nonlinear_acoustic_pulse,3.0,7.815908974191414,0.05
B,1.5,2.0,0.5625,350,0.001,piston,115.81655332411603,101.325,14.491553324116026,1.1430205114642589,618.5010536754905,0.7447484474276574,148.56934623788717,0.44119938823432886,False,none,129.8734712123301,25.608688572458057,104.26478263987204,45455.71492431553,0.036075964225647246,0.0,0.0,0.4376402432858992,81.36684499510459,2.9134814499752957,11642.027920749046,kantrowitz_limit;nonlinear_acoustic_pulse,4.0,7.815908974191414,0.05
B,1.5,2.0,0.5625,350,0.003,piston,839.8322039912839,303.975,535.8572039912839,2.7628331408546223,618.5010536754905,2.2342453422829727,313.3264943845849,1.0,True,annulus,1259.73219160022,946.9378436806038,312.7943479196162,440906.267060077,0.34992560877783885,0.0,0.0,0.4376402432858992,244.1005349853138,2.9134814499752957,34926.083762247144,choked_restriction;kantrowitz_limit;nonlinear_acoustic_pulse;reduced_model_invalid,0.0,7.815908974191414,0.05
B,1.5,2.0,0.5625,350,0.003,piston,789.402195211906,303.975,485.427195211906,2.596931310837753,618.5010536754905,2.2342453422829727,313.3264943845849,1.0,True,annulus+dedicated_bypass,1170.6150099804788,857.8206620608626,312.7943479196162,409715.2534931676,0.3251708361056886,0.0,0.0,0.4376402432858992,244.1005349853138,2.9134814499752957,34926.083762247144,choked_restriction;kantrowitz_limit;nonlinear_acoustic_pulse;reduced_model_invalid,0.1,7.815908974191414,0.05
B,1.5,2.0,0.5625,350,0.003,piston,724.1746413927972,303.975,420.19964139279716,2.3823493425209215,618.5010536754905,2.2342453422829727,313.3264943845849,1.0,True,annulus+dedicated_bypass,1055.348407792497,742.5540598728809,312.7943479196162,369371.942727374,0.29315233549791586,0.0,0.0,0.4376402432858992,244.1005349853138,2.9134814499752957,34926.083762247144,choked_restriction;kantrowitz_limit;nonlinear_acoustic_pulse;reduced_model_invalid,0.25,7.815908974191414,0.05
B,1.5,2.0,0.5625,350,0.003,piston,636.5166916713072,303.975,332.54169167130715,2.093977108878385,618.5010536754905,2.2342453422829727,313.3264943845849,1.0,True,annulus+dedicated_bypass,900.4440241759978,587.6496762563816,312.7943479196162,315155.40846159926,0.25012334004888825,0.0,1.4150233491947819e-16,0.4376402432858992,244.1005349853138,2.9134814499752957,34926.083762247144,choked_restriction;kantrowitz_limit;nonlinear_acoustic_pulse;reduced_model_invalid,0.5,7.815908974191414,0.05
B,1.5,2.0,0.5625,350,0.003,piston,516.5920890215688,303.975,212.61708902156875,1.6994558401893864,618.5010536754905,2.2342453422829727,287.77947939066036,0.904426943713552,False,none,688.5197581746329,375.7254102550167,312.7943479196162,240981.9153611215,0.19125548838184248,1.9876474684570144e-16,0.0,0.4376402432858992,244.1005349853138,2.9134814499752957,34926.083762247144,kantrowitz_limit;nonlinear_acoustic_pulse;reduced_model_invalid,1.0,7.815908974191414,0.05
B,1.5,2.0,0.5625,350,0.003,piston,450.7371848048237,303.975,146.76218480482368,1.482810049526519,618.5010536754905,2.2342453422829727,250.40754463986625,0.7717923255261191,False,none,572.1445363239034,259.35018840428717,312.7943479196162,200250.58771336617,0.15892903786775092,5.962942405371043e-16,0.0,0.4376402432858992,244.1005349853138,2.9134814499752957,34926.083762247144,kantrowitz_limit;nonlinear_acoustic_pulse,1.5,7.815908974191414,0.05
B,1.5,2.0,0.5625,350,0.003,piston,411.4955984750566,303.975,107.5205984750566,1.3537152676208786,618.5010536754905,2.2342453422829727,220.96703835036197,0.6722477700318744,False,none,502.79892920145005,190.00458128183385,312.7943479196162,175979.62522050753,0.13966636922262501,0.0,0.0,0.4376402432858992,244.1005349853138,2.9134814499752957,34926.083762247144,kantrowitz_limit;nonlinear_acoustic_pulse,2.0,7.815908974191414,0.05
B,1.5,2.0,0.5625,350,0.003,piston,368.9068743725,303.975,64.93187437249998,1.2136092585656715,618.5010536754905,2.2342453422829727,178.0377415253991,0.5332558180327863,False,none,427.5384413953757,114.74409347575947,312.7943479196162,149638.45448838148,0.11876067816538213,7.950589873828058e-16,0.0,0.4376402432858992,244.1005349853138,2.9134814499752957,34926.083762247144,kantrowitz_limit;nonlinear_acoustic_pulse,3.0,7.815908974191414,0.05
B,1.5,2.0,0.5625,350,0.003,piston,347.4496599723481,303.975,43.47465997234809,1.1430205114642589,618.5010536754905,2.2342453422829727,148.56934623788717,0.44119938823432886,False,none,389.6204136369904,76.82606571737419,312.7943479196162,136367.14477294663,0.10822789267694177,0.0,0.0,0.4376402432858992,244.1005349853138,2.9134814499752957,34926.083762247144,kantrowitz_limit;nonlinear_acoustic_pulse,4.0,7.815908974191414,0.05
B,1.5,2.0,0.5625,350,0.01,piston,2799.440679970946,1013.25,1786.190679970946,2.7628331408546223,618.5010536754905,7.447484474276574,313.3264943845849,1.0,True,annulus,4199.107305334066,3156.4594789353455,1042.6478263987206,1469687.556866923,1.1664186959261293,1.192588481074209e-16,2.10752083110538e-16,0.4376402432858991,813.6684499510459,2.9134814499752957,116420.27920749046,choked_restriction;kantrowitz_limit;nonlinear_acoustic_pulse;reduced_model_invalid,0.0,7.815908974191455,0.05
B,1.5,2.0,0.5625,350,0.01,piston,2631.340650706353,1013.25,1618.0906507063528,2.5969313108377525,618.5010536754905,7.447484474276574,313.3264943845849,1.0,True,annulus+dedicated_bypass,3902.0500332682614,2859.402206869541,1042.6478263987206,1365717.5116438915,1.0839027870189615,0.0,0.0,0.4376402432858991,813.6684499510459,2.9134814499752957,116420.27920749046,choked_restriction;kantrowitz_limit;nonlinear_acoustic_pulse;reduced_model_invalid,0.1,7.815908974191455,0.05
B,1.5,2.0,0.5625,350,0.01,piston,2413.915471309323,1013.25,1400.665471309323,2.382349342520921,618.5010536754905,7.447484474276574,313.3264943845849,1.0,True,annulus+dedicated_bypass,3517.8280259749886,2475.180199576268,1042.6478263987206,1231239.809091246,0.9771744516597191,0.0,0.0,0.4376402432858991,813.6684499510459,2.9134814499752957,116420.27920749046,choked_restriction;kantrowitz_limit;nonlinear_acoustic_pulse;reduced_model_invalid,0.25,7.815908974191455,0.05
B,1.5,2.0,0.5625,350,0.01,piston,2121.7223055710233,1013.25,1108.4723055710233,2.0939771088783847,618.5010536754905,7.447484474276574,313.3264943845849,1.0,True,annulus+dedicated_bypass,3001.480080586658,1958.8322541879377,1042.6478263987206,1050518.0282053303,0.8337444668296272,0.0,0.0,0.4376402432858991,813.6684499510459,2.9134814499752957,116420.27920749046,choked_restriction;kantrowitz_limit;nonlinear_acoustic_pulse;reduced_model_invalid,0.5,7.815908974191455,0.05
B,1.5,2.0,0.5625,350,0.01,piston,1721.973630071895,1013.25,708.7236300718951,1.6994558401893858,618.5010536754905,7.447484474276574,287.7794793906602,0.9044269437135515,False,none,2295.065860582108,1252.4180341833876,1042.6478263987206,803273.0512037379,0.6375182946061412,0.0,0.0,0.4376402432858991,813.6684499510459,2.9134814499752957,116420.27920749046,kantrowitz_limit;nonlinear_acoustic_pulse;reduced_model_invalid,1.0,7.815908974191455,0.05
B,1.5,2.0,0.5625,350,0.01,piston,1502.4572826827455,1013.25,489.2072826827455,1.482810049526519,618.5010536754905,7.447484474276574,250.40754463986625,0.7717923255261191,False,none,1907.1484544130108,864.5006280142903,1042.6478263987206,667501.9590445538,0.5297634595591697,5.962942405371044e-16,0.0,0.4376402432858991,813.6684499510459,2.9134814499752957,116420.27920749046,kantrowitz_limit;nonlinear_acoustic_pulse,1.5,7.815908974191455,0.05
B,1.5,2.0,0.5625,350,0.01,piston,1371.6519949168553,1013.25,358.4019949168553,1.3537152676208786,618.5010536754905,7.447484474276574,220.96703835036197,0.6722477700318744,False,none,1675.9964306715,633.3486042727794,1042.6478263987206,586598.750735025,0.4655545640754167,0.0,0.0,0.4376402432858991,813.6684499510459,2.9134814499752957,116420.27920749046,kantrowitz_limit;nonlinear_acoustic_pulse,2.0,7.815908974191455,0.05
B,1.5,2.0,0.5625,350,0.01,piston,1229.6895812416662,1013.25,216.43958124166625,1.213609258565671,618.5010536754905,7.447484474276574,178.03774152539876,0.5332558180327853,False,none,1425.1281379845848,382.4803115858643,1042.6478263987206,498794.8482946047,0.3958689272179402,7.1555308864452535e-16,0.0,0.4376402432858991,813.6684499510459,2.9134814499752957,116420.27920749046,kantrowitz_limit;nonlinear_acoustic_pulse,3.0,7.815908974191455,0.05
B,1.5,2.0,0.5625,350,0.01,piston,1158.1655332411601,1013.25,144.91553324116012,1.1430205114642586,618.5010536754905,7.447484474276574,148.56934623788717,0.44119938823432886,False,none,1298.7347121233008,256.0868857245803,1042.6478263987206,454557.14924315526,0.36075964225647245,0.0,1.6235466542864048e-16,0.4376402432858991,813.6684499510459,2.9134814499752957,116420.27920749046,kantrowitz_limit;nonlinear_acoustic_pulse,4.0,7.815908974191455,0.05
B,1.5,2.0,0.5625,350,0.03,piston,8398.322039912839,3039.75,5358.572039912839,2.7628331408546223,618.5010536754905,22.342453422829724,313.3264943845849,1.0,True,annulus,12597.3219160022,9469.378436806039,3127.943479196161,4409062.67060077,3.499256087778389,0.0,0.0,0.437640243285899,2441.005349853138,2.9134814499752957,349260.83762247144,choked_restriction;kantrowitz_limit;nonlinear_acoustic_pulse;reduced_model_invalid,0.0,7.815908974191415,0.05
B,1.5,2.0,0.5625,350,0.03,piston,7894.021952119058,3039.75,4854.271952119058,2.5969313108377525,618.5010536754905,22.342453422829724,313.3264943845849,1.0,True,annulus+dedicated_bypass,11706.150099804783,8578.206620608622,3127.943479196161,4097152.534931674,3.251708361056884,0.0,1.550977820565552e-16,0.437640243285899,2441.005349853138,2.9134814499752957,349260.83762247144,choked_restriction;kantrowitz_limit;nonlinear_acoustic_pulse;reduced_model_invalid,0.1,7.815908974191415,0.05
B,1.5,2.0,0.5625,350,0.03,piston,7241.74641392797,3039.75,4201.99641392797,2.382349342520921,618.5010536754905,22.342453422829724,313.3264943845849,1.0,True,annulus+dedicated_bypass,10553.484077924968,7425.540598728806,3127.943479196161,3693719.4272737387,2.931523354979158,0.0,0.0,0.437640243285899,2441.005349853138,2.9134814499752957,349260.83762247144,choked_restriction;kantrowitz_limit;nonlinear_acoustic_pulse;reduced_model_invalid,0.25,7.815908974191415,0.05
B,1.5,2.0,0.5625,350,0.03,piston,6365.166916713071,3039.75,3325.4169167130713,2.093977108878385,618.5010536754905,22.342453422829724,313.3264943845849,1.0,True,annulus+dedicated_bypass,9004.440241759978,5876.4967625638155,3127.943479196161,3151554.0846159924,2.5012334004888825,0.0,0.0,0.437640243285899,2441.005349853138,2.9134814499752957,349260.83762247144,choked_restriction;kantrowitz_limit;nonlinear_acoustic_pulse;reduced_model_invalid,0.5,7.815908974191415,0.05
B,1.5,2.0,0.5625,350,0.03,piston,5165.920890215687,3039.75,2126.170890215687,1.6994558401893862,618.5010536754905,22.342453422829724,287.77947939066036,0.904426943713552,False,none,6885.197581746327,3757.254102550166,3127.943479196161,2409819.1536112144,1.9125548838184243,1.5901179747656116e-16,0.0,0.437640243285899,2441.005349853138,2.9134814499752957,349260.83762247144,kantrowitz_limit;nonlinear_acoustic_pulse;reduced_model_invalid,1.0,7.815908974191415,0.05
B,1.5,2.0,0.5625,350,0.03,piston,4507.371848048237,3039.75,1467.6218480482366,1.482810049526519,618.5010536754905,22.342453422829724,250.40754463986625,0.7717923255261191,False,none,5721.445363239032,2593.5018840428716,3127.943479196161,2002505.8771336614,1.589290378677509,6.360471899062446e-16,0.0,0.437640243285899,2441.005349853138,2.9134814499752957,349260.83762247144,kantrowitz_limit;nonlinear_acoustic_pulse,1.5,7.815908974191415,0.05
B,1.5,2.0,0.5625,350,0.03,piston,4114.955984750566,3039.75,1075.2059847505661,1.3537152676208788,618.5010536754905,22.342453422829724,220.96703835036197,0.6722477700318744,False,none,5027.989292014499,1900.0458128183386,3127.943479196161,1759796.2522050748,1.3966636922262499,1.5901179747656116e-16,1.7505641336428908e-16,0.437640243285899,2441.005349853138,2.9134814499752957,349260.83762247144,kantrowitz_limit;nonlinear_acoustic_pulse,2.0,7.815908974191415,0.05
B,1.5,2.0,0.5625,350,0.03,piston,3689.0687437249994,3039.75,649.3187437249994,1.2136092585656713,618.5010536754905,22.342453422829724,178.0377415253991,0.5332558180327863,False,none,4275.384413953755,1147.440934757594,3127.943479196161,1496384.5448838142,1.187606781653821,7.950589873828059e-16,0.0,0.437640243285899,2441.005349853138,2.9134814499752957,349260.83762247144,kantrowitz_limit;nonlinear_acoustic_pulse,3.0,7.815908974191415,0.05
B,1.5,2.0,0.5625,350,0.03,piston,3474.496599723481,3039.75,434.7465997234808,1.1430205114642589,618.5010536754905,22.342453422829724,148.56934623788717,0.44119938823432886,False,none,3896.2041363699027,768.2606571737417,3127.943479196161,1363671.447729466,1.0822789267694175,0.0,0.0,0.437640243285899,2441.005349853138,2.9134814499752957,349260.83762247144,kantrowitz_limit;nonlinear_acoustic_pulse,4.0,7.815908974191415,0.05
B,1.5,2.0,0.5625,350,0.1,piston,27994.40679970946,10132.5,17861.90679970946,2.7628331408546223,618.5010536754905,74.47484474276574,313.3264943845849,1.0,True,annulus,41991.07305334066,31564.594789353458,10426.478263987205,14696875.568669232,11.664186959261295,0.0,0.0,0.4376402432858991,8136.684499510459,2.9134814499752957,1164202.7920749048,choked_restriction;kantrowitz_limit;nonlinear_acoustic_pulse;reduced_model_invalid,0.0,7.815908974191415,0.05
B,1.5,2.0,0.5625,350,0.1,piston,26313.40650706353,10132.5,16180.90650706353,2.5969313108377525,618.5010536754905,74.47484474276574,313.3264943845849,1.0,True,annulus+dedicated_bypass,39020.50033268262,28594.022068695413,10426.478263987205,13657175.116438916,10.839027870189616,0.0,0.0,0.4376402432858991,8136.684499510459,2.9134814499752957,1164202.7920749048,choked_restriction;kantrowitz_limit;nonlinear_acoustic_pulse;reduced_model_invalid,0.1,7.815908974191415,0.05
B,1.5,2.0,0.5625,350,0.1,piston,24139.15471309323,10132.5,14006.65471309323,2.382349342520921,618.5010536754905,74.47484474276574,313.3264943845849,1.0,True,annulus+dedicated_bypass,35178.28025974989,24751.801995762682,10426.478263987205,12312398.090912461,9.771744516597192,0.0,0.0,0.4376402432858991,8136.684499510459,2.9134814499752957,1164202.7920749048,choked_restriction;kantrowitz_limit;nonlinear_acoustic_pulse;reduced_model_invalid,0.25,7.815908974191415,0.05
B,1.5,2.0,0.5625,350,0.1,piston,21217.223055710234,10132.5,11084.723055710234,2.0939771088783847,618.5010536754905,74.47484474276574,313.3264943845849,1.0,True,annulus+dedicated_bypass,30014.80080586658,19588.322541879377,10426.478263987205,10505180.282053303,8.337444668296273,0.0,1.358422415226991e-16,0.4376402432858991,8136.684499510459,2.9134814499752957,1164202.7920749048,choked_restriction;kantrowitz_limit;nonlinear_acoustic_pulse;reduced_model_invalid,0.5,7.815908974191415,0.05
B,1.5,2.0,0.5625,350,0.1,piston,17219.736300718952,10132.5,7087.236300718952,1.6994558401893858,618.5010536754905,74.47484474276574,287.7794793906602,0.9044269437135515,False,none,22950.65860582108,12524.180341833879,10426.478263987205,8032730.512037379,6.375182946061411,0.0,2.1246273761088934e-16,0.4376402432858991,8136.684499510459,2.9134814499752957,1164202.7920749048,kantrowitz_limit;nonlinear_acoustic_pulse;reduced_model_invalid,1.0,7.815908974191415,0.05
B,1.5,2.0,0.5625,350,0.1,piston,15024.572826827454,10132.5,4892.072826827454,1.482810049526519,618.5010536754905,74.47484474276574,250.40754463986625,0.7717923255261191,False,none,19071.484544130108,8645.006280142903,10426.478263987205,6675019.590445538,5.297634595591696,5.724424709156202e-16,0.0,0.4376402432858991,8136.684499510459,2.9134814499752957,1164202.7920749048,kantrowitz_limit;nonlinear_acoustic_pulse,1.5,7.815908974191415,0.05
B,1.5,2.0,0.5625,350,0.1,piston,13716.51994916855,10132.5,3584.0199491685507,1.3537152676208783,618.5010536754905,74.47484474276574,220.96703835036197,0.6722477700318744,False,none,16759.964306714995,6333.48604272779,10426.478263987205,5865987.507350248,4.655545640754165,0.0,2.1006769603714706e-16,0.4376402432858991,8136.684499510459,2.9134814499752957,1164202.7920749048,kantrowitz_limit;nonlinear_acoustic_pulse,2.0,7.815908974191415,0.05
B,1.5,2.0,0.5625,350,0.1,piston,12296.895812416666,10132.5,2164.3958124166656,1.2136092585656715,618.5010536754905,74.47484474276574,178.0377415253991,0.5332558180327863,False,none,14251.281379845854,3824.8031158586487,10426.478263987205,4987948.4829460485,3.958689272179404,9.54070784859367e-16,0.0,0.4376402432858991,8136.684499510459,2.9134814499752957,1164202.7920749048,kantrowitz_limit;nonlinear_acoustic_pulse,3.0,7.815908974191415,0.05
B,1.5,2.0,0.5625,350,0.1,piston,11581.655332411601,10132.5,1449.1553324116012,1.1430205114642586,618.5010536754905,74.47484474276574,148.56934623788717,0.44119938823432886,False,none,12987.347121233008,2560.868857245803,10426.478263987205,4545571.492431553,3.6075964225647246,0.0,0.0,0.4376402432858991,8136.684499510459,2.9134814499752957,1164202.7920749048,kantrowitz_limit;nonlinear_acoustic_pulse,4.0,7.815908974191415,0.05
B,1.5,2.2,0.46487603305785113,50,0.001,piston,103.01635617832285,101.325,1.6913561783228488,1.016692387646907,88.35729338221293,0.1063926353468082,52.721133939005945,0.15396573571839012,False,none,5.116725788173972,2.988873081237808,2.127852706936164,255.8362894086986,0.0014213127189372145,6.391528890757088e-15,1.901834481284396e-16,2.1530116625630806,9.606475206033597,2.9134814499752957,2328.4055841498102,low_reynolds_or_rarefaction_check,0.0,0.0,0.05
B,1.5,2.2,0.46487603305785113,50,0.001,piston,102.87912960240229,101.325,1.5541296024022841,1.0153380666410292,88.35729338221293,0.1063926353468082,50.558857308209376,0.14762295293505698,False,none,4.874226411604975,2.746373704668811,2.127852706936164,243.71132058024875,0.001353951781001382,1.4348330162924075e-15,0.0,2.1530116625630806,9.606475206033597,2.9134814499752957,2328.4055841498102,low_reynolds_or_rarefaction_check,0.1,0.0,0.05
B,1.5,2.2,0.46487603305785113,50,0.001,piston,102.70261715228838,101.325,1.37761715228838,1.0135960242022046,88.35729338221293,0.1063926353468082,47.627526347079275,0.13902987294244928,False,none,4.562303164798426,2.434450457862262,2.127852706936164,228.11515823992127,0.0012673064346662294,1.2130860955926717e-14,0.0,2.1530116625630806,9.606475206033597,2.9134814499752957,2328.4055841498102,low_reynolds_or_rarefaction_check,0.25,0.0,0.05
B,1.5,2.2,0.46487603305785113,50,0.001,piston,102.4687368330263,101.325,1.1437368330262956,1.0112878049151375,88.35729338221293,0.1063926353468082,43.428570359592925,0.12673138640022433,False,none,4.149002525091114,2.02114981815495,2.127852706936164,207.4501262545557,0.0011525007014141983,1.160910349545675e-14,1.4062148770519833e-16,2.1530116625630806,9.606475206033597,2.9134814499752957,2328.4055841498102,low_reynolds_or_rarefaction_check,0.5,0.0,0.05
B,1.5,2.2,0.46487603305785113,50,0.001,piston,102.14970281313427,101.325,0.824702813134266,1.0081391839440836,88.35729338221293,0.1063926353468082,36.914502585297775,0.10767433691223935,False,none,3.5852228752009774,1.4573701682648132,2.127852706936164,179.26114376004887,0.0009958952431113827,4.0436203186422394e-15,0.0,2.1530116625630806,9.606475206033597,2.9134814499752957,2328.4055841498102,low_reynolds_or_rarefaction_check,1.0,0.0,0.05
B,1.5,2.2,0.46487603305785113,50,0.001,piston,101.9476903728162,101.325,0.6226903728161943,1.0061454761689237,88.35729338221293,0.1063926353468082,32.096740417763485,0.09359514004655367,False,none,3.228237426080165,1.1003847191440006,2.127852706936164,161.41187130400826,0.0008967326183556013,2.1261616514151128e-14,0.0,2.1530116625630806,9.606475206033597,2.9134814499752957,2328.4055841498102,low_reynolds_or_rarefaction_check,1.5,0.0,0.05
B,1.5,2.2,0.46487603305785113,50,0.001,piston,101.8117466827484,101.325,0.4867466827484037,1.0048038162620123,88.35729338221293,0.1063926353468082,28.38982688767413,0.0827698802294805,False,none,2.9880050959445565,0.8601523890083925,2.127852706936164,149.40025479722783,0.0008300014155401546,1.6044041909451464e-14,0.0,2.1530116625630806,9.606475206033597,2.9134814499752957,2328.4055841498102,low_reynolds_or_rarefaction_check,2.0,0.0,0.05
B,1.5,2.2,0.46487603305785113,50,0.001,piston,101.64582769872366,101.325,0.32082769872366157,1.0031663232047734,88.35729338221293,0.1063926353468082,23.060831260460354,0.06721765389861867,False,none,2.6948020489615,0.5669493420253358,2.127852706936164,134.740102448075,0.0007485561247115277,3.9784006360834937e-14,0.0,2.1530116625630806,9.606475206033597,2.9134814499752957,2328.4055841498102,low_reynolds_or_rarefaction_check,3.0,0.0,0.05
B,1.5,2.2,0.46487603305785113,50,0.001,piston,101.55227265359161,101.325,0.22727265359161208,1.0022430066971786,88.35729338221293,0.1063926353468082,19.41517033182081,0.05658384654328283,False,none,2.5294766375591267,0.40162393062296237,2.127852706936164,126.47383187795633,0.0007026323993219796,2.1522495244386112e-14,0.0,2.1530116625630806,9.606475206033597,2.9134814499752957,2328.4055841498102,low_reynolds_or_rarefaction_check,4.0,0.0,0.05
B,1.5,2.2,0.46487603305785113,50,0.003,piston,309.04906853496857,303.975,5.074068534968546,1.016692387646907,88.35729338221293,0.3191779060404246,52.721133939005945,0.15396573571839012,False,none,15.350177364521917,8.966619243713424,6.383558120808493,767.5088682260958,0.004263938156811644,6.261089525639596e-15,0.0,2.1530116625630806,28.819425618100794,2.9134814499752957,6985.21675244943,low_reynolds_or_rarefaction_check,0.0,0.0,0.05
B,1.5,2.2,0.46487603305785113,50,0.003,piston,308.6373888072069,303.975,4.662388807206867,1.0153380666410292,88.35729338221293,0.3191779060404246,50.558857308209376,0.14762295293505698,False,none,14.622679234814951,8.239121114006458,6.383558120808493,731.1339617407475,0.004061855343004153,1.565272381409899e-15,0.0,2.1530116625630806,28.819425618100794,2.9134814499752957,6985.21675244943,low_reynolds_or_rarefaction_check,0.1,0.0,0.05
B,1.5,2.2,0.46487603305785113,50,0.003,piston,308.1078514568652,303.975,4.132851456865183,1.0135960242022046,88.35729338221293,0.3191779060404246,47.627526347079275,0.13902987294244928,False,none,13.686909494395355,7.303351373586861,6.383558120808493,684.3454747197677,0.00380191930399871,1.2348259897789203e-14,0.0,2.1530116625630806,28.819425618100794,2.9134814499752957,6985.21675244943,low_reynolds_or_rarefaction_check,0.25,0.0,0.05
B,1.5,2.2,0.46487603305785113,50,0.003,piston,307.40621049907884,303.975,3.4312104990788157,1.0112878049151373,88.35729338221293,0.3191779060404246,43.428570359592925,0.12673138640022433,False,none,12.447007575273215,6.063449454464723,6.383558120808493,622.3503787636607,0.0034575021042425598,1.147866413033926e-14,1.874953169402683e-16,2.1530116625630806,28.819425618100794,2.9134814499752957,6985.21675244943,low_reynolds_or_rarefaction_check,0.5,0.0,0.05
B,1.5,2.2,0.46487603305785113,50,0.003,piston,306.44910843940283,303.975,2.474108439402812,1.0081391839440836,88.35729338221293,0.3191779060404246,36.914502585297775,0.10767433691223935,False,none,10.755668625602958,4.372110504794465,6.383558120808493,537.7834312801479,0.002987685729334155,4.3479788372497196e-15,0.0,2.1530116625630806,28.819425618100794,2.9134814499752957,6985.21675244943,low_reynolds_or_rarefaction_check,1.0,0.0,0.05
B,1.5,2.2,0.46487603305785113,50,0.003,piston,305.8430711184486,303.975,1.8680711184485972,1.0061454761689237,88.35729338221293,0.3191779060404246,32.096740417763485,0.09359514004655367,False,none,9.68471227824052,3.301154157432027,6.383558120808493,484.235613912026,0.002690197855066811,2.1392055879268622e-14,0.0,2.1530116625630806,28.819425618100794,2.9134814499752957,6985.21675244943,low_reynolds_or_rarefaction_check,1.5,0.0,0.05
B,1.5,2.2,0.46487603305785113,50,0.003,piston,305.43524004824525,303.975,1.4602400482452254,1.0048038162620123,88.35729338221293,0.3191779060404246,28.38982688767413,0.0827698802294805,False,none,8.964015287833696,2.580457167025203,6.383558120808493,448.2007643916848,0.002490004246620471,1.6174481274568958e-14,0.0,2.1530116625630806,28.819425618100794,2.9134814499752957,6985.21675244943,low_reynolds_or_rarefaction_check,2.0,0.0,0.05
B,1.5,2.2,0.46487603305785113,50,0.003,piston,304.93748309617104,303.975,0.9624830961710131,1.0031663232047734,88.35729338221293,0.3191779060404246,23.060831260463182,0.06721765389862693,False,none,8.08440614688455,1.7008480260760575,6.383558120808493,404.22030734422754,0.002245668374134597,4.000140530269742e-14,0.0,2.1530116625630806,28.819425618100794,2.9134814499752957,6985.21675244943,low_reynolds_or_rarefaction_check,3.0,0.0,0.05
B,1.5,2.2,0.46487603305785113,50,0.003,piston,304.65681796077484,303.975,0.681817960774822,1.0022430066971784,88.35729338221293,0.3191779060404246,19.41517033182081,0.05658384654328283,False,none,7.588429912677355,1.204871791868862,6.383558120808493,379.4214956338677,0.002107897197965932,2.156597503275861e-14,1.1794495323987725e-16,2.1530116625630806,28.819425618100794,2.9134814499752957,6985.21675244943,low_reynolds_or_rarefaction_check,4.0,0.0,0.05
B,1.5,2.2,0.46487603305785113,50,0.01,piston,1030.1635617832285,1013.25,16.913561783228488,1.016692387646907,88.35729338221293,1.063926353468082,52.721133939005945,0.15396573571839012,False,none,51.16725788173973,29.888730812378082,21.278527069361644,2558.3628940869867,0.014213127189372147,6.469792509827583e-15,0.0,2.15301166256308,96.06475206033598,2.9134814499752957,23284.0558414981,,0.0,0.0,0.05
B,1.5,2.2,0.46487603305785113,50,0.01,piston,1028.7912960240228,1013.25,15.541296024022813,1.0153380666410292,88.35729338221293,1.063926353468082,50.558857308209376,0.14762295293505698,False,none,48.742264116049704,27.46373704668806,21.278527069361644,2437.113205802485,0.013539517810013807,1.2522179051279192e-15,0.0,2.15301166256308,96.06475206033598,2.9134814499752957,23284.0558414981,,0.1,0.0,0.05
B,1.5,2.2,0.46487603305785113,50,0.01,piston,1027.026171522884,1013.25,13.776171522883942,1.0135960242022046,88.35729338221293,1.063926353468082,47.627526347079275,0.13902987294244928,False,none,45.62303164798452,24.34450457862287,21.278527069361644,2281.151582399226,0.012673064346662367,1.2313476067091205e-14,0.0,2.15301166256308,96.06475206033598,2.9134814499752957,23284.0558414981,,0.25,0.0,0.05
B,1.5,2.2,0.46487603305785113,50,0.01,piston,1024.6873683302626,1013.25,11.437368330262643,1.011287804915137,88.35729338221293,1.063926353468082,43.428570359592925,0.12673138640022433,False,none,41.49002525091059,20.211498181548944,21.278527069361644,2074.5012625455297,0.01152500701414183,1.1269961146151273e-14,0.0,2.15301166256308,96.06475206033598,2.9134814499752957,23284.0558414981,,0.5,0.0,0.05
B,1.5,2.2,0.46487603305785113,50,0.01,piston,1021.4970281313426,1013.25,8.247028131342631,1.0081391839440834,88.35729338221293,1.063926353468082,36.914502585297775,0.10767433691223935,False,none,35.85222875200973,14.573701682648084,21.278527069361644,1792.6114376004864,0.009958952431113813,4.174059683759731e-15,1.5601641943443268e-16,2.15301166256308,96.06475206033598,2.9134814499752957,23284.0558414981,,1.0,0.0,0.05
B,1.5,2.2,0.46487603305785113,50,0.01,piston,1019.4769037281619,1013.25,6.226903728161915,1.0061454761689237,88.35729338221293,1.063926353468082,32.096740417763485,0.09359514004655367,False,none,32.2823742608016,11.003847191439956,21.278527069361644,1614.1187130400801,0.008967326183556001,2.1287704387174627e-14,0.0,2.15301166256308,96.06475206033598,2.9134814499752957,23284.0558414981,,1.5,0.0,0.05
B,1.5,2.2,0.46487603305785113,50,0.01,piston,1018.1174668274841,1013.25,4.867466827484122,1.0048038162620125,88.35729338221293,1.063926353468082,28.38982688767413,0.0827698802294805,False,none,29.880050959445718,8.601523890084076,21.278527069361644,1494.0025479722858,0.008300014155401589,1.6070129782474963e-14,1.3217057718420728e-16,2.15301166256308,96.06475206033598,2.9134814499752957,23284.0558414981,,2.0,0.0,0.05
B,1.5,2.2,0.46487603305785113,50,0.01,piston,1016.4582769872367,1013.25,3.2082769872366725,1.0031663232047734,88.35729338221293,1.063926353468082,23.060831260460354,0.06721765389861867,False,none,26.948020489615104,5.669493420253458,21.278527069361644,1347.4010244807553,0.0074855612471153065,3.986226997990543e-14,0.0,2.15301166256308,96.06475206033598,2.9134814499752957,23284.0558414981,,3.0,0.0,0.05
B,1.5,2.2,0.46487603305785113,50,0.01,piston,1015.5227265359161,1013.25,2.2727265359161493,1.0022430066971786,88.35729338221293,1.063926353468082,19.41517033182081,0.05658384654328283,False,none,25.29476637559132,4.016239306229674,21.278527069361644,1264.738318779566,0.007026323993219811,2.1496407371362613e-14,0.0,2.15301166256308,96.06475206033598,2.9134814499752957,23284.0558414981,,4.0,0.0,0.05
B,1.5,2.2,0.46487603305785113,50,0.03,piston,3090.4906853496855,3039.75,50.740685349685464,1.016692387646907,88.35729338221293,3.1917790604042464,52.721133939005945,0.15396573571839012,False,none,153.50177364521917,89.66619243713424,63.835581208084925,7675.088682260959,0.04263938156811644,6.261089525639596e-15,2.028623446703356e-16,2.15301166256308,288.194256181008,2.9134814499752957,69852.1675244943,,0.0,0.0,0.05
B,1.5,2.2,0.46487603305785113,50,0.03,piston,3086.3738880720684,3039.75,46.62388807206844,1.0153380666410292,88.35729338221293,3.1917790604042464,50.558857308209376,0.14762295293505698,False,none,146.2267923481491,82.39121114006419,63.835581208084925,7311.339617407455,0.04061855343004142,1.39135322791991e-15,0.0,2.15301166256308,288.194256181008,2.9134814499752957,69852.1675244943,,0.1,0.0,0.05
B,1.5,2.2,0.46487603305785113,50,0.03,piston,3081.0785145686514,3039.75,41.32851456865137,1.0135960242022046,88.35729338221293,3.1917790604042464,47.627526347079275,0.13902987294244928,False,none,136.86909494395275,73.03351373586781,63.835581208084925,6843.4547471976375,0.038019193039986875,1.1965637760111228e-14,1.2453114402549445e-16,2.15301166256308,288.194256181008,2.9134814499752957,69852.1675244943,,0.25,0.0,0.05
B,1.5,2.2,0.46487603305785113,50,0.03,piston,3074.062104990788,3039.75,34.31210499078816,1.0112878049151373,88.35729338221293,3.1917790604042464,43.428570359592925,0.12673138640022433,False,none,124.47007575273216,60.63449454464723,63.835581208084925,6223.503787636608,0.0345750210424256,1.1269961146151272e-14,0.0,2.15301166256308,288.194256181008,2.9134814499752957,69852.1675244943,,0.5,0.0,0.05
B,1.5,2.2,0.46487603305785113,50,0.03,piston,3064.491084394028,3039.75,24.741084394027894,1.0081391839440834,88.35729338221293,3.1917790604042464,36.914502585297775,0.10767433691223935,False,none,107.55668625602917,43.72110504794425,63.835581208084925,5377.8343128014585,0.029876857293341434,3.8957890381757484e-15,0.0,2.15301166256308,288.194256181008,2.9134814499752957,69852.1675244943,,1.0,0.0,0.05
B,1.5,2.2,0.46487603305785113,50,0.03,piston,3058.430711184486,3039.75,18.680711184485972,1.0061454761689237,88.35729338221293,3.1917790604042464,32.096740417763485,0.09359514004655367,False,none,96.8471227824052,33.01154157432027,63.835581208084925,4842.356139120259,0.02690197855066811,2.1287704387174627e-14,0.0,2.15301166256308,288.194256181008,2.9134814499752957,69852.1675244943,,1.5,0.0,0.05
B,1.5,2.2,0.46487603305785113,50,0.03,piston,3054.352400482452,3039.75,14.60240048245214,1.0048038162620123,88.35729338221293,3.1917790604042464,28.38982688767413,0.0827698802294805,False,none,89.64015287833675,25.80457167025183,63.835581208084925,4482.007643916838,0.024900042466204652,1.5861426798286976e-14,1.7622743624561245e-16,2.15301166256308,288.194256181008,2.9134814499752957,69852.1675244943,,2.0,0.0,0.05
B,1.5,2.2,0.46487603305785113,50,0.03,piston,3049.37483096171,3039.75,9.624830961709904,1.0031663232047734,88.35729338221293,3.1917790604042464,23.060831260460354,0.06721765389861867,False,none,80.8440614688451,17.008480260760173,63.835581208084925,4042.203073442255,0.02245668374134586,3.965356699571744e-14,0.0,2.15301166256308,288.194256181008,2.9134814499752957,69852.1675244943,,3.0,0.0,0.05
B,1.5,2.2,0.46487603305785113,50,0.03,piston,3046.5681796077483,3039.75,6.818179607748334,1.0022430066971786,88.35729338221293,3.1917790604042464,19.41517033182081,0.05658384654328283,False,none,75.88429912677374,12.048717918688821,63.835581208084925,3794.214956338687,0.021078971979659373,2.1426839709966618e-14,0.0,2.15301166256308,288.194256181008,2.9134814499752957,69852.1675244943,,4.0,0.0,0.05
B,1.5,2.2,0.46487603305785113,50,0.1,piston,10301.635617832286,10132.5,169.1356178322858,1.0166923876469072,88.35729338221293,10.63926353468082,52.721133939005945,0.15396573571839012,False,none,511.67257881739886,298.8873081237824,212.7852706936164,25583.62894086994,0.1421312718937219,6.344570719314791e-15,0.0,2.1530116625630806,960.6475206033598,2.9134814499752957,232840.558414981,,0.0,0.0,0.05
B,1.5,2.2,0.46487603305785113,50,0.1,piston,10287.912960240228,10132.5,155.41296024022813,1.0153380666410292,88.35729338221293,10.63926353468082,50.558857308209376,0.14762295293505698,False,none,487.42264116049705,274.6373704668806,212.7852706936164,24371.132058024854,0.13539517810013807,1.335699098803114e-15,0.0,2.1530116625630806,960.6475206033598,2.9134814499752957,232840.558414981,,0.1,0.0,0.05
B,1.5,2.2,0.46487603305785113,50,0.1,piston,10270.261715228839,10132.5,137.7617152288385,1.0135960242022046,88.35729338221293,10.63926353468082,47.627526347079275,0.13902987294244928,False,none,456.2303164798435,243.4450457862271,212.7852706936164,22811.515823992177,0.1267306434666232,1.2021291889228025e-14,0.0,2.1530116625630806,960.6475206033598,2.9134814499752957,232840.558414981,,0.25,0.0,0.05
B,1.5,2.2,0.46487603305785113,50,0.1,piston,10246.873683302627,10132.5,114.37368330262689,1.011287804915137,88.35729338221293,10.63926353468082,43.428570359592925,0.12673138640022433,False,none,414.9002525091066,202.11498181549024,212.7852706936164,20745.012625455332,0.11525007014141851,1.1353442339826468e-14,0.0,2.1530116625630806,960.6475206033598,2.9134814499752957,232840.558414981,,0.5,0.0,0.05
B,1.5,2.2,0.46487603305785113,50,0.1,piston,10214.970281313426,10132.5,82.47028131342631,1.0081391839440834,88.35729338221293,10.63926353468082,36.914502585297775,0.10767433691223935,False,none,358.5222875200973,145.73701682648084,212.7852706936164,17926.114376004865,0.09958952431113813,4.174059683759731e-15,0.0,2.1530116625630806,960.6475206033598,2.9134814499752957,232840.558414981,,1.0,0.0,0.05
B,1.5,2.2,0.46487603305785113,50,0.1,piston,10194.76903728162,10132.5,62.2690372816196,1.0061454761689237,88.35729338221293,10.63926353468082,32.096740417763485,0.09359514004655367,False,none,322.8237426080168,110.03847191440036,212.7852706936164,16141.18713040084,0.08967326183556022,2.1371185580849823e-14,0.0,2.1530116625630806,960.6475206033598,2.9134814499752957,232840.558414981,,1.5,0.0,0.05
B,1.5,2.2,0.46487603305785113,50,0.1,piston,10181.174668274842,10132.5,48.67466827484168,1.0048038162620125,88.35729338221293,10.63926353468082,28.38982688767413,0.0827698802294805,False,none,298.800509594458,86.01523890084157,212.7852706936164,14940.025479722899,0.08300014155401611,1.6028389185637366e-14,0.0,2.1530116625630806,960.6475206033598,2.9134814499752957,232840.558414981,,2.0,0.0,0.05
B,1.5,2.2,0.46487603305785113,50,0.1,piston,10164.582769872364,10132.5,32.082769872364224,1.0031663232047732,88.35729338221293,10.63926353468082,23.060831260460354,0.06721765389861867,False,none,269.4802048961466,56.694934202530156,212.7852706936164,13474.010244807328,0.07485561247115183,3.9570085802042246e-14,0.0,2.1530116625630806,960.6475206033598,2.9134814499752957,232840.558414981,,3.0,0.0,0.05
B,1.5,2.2,0.46487603305785113,50,0.1,piston,10155.22726535916,10132.5,22.72726535916081,1.0022430066971784,88.35729338221293,10.63926353468082,19.41517033182081,0.05658384654328283,False,none,252.94766375591195,40.162393062295536,212.7852706936164,12647.383187795598,0.07026323993219777,2.153814796820021e-14,1.1322715511028178e-16,2.1530116625630806,960.6475206033598,2.9134814499752957,232840.558414981,,4.0,0.0,0.05
B,1.5,2.2,0.46487603305785113,100,0.001,piston,108.11483040942271,101.325,6.789830409422706,1.0670104160811518,176.71458676442586,0.2127852706936164,103.99697652524361,0.30581378981027796,False,none,20.510031577761318,11.99862075001666,8.511410827744657,2051.003157776132,0.005697230993822589,2.6087873023498317e-16,0.0,1.1179734182867045,19.212950412067194,2.9134814499752957,4656.8111682996205,low_reynolds_or_rarefaction_check,0.0,0.36365105472654835,0.05
B,1.5,2.2,0.46487603305785113,100,0.001,piston,107.56211183480585,101.325,6.2371118348058445,1.0615555078687968,176.71458676442586,0.2127852706936164,99.83982376144327,0.2933743660590704,False,none,19.533297232656906,11.021886404912248,8.511410827744657,1953.3297232656905,0.005425915897960252,3.0001053977023063e-15,0.0,1.1179734182867045,19.212950412067194,2.9134814499752957,4656.8111682996205,low_reynolds_or_rarefaction_check,0.1,0.36365105472654835,0.05
B,1.5,2.2,0.46487603305785113,100,0.001,piston,106.85163674730596,101.325,5.526636747305957,1.0545436639260395,176.71458676442586,0.2127852706936164,94.18328426997049,0.2764910170757665,False,none,18.277784117717285,9.766373289972629,8.511410827744657,1827.7784117717285,0.005077162254921468,2.6087873023498317e-15,0.0,1.1179734182867045,19.212950412067194,2.9134814499752957,4656.8111682996205,low_reynolds_or_rarefaction_check,0.25,0.36365105472654835,0.05
B,1.5,2.2,0.46487603305785113,100,0.001,piston,105.91107940160819,101.325,4.586079401608188,1.0452610846445416,176.71458676442586,0.2127852706936164,86.0410150492399,0.2522691709408653,False,none,16.61568209098502,8.104271263240364,8.511410827744657,1661.568209098502,0.004615467247495839,2.217469206997357e-15,0.0,1.1179734182867045,19.212950412067194,2.9134814499752957,4656.8111682996205,low_reynolds_or_rarefaction_check,0.5,0.36365105472654835,0.05
B,1.5,2.2,0.46487603305785113,100,0.001,piston,104.62959006500841,101.325,3.304590065008412,1.0326137682211538,176.71458676442586,0.2127852706936164,73.3247535200672,0.21461199873989079,False,none,14.351103505382543,5.8396926776378875,8.511410827744657,1435.1103505382544,0.00398641764038404,3.2609841279372897e-15,0.0,1.1179734182867045,19.212950412067194,2.9134814499752957,4656.8111682996205,low_reynolds_or_rarefaction_check,1.0,0.36365105472654835,0.05
B,1.5,2.2,0.46487603305785113,100,0.001,piston,103.81905259173185,101.325,2.494052591731844,1.0246143853119354,176.71458676442586,0.2127852706936164,63.8607297435212,0.1867044932393232,False,none,12.918765558911037,4.407354731166381,8.511410827744657,1291.8765558911036,0.003588545988586399,2.217469206997357e-15,1.289740044268339e-16,1.1179734182867045,19.212950412067194,2.9134814499752957,4656.8111682996205,low_reynolds_or_rarefaction_check,1.5,0.36365105472654835,0.05
B,1.5,2.2,0.46487603305785113,100,0.001,piston,103.27399626281263,101.325,1.9489962628126278,1.0192350975851234,176.71458676442586,0.2127852706936164,56.54878581911893,0.16520287258146665,False,none,11.955571519628094,3.4441606918834387,8.511410827744657,1195.5571519628095,0.003320992088785582,7.695922541932004e-15,0.0,1.1179734182867045,19.212950412067194,2.9134814499752957,4656.8111682996205,low_reynolds_or_rarefaction_check,2.0,0.36365105472654835,0.05
B,1.5,2.2,0.46487603305785113,100,0.001,piston,102.60918306030169,101.325,1.284183060301686,1.012673901409343,176.71458676442586,0.2127852706936164,45.997526215091355,0.1342542698008248,False,none,10.78074961605554,2.269338788310882,8.511410827744657,1078.0749616055539,0.0029946526711265384,1.1869982225691735e-14,0.0,1.1179734182867045,19.212950412067194,2.9134814499752957,4656.8111682996205,low_reynolds_or_rarefaction_check,3.0,0.36365105472654835,0.05
B,1.5,2.2,0.46487603305785113,100,0.001,piston,102.23452811513354,101.325,0.9095281151335399,1.0089763445855766,176.71458676442586,0.2127852706936164,38.75612588628244,0.11305949506577842,False,none,10.118679677909164,1.6072688501645065,8.511410827744657,1011.8679677909164,0.002810744354974768,4.6958171442296974e-15,1.768323291246203e-16,1.1179734182867045,19.212950412067194,2.9134814499752957,4656.8111682996205,low_reynolds_or_rarefaction_check,4.0,0.36365105472654835,0.05
B,1.5,2.2,0.46487603305785113,100,0.003,piston,324.34449122826817,303.975,20.369491228268146,1.067010416081152,176.71458676442586,0.6383558120808492,103.99697652524361,0.30581378981027796,False,none,61.530094733284,35.99586225005003,25.53423248323397,6153.0094733284,0.017091692981467777,3.4783830697997757e-16,1.2633322900490656e-16,1.1179734182867045,57.63885123620159,2.9134814499752957,13970.43350489886,,0.0,0.36365105472654863,0.05
B,1.5,2.2,0.46487603305785113,100,0.003,piston,322.6863355044176,303.975,18.711335504417605,1.061555507868797,176.71458676442586,0.6383558120808492,99.83982376144327,0.2933743660590704,False,none,58.59989169797084,33.06565921473687,25.53423248323397,5859.989169797084,0.01627774769388079,3.304463916309787e-15,0.0,1.1179734182867045,57.63885123620159,2.9134814499752957,13970.43350489886,,0.1,0.36365105472654863,0.05
B,1.5,2.2,0.46487603305785113,100,0.003,piston,320.554910241918,303.975,16.579910241917958,1.05454366392604,176.71458676442586,0.6383558120808492,94.18328426997049,0.2764910170757665,False,none,54.83335235315201,29.29911986991804,25.53423248323397,5483.3352353152,0.015231486764764447,2.7827064558398206e-15,0.0,1.1179734182867045,57.63885123620159,2.9134814499752957,13970.43350489886,,0.25,0.36365105472654863,0.05
B,1.5,2.2,0.46487603305785113,100,0.003,piston,317.7332382048246,303.975,13.758238204824579,1.0452610846445418,176.71458676442586,0.6383558120808492,86.0410150492399,0.2522691709408653,False,none,49.84704627295509,24.31281378972112,25.53423248323397,4984.704627295509,0.013846401742487526,2.2609489953698543e-15,0.0,1.1179734182867045,57.63885123620159,2.9134814499752957,13970.43350489886,,0.5,0.36365105472654863,0.05
B,1.5,2.2,0.46487603305785113,100,0.003,piston,313.88877019502524,303.975,9.913770195025222,1.0326137682211538,176.71458676442586,0.6383558120808492,73.3247535200672,0.21461199873989079,False,none,43.053310516147604,17.519078032913637,25.53423248323397,4305.33105161476,0.011959252921152113,3.304463916309787e-15,0.0,1.1179734182867045,57.63885123620159,2.9134814499752957,13970.43350489886,,1.0,0.36365105472654863,0.05
B,1.5,2.2,0.46487603305785113,100,0.003,piston,311.45715777519547,303.975,7.4821577751954464,1.024614385311935,176.71458676442586,0.6383558120808492,63.8607297435212,0.1867044932393232,False,none,38.756296676732966,13.222064193498992,25.53423248323397,3875.6296676732964,0.010765637965759156,2.0870298418798653e-15,0.0,1.1179734182867045,57.63885123620159,2.9134814499752957,13970.43350489886,,1.5,0.36365105472654863,0.05
B,1.5,2.2,0.46487603305785113,100,0.003,piston,309.8219887884379,303.975,5.846988788437898,1.0192350975851234,176.71458676442586,0.6383558120808492,56.54878581911893,0.16520287258146665,False,none,35.86671455888431,10.332482075650342,25.53423248323397,3586.671455888431,0.009962976266356753,7.826361907049495e-15,0.0,1.1179734182867045,57.63885123620159,2.9134814499752957,13970.43350489886,,2.0,0.36365105472654863,0.05
B,1.5,2.2,0.46487603305785113,100,0.003,piston,307.82754918090507,303.975,3.8525491809050436,1.012673901409343,176.71458676442586,0.6383558120808492,45.997526215091355,0.1342542698008248,False,none,32.34224884816659,6.808016364932621,25.53423248323397,3234.224884816659,0.008983958013379608,1.1826502437319236e-14,0.0,1.1179734182867045,57.63885123620159,2.9134814499752957,13970.43350489886,,3.0,0.36365105472654863,0.05
B,1.5,2.2,0.46487603305785113,100,0.003,piston,306.70358434540066,303.975,2.728584345400634,1.0089763445855766,176.71458676442586,0.6383558120808492,38.75612588628244,0.11305949506577842,False,none,30.356039033727516,4.821806550493545,25.53423248323397,3035.6039033727516,0.00843223306492431,4.8697362977196855e-15,0.0,1.1179734182867045,57.63885123620159,2.9134814499752957,13970.43350489886,,4.0,0.36365105472654863,0.05
B,1.5,2.2,0.46487603305785113,100,0.01,piston,1081.1483040942271,1013.25,67.89830409422711,1.0670104160811518,176.71458676442586,2.127852706936164,103.99697652524361,0.30581378981027796,False,none,205.10031577761328,119.98620750016669,85.11410827744658,20510.03157776133,0.05697230993822591,2.0870298418798654e-16,0.0,1.1179734182867043,192.12950412067195,2.9134814499752957,46568.1116829962,,0.0,0.3636510547265607,0.05
B,1.5,2.2,0.46487603305785113,100,0.01,piston,1075.6211183480584,1013.25,62.37111834805842,1.0615555078687968,176.71458676442586,2.127852706936164,99.83982376144327,0.2933743660590704,False,none,195.332972326569,110.21886404912243,85.11410827744658,19533.2972326569,0.054259158979602505,2.9218417786318117e-15,0.0,1.1179734182867043,192.12950412067195,2.9134814499752957,46568.1116829962,,0.1,0.3636510547265607,0.05
B,1.5,2.2,0.46487603305785113,100,0.01,piston,1068.51636747306,1013.25,55.26636747305997,1.05454366392604,176.71458676442586,2.127852706936164,94.18328426997049,0.2764910170757665,False,none,182.77784117717357,97.663732899727,85.11410827744658,18277.784117717358,0.05077162254921488,2.9218417786318117e-15,0.0,1.1179734182867043,192.12950412067195,2.9134814499752957,46568.1116829962,,0.25,0.3636510547265607,0.05
B,1.5,2.2,0.46487603305785113,100,0.01,piston,1059.110794016082,1013.25,45.86079401608208,1.0452610846445418,176.71458676442586,2.127852706936164,86.0410150492399,0.2522691709408653,False,none,166.15682090985058,81.04271263240399,85.11410827744658,16615.682090985058,0.0461546724749585,2.295732826067852e-15,0.0,1.1179734182867043,192.12950412067195,2.9134814499752957,46568.1116829962,,0.5,0.3636510547265607,0.05
B,1.5,2.2,0.46487603305785113,100,0.01,piston,1046.2959006500841,1013.25,33.04590065008415,1.0326137682211538,176.71458676442586,2.127852706936164,73.3247535200672,0.21461199873989079,False,none,143.5110350538255,58.396926776378926,85.11410827744658,14351.10350538255,0.03986417640384042,3.130544762819798e-15,0.0,1.1179734182867043,192.12950412067195,2.9134814499752957,46568.1116829962,,1.0,0.3636510547265607,0.05
B,1.5,2.2,0.46487603305785113,100,0.01,piston,1038.1905259173182,1013.25,24.940525917318155,1.024614385311935,176.71458676442586,2.127852706936164,63.8607297435212,0.1867044932393232,False,none,129.18765558910988,44.07354731166331,85.11410827744658,12918.765558910987,0.035885459885863856,2.0870298418798653e-15,2.063584070829366e-16,1.1179734182867043,192.12950412067195,2.9134814499752957,46568.1116829962,,1.5,0.3636510547265607,0.05
B,1.5,2.2,0.46487603305785113,100,0.01,piston,1032.7399626281267,1013.25,19.489962628126705,1.0192350975851239,176.71458676442586,2.127852706936164,56.548785819120084,0.16520287258147,False,none,119.55571519628171,34.44160691883514,85.11410827744658,11955.57151962817,0.03320992088785603,8.139416383331475e-15,0.0,1.1179734182867043,192.12950412067195,2.9134814499752957,46568.1116829962,,2.0,0.3636510547265607,0.05
B,1.5,2.2,0.46487603305785113,100,0.01,piston,1026.091830603017,1013.25,12.841830603016888,1.012673901409343,176.71458676442586,2.127852706936164,45.997526215091355,0.1342542698008248,False,none,107.80749616055544,22.693387883108873,85.11410827744658,10780.749616055544,0.029946526711265402,1.1896070098715232e-14,0.0,1.1179734182867043,192.12950412067195,2.9134814499752957,46568.1116829962,,3.0,0.3636510547265607,0.05
B,1.5,2.2,0.46487603305785113,100,0.01,piston,1022.3452811513354,1013.25,9.09528115133537,1.0089763445855764,176.71458676442586,2.127852706936164,38.75612588628244,0.11305949506577842,False,none,101.1867967790916,16.072688501645015,85.11410827744658,10118.67967790916,0.028107443549747663,4.800168636323691e-15,1.414658632996967e-16,1.1179734182867043,192.12950412067195,2.9134814499752957,46568.1116829962,,4.0,0.3636510547265607,0.05
B,1.5,2.2,0.46487603305785113,100,0.03,piston,3243.4449122826813,3039.75,203.69491228268134,1.0670104160811518,176.71458676442586,6.383558120808493,103.99697652524361,0.30581378981027796,False,none,615.3009473328398,359.9586225005001,255.3423248323397,61530.09473328398,0.1709169298146777,2.78270645583982e-16,2.0213316640785061e-16,1.1179734182867045,576.388512362016,2.9134814499752957,139704.3350489886,,0.0,0.36365105472654896,0.05
B,1.5,2.2,0.46487603305785113,100,0.03,piston,3226.863355044176,3039.75,187.11335504417593,1.061555507868797,176.71458676442586,6.383558120808493,99.83982376144327,0.2933743660590704,False,none,585.9989169797082,330.6565921473685,255.3423248323397,58599.891697970816,0.1627774769388078,3.200112424215793e-15,0.0,1.1179734182867045,576.388512362016,2.9134814499752957,139704.3350489886,,0.1,0.36365105472654896,0.05
B,1.5,2.2,0.46487603305785113,100,0.03,piston,3205.549102419179,3039.75,165.79910241917878,1.0545436639260395,176.71458676442586,6.383558120808493,94.18328426997049,0.2764910170757665,False,none,548.3335235315187,292.991198699179,255.3423248323397,54833.35235315187,0.1523148676476441,2.5044358102558383e-15,1.2416682901205208e-16,1.1179734182867045,576.388512362016,2.9134814499752957,139704.3350489886,,0.25,0.36365105472654896,0.05
B,1.5,2.2,0.46487603305785113,100,0.03,piston,3177.332382048246,3039.75,137.58238204824602,1.0452610846445418,176.71458676442586,6.383558120808493,86.0410150492399,0.2522691709408653,False,none,498.4704627295513,243.1281378972116,255.3423248323397,49847.04627295513,0.13846401742487535,2.226165164671856e-15,1.4963215852168286e-16,1.1179734182867045,576.388512362016,2.9134814499752957,139704.3350489886,,0.5,0.36365105472654896,0.05
B,1.5,2.2,0.46487603305785113,100,0.03,piston,3138.8877019502524,3039.75,99.13770195025245,1.0326137682211538,176.71458676442586,6.383558120808493,73.3247535200672,0.21461199873989079,False,none,430.53310516147644,175.19078032913677,255.3423248323397,43053.31051614764,0.11959252921152123,3.0609771014238024e-15,0.0,1.1179734182867045,576.388512362016,2.9134814499752957,139704.3350489886,,1.0,0.36365105472654896,0.05
B,1.5,2.2,0.46487603305785113,100,0.03,piston,3114.5715777519545,3039.75,74.82157775195446,1.024614385311935,176.71458676442586,6.383558120808493,63.8607297435212,0.1867044932393232,False,none,387.5629667673296,132.22064193498994,255.3423248323397,38756.29667673296,0.10765637965759156,1.808759196295883e-15,1.3757227138862438e-16,1.1179734182867045,576.388512362016,2.9134814499752957,139704.3350489886,,1.5,0.36365105472654896,0.05
B,1.5,2.2,0.46487603305785113,100,0.03,piston,3098.2198878843797,3039.75,58.46988788437966,1.0192350975851237,176.71458676442586,6.383558120808493,56.548785819120084,0.16520287258147,False,none,358.66714558884433,103.32482075650462,255.3423248323397,35866.714558884436,0.09962976266356786,7.791578076351497e-15,0.0,1.1179734182867045,576.388512362016,2.9134814499752957,139704.3350489886,,2.0,0.36365105472654896,0.05
B,1.5,2.2,0.46487603305785113,100,0.03,piston,3078.2754918090513,3039.75,38.525491809051346,1.0126739014093433,176.71458676442586,6.383558120808493,45.997526215092776,0.13425426980082894,False,none,323.42248848166753,68.08016364932782,255.3423248323397,32342.248848166753,0.08983958013379653,1.1826502437319236e-14,0.0,1.1179734182867045,576.388512362016,2.9134814499752957,139704.3350489886,,3.0,0.36365105472654896,0.05
B,1.5,2.2,0.46487603305785113,100,0.03,piston,3067.035843454006,3039.75,27.285843454006226,1.0089763445855766,176.71458676442586,6.383558120808493,38.75612588628244,0.11305949506577842,False,none,303.56039033727495,48.21806550493525,255.3423248323397,30356.039033727495,0.08432233064924305,4.591465652135703e-15,0.0,1.1179734182867045,576.388512362016,2.9134814499752957,139704.3350489886,,4.0,0.36365105472654896,0.05
B,1.5,2.2,0.46487603305785113,100,0.1,piston,10811.48304094227,10132.5,678.9830409422702,1.0670104160811518,176.71458676442586,21.27852706936164,103.99697652524361,0.30581378981027796,False,none,2051.003157776131,1199.8620750016653,851.1410827744656,205100.3157776131,0.5697230993822586,3.339247747007785e-16,1.2127989984471053e-16,1.1179734182867045,1921.2950412067196,2.9134814499752957,465681.116829962,,0.0,0.36365105472654896,0.05
B,1.5,2.2,0.46487603305785113,100,0.1,piston,10756.211183480584,10132.5,623.7111834805837,1.0615555078687968,176.71458676442586,21.27852706936164,99.83982376144327,0.2933743660590704,False,none,1953.3297232656892,1102.1886404912234,851.1410827744656,195332.9723265689,0.5425915897960247,3.0053229723070063e-15,1.3202744697025142e-16,1.1179734182867045,1921.2950412067196,2.9134814499752957,465681.116829962,,0.1,0.36365105472654896,0.05
B,1.5,2.2,0.46487603305785113,100,0.1,piston,10685.163674730598,10132.5,552.6636747305984,1.0545436639260397,176.71458676442586,21.27852706936164,94.18328426997049,0.2764910170757665,False,none,1827.7784117717333,976.6373289972676,851.1410827744656,182777.84117717334,0.5077162254921481,2.838360584956617e-15,0.0,1.1179734182867045,1921.2950412067196,2.9134814499752957,465681.116829962,,0.25,0.36365105472654896,0.05
B,1.5,2.2,0.46487603305785113,100,0.1,piston,10591.10794016082,10132.5,458.60794016082036,1.0452610846445418,176.71458676442586,21.27852706936164,86.0410150492399,0.2522691709408653,False,none,1661.5682090985047,810.4271263240391,851.1410827744656,166156.82090985047,0.46154672474958464,2.337473422905449e-15,0.0,1.1179734182867045,1921.2950412067196,2.9134814499752957,465681.116829962,,0.5,0.36365105472654896,0.05
B,1.5,2.2,0.46487603305785113,100,0.1,piston,10462.959006500841,10132.5,330.4590065008415,1.0326137682211538,176.71458676442586,21.27852706936164,73.3247535200672,0.21461199873989079,False,none,1435.1103505382548,583.9692677637893,851.1410827744656,143511.03505382547,0.3986417640384041,3.1722853596573955e-15,0.0,1.1179734182867045,1921.2950412067196,2.9134814499752957,465681.116829962,,1.0,0.36365105472654896,0.05
B,1.5,2.2,0.46487603305785113,100,0.1,piston,10381.905259173182,10132.5,249.40525917318155,1.024614385311935,176.71458676442586,21.27852706936164,63.8607297435212,0.1867044932393232,False,none,1291.8765558910986,440.7354731166331,851.1410827744656,129187.65558910987,0.3588545988586385,2.0035486482046707e-15,0.0,1.1179734182867045,1921.2950412067196,2.9134814499752957,465681.116829962,,1.5,0.36365105472654896,0.05
B,1.5,2.2,0.46487603305785113,100,0.1,piston,10327.399626281263,10132.5,194.8996262812634,1.0192350975851234,176.71458676442586,21.27852706936164,56.54878581911893,0.16520287258146665,False,none,1195.5571519628106,344.416069188345,851.1410827744656,119555.71519628106,0.3320992088785585,7.680269818117905e-15,0.0,1.1179734182867045,1921.2950412067196,2.9134814499752957,465681.116829962,,2.0,0.36365105472654896,0.05
B,1.5,2.2,0.46487603305785113,100,0.1,piston,10260.918306030171,10132.5,128.41830603017115,1.0126739014093433,176.71458676442586,21.27852706936164,45.997526215092776,0.13425426980082894,False,none,1078.0749616055584,226.93387883109273,851.1410827744656,107807.49616055585,0.29946526711265514,1.2021291889228025e-14,0.0,1.1179734182867045,1921.2950412067196,2.9134814499752957,465681.116829962,,3.0,0.36365105472654896,0.05
B,1.5,2.2,0.46487603305785113,100,0.1,piston,10223.452811513354,10132.5,90.95281151335439,1.0089763445855766,176.71458676442586,21.27852706936164,38.75612588628244,0.11305949506577842,False,none,1011.867967790917,160.72688501645135,851.1410827744656,101186.7967790917,0.28107443549747696,4.841909233161288e-15,1.1317269063975651e-16,1.1179734182867045,1921.2950412067196,2.9134814499752957,465681.116829962,,4.0,0.36365105472654896,0.05
B,1.5,2.2,0.46487603305785113,150,0.001,piston,116.6949338116908,101.325,15.3699338116908,1.1516894528664279,265.0718801466388,0.3191779060404246,152.62854483795803,0.4537432939532353,False,none,46.311589383720644,27.160915021295164,19.150674362425477,6946.738407558097,0.012864330384366846,8.69595767449944e-16,1.1161807337981196e-16,0.7929527594078984,28.81942561810079,2.9134814499752957,6985.21675244943,kantrowitz_limit;nonlinear_acoustic_pulse;low_reynolds_or_rarefaction_check,0.0,1.7038297900228094,0.05
B,1.5,2.2,0.46487603305785113,150,0.001,piston,115.4367546196474,101.325,14.1117546196474,1.139272189683172,265.0718801466388,0.3191779060404246,146.76685311387865,0.43564213929567924,False,none,44.088203223745154,24.937528861319677,19.150674362425477,6613.230483561773,0.012246723117706988,0.0,2.431394885009731e-16,0.7929527594078984,28.81942561810079,2.9134814499752957,6985.21675244943,kantrowitz_limit;nonlinear_acoustic_pulse;low_reynolds_or_rarefaction_check,0.1,1.7038297900228094,0.05
B,1.5,2.2,0.46487603305785113,150,0.001,piston,113.82130082440445,101.325,12.496300824404443,1.1233289003148723,265.0718801466388,0.3191779060404246,138.7472595072787,0.4110095823097173,False,none,41.23346072511133,22.082786362685855,19.150674362425477,6185.019108766699,0.011453739090308702,0.0,0.0,0.7929527594078984,28.81942561810079,2.9134814499752957,6985.21675244943,kantrowitz_limit;nonlinear_acoustic_pulse;low_reynolds_or_rarefaction_check,0.25,1.7038297900228094,0.05
B,1.5,2.2,0.46487603305785113,150,0.001,piston,111.6858632382542,101.325,10.360863238254197,1.1022537699309567,265.0718801466388,0.3191779060404246,127.11860667018236,0.37554467544293835,False,none,37.45983101913369,18.309156656708215,19.150674362425477,5618.974652870053,0.010405508616426024,3.4783830697997757e-16,1.6558102935882668e-16,0.7929527594078984,28.81942561810079,2.9134814499752957,6985.21675244943,kantrowitz_limit;nonlinear_acoustic_pulse;low_reynolds_or_rarefaction_check,0.5,1.7038297900228094,0.05
B,1.5,2.2,0.46487603305785113,150,0.001,piston,108.7821721596648,101.325,7.457172159664793,1.0735965670828007,265.0718801466388,0.3191779060404246,108.77081542460084,0.3201330520511441,False,none,32.32858532868893,13.17791096626345,19.150674362425477,4849.28779930334,0.00898016259130248,0.0,2.30055356548624e-16,0.7929527594078984,28.81942561810079,2.9134814499752957,6985.21675244943,kantrowitz_limit;nonlinear_acoustic_pulse;low_reynolds_or_rarefaction_check,1.0,1.7038297900228094,0.05
B,1.5,2.2,0.46487603305785113,150,0.001,piston,106.94903749393812,101.325,5.624037493938118,1.0555049345565075,265.0718801466388,0.3191779060404246,94.9815983107874,0.2788708995579548,False,none,29.089168979314593,9.938494616889118,19.150674362425477,4363.375346897189,0.008080324716476276,3.478383069799776e-15,0.0,0.7929527594078984,28.81942561810079,2.9134814499752957,6985.21675244943,kantrowitz_limit;nonlinear_acoustic_pulse;low_reynolds_or_rarefaction_check,1.5,1.7038297900228094,0.05
B,1.5,2.2,0.46487603305785113,150,0.001,piston,105.71781524928514,101.325,4.392815249285135,1.043353715759044,265.0718801466388,0.3191779060404246,84.25826018025991,0.24697774759210464,False,none,26.913419677524388,7.76274531509891,19.150674362425477,4037.0129516286584,0.0074759499104234415,3.652302223289765e-15,0.0,0.7929527594078984,28.81942561810079,2.9134814499752957,6985.21675244943,kantrowitz_limit;nonlinear_acoustic_pulse;low_reynolds_or_rarefaction_check,2.0,1.7038297900228094,0.05
B,1.5,2.2,0.46487603305785113,150,0.001,piston,104.21769405443717,101.325,2.8926940544371718,1.0285486706581513,265.0718801466388,0.3191779060404246,68.69034047224892,0.20093441788945518,False,none,24.26248670708324,5.111812344657764,19.150674362425477,3639.373006062486,0.0067395796408564555,2.0870298418798653e-15,1.4826683774288322e-16,0.7929527594078984,28.81942561810079,2.9134814499752957,6985.21675244943,kantrowitz_limit;nonlinear_acoustic_pulse;low_reynolds_or_rarefaction_check,3.0,1.7038297900228094,0.05
B,1.5,2.2,0.46487603305785113,150,0.001,piston,103.37308292406927,101.325,2.048082924069263,1.0202130068992772,265.0718801466388,0.3191779060404246,57.95052407646618,0.16932113696902068,False,none,22.769935638287244,3.619261275861768,19.150674362425477,3415.4903457430864,0.0063249821217464565,5.565412911679641e-15,0.0,0.7929527594078984,28.81942561810079,2.9134814499752957,6985.21675244943,kantrowitz_limit;nonlinear_acoustic_pulse;low_reynolds_or_rarefaction_check,4.0,1.7038297900228094,0.05
B,1.5,2.2,0.46487603305785113,150,0.003,piston,350.08480143507245,303.975,46.10980143507243,1.1516894528664279,265.0718801466388,0.957533718121274,152.62854483795803,0.4537432939532353,False,none,138.93476815116196,81.48274506388555,57.45202308727643,20840.215222674295,0.038592991153100546,8.116227162866143e-16,1.4882409783974918e-16,0.7929527594078983,86.45827685430238,2.9134814499752957,20955.650257348294,kantrowitz_limit;nonlinear_acoustic_pulse,0.0,1.7038297900228094,0.05
B,1.5,2.2,0.46487603305785113,150,0.003,piston,346.3102638589423,303.975,42.335263858942255,1.1392721896831721,265.0718801466388,0.957533718121274,146.76685311387905,0.4356421392956805,False,none,132.26460967123558,74.81258658395913,57.45202308727643,19839.691450685335,0.036740169353120994,1.1594610232665918e-16,1.6209299233398187e-16,0.7929527594078983,86.45827685430238,2.9134814499752957,20955.650257348294,kantrowitz_limit;nonlinear_acoustic_pulse,0.1,1.7038297900228094,0.05
B,1.5,2.2,0.46487603305785113,150,0.003,piston,341.4639024732134,303.975,37.488902473213386,1.1233289003148725,265.0718801466388,0.957533718121274,138.74725950727913,0.4110095823097186,False,none,123.7003821753341,66.24835908805767,57.45202308727643,18555.057326300113,0.034361217270926135,0.0,0.0,0.7929527594078983,86.45827685430238,2.9134814499752957,20955.650257348294,kantrowitz_limit;nonlinear_acoustic_pulse,0.25,1.7038297900228094,0.05
B,1.5,2.2,0.46487603305785113,150,0.003,piston,335.0575897147626,303.975,31.082589714762605,1.102253769930957,265.0718801466388,0.957533718121274,127.11860667018236,0.37554467544293835,False,none,112.3794930574011,54.927469970124676,57.45202308727643,16856.923958610165,0.031216525849278084,4.637844093066367e-16,0.0,0.7929527594078983,86.45827685430238,2.9134814499752957,20955.650257348294,kantrowitz_limit;nonlinear_acoustic_pulse,0.5,1.7038297900228094,0.05
B,1.5,2.2,0.46487603305785113,150,0.003,piston,326.3465164789945,303.975,22.371516478994465,1.0735965670828012,265.0718801466388,0.957533718121274,108.77081542460141,0.32013305205114584,False,none,96.98575598606693,39.533732898790504,57.45202308727643,14547.86339791004,0.026940487773907482,0.0,1.5337023769908209e-16,0.7929527594078983,86.45827685430238,2.9134814499752957,20955.650257348294,kantrowitz_limit;nonlinear_acoustic_pulse,1.0,1.7038297900228094,0.05
B,1.5,2.2,0.46487603305785113,150,0.003,piston,320.8471124818143,303.975,16.87211248181427,1.055504934556507,265.0718801466388,0.957533718121274,94.98159831078674,0.2788708995579528,False,none,87.26750693794364,29.815483850667203,57.45202308727643,13090.126040691546,0.024240974149428787,3.1305447628197976e-15,0.0,0.7929527594078983,86.45827685430238,2.9134814499752957,20955.650257348294,kantrowitz_limit;nonlinear_acoustic_pulse,1.5,1.7038297900228094,0.05
B,1.5,2.2,0.46487603305785113,150,0.003,piston,317.15344574785536,303.975,13.178445747855335,1.0433537157590438,265.0718801466388,0.957533718121274,84.25826018025916,0.2469777475921024,False,none,80.74025903257304,23.288235945296606,57.45202308727643,12111.038854885956,0.022427849731270287,3.478383069799775e-15,1.3017941818483015e-16,0.7929527594078983,86.45827685430238,2.9134814499752957,20955.650257348294,kantrowitz_limit;nonlinear_acoustic_pulse,2.0,1.7038297900228094,0.05
B,1.5,2.2,0.46487603305785113,150,0.003,piston,312.6530821633115,303.975,8.678082163311501,1.0285486706581513,265.0718801466388,0.957533718121274,68.69034047224892,0.20093441788945518,False,none,72.7874601212497,15.335437033973268,57.45202308727643,10918.119018187454,0.02021873892256936,1.971083739553206e-15,1.9768911699051128e-16,0.7929527594078983,86.45827685430238,2.9134814499752957,20955.650257348294,kantrowitz_limit;nonlinear_acoustic_pulse,3.0,1.7038297900228094,0.05
B,1.5,2.2,0.46487603305785113,150,0.003,piston,310.11924877220775,303.975,6.144248772207732,1.020213006899277,265.0718801466388,0.957533718121274,57.95052407646618,0.16932113696902068,False,none,68.30980691486164,10.857783827585203,57.45202308727643,10246.471037229247,0.018974946365239345,5.333520707026322e-15,0.0,0.7929527594078983,86.45827685430238,2.9134814499752957,20955.650257348294,kantrowitz_limit;nonlinear_acoustic_pulse,4.0,1.7038297900228094,0.05
B,1.5,2.2,0.46487603305785113,150,0.01,piston,1166.9493381169077,1013.25,153.6993381169077,1.1516894528664277,265.0718801466388,3.1917790604042464,152.62854483795803,0.4537432939532353,False,none,463.11589383720593,271.60915021295114,191.5067436242548,69467.38407558089,0.12864330384366832,4.1740596837597304e-16,0.0,0.7929527594078983,288.1942561810079,2.9134814499752957,69852.1675244943,kantrowitz_limit;nonlinear_acoustic_pulse,0.0,1.7038297900228274,0.05
B,1.5,2.2,0.46487603305785113,150,0.01,piston,1154.3675461964742,1013.25,141.11754619647422,1.1392721896831721,265.0718801466388,3.1917790604042464,146.76685311387905,0.4356421392956805,False,none,440.882032237452,249.3752886131972,191.5067436242548,66132.3048356178,0.12246723117707,1.9478945190878742e-15,0.0,0.7929527594078983,288.1942561810079,2.9134814499752957,69852.1675244943,kantrowitz_limit;nonlinear_acoustic_pulse,0.1,1.7038297900228274,0.05
B,1.5,2.2,0.46487603305785113,150,0.01,piston,1138.2130082440447,1013.25,124.96300824404466,1.1233289003148725,265.0718801466388,3.1917790604042464,138.74725950727913,0.4110095823097186,False,none,412.33460725111377,220.82786362685894,191.5067436242548,61850.191087667066,0.11453739090308716,1.39135322791991e-16,2.1965699118712303e-16,0.7929527594078983,288.1942561810079,2.9134814499752957,69852.1675244943,kantrowitz_limit;nonlinear_acoustic_pulse,0.25,1.7038297900228274,0.05
B,1.5,2.2,0.46487603305785113,150,0.01,piston,1116.858632382542,1013.25,103.60863238254205,1.102253769930957,265.0718801466388,3.1917790604042464,127.11860667018236,0.37554467544293835,False,none,374.5983101913371,183.0915665670823,191.5067436242548,56189.74652870056,0.1040550861642603,4.1740596837597304e-16,1.3246482348706125e-16,0.7929527594078983,288.1942561810079,2.9134814499752957,69852.1675244943,kantrowitz_limit;nonlinear_acoustic_pulse,0.5,1.7038297900228274,0.05
B,1.5,2.2,0.46487603305785113,150,0.01,piston,1087.821721596648,1013.25,74.5717215966481,1.073596567082801,265.0718801466388,3.1917790604042464,108.77081542460141,0.32013305205114584,False,none,323.2858532868896,131.77910966263482,191.5067436242548,48492.87799303344,0.08980162591302489,0.0,0.0,0.7929527594078983,288.1942561810079,2.9134814499752957,69852.1675244943,kantrowitz_limit;nonlinear_acoustic_pulse,1.0,1.7038297900228274,0.05
B,1.5,2.2,0.46487603305785113,150,0.01,piston,1069.490374939381,1013.25,56.2403749393809,1.055504934556507,265.0718801466388,3.1917790604042464,94.98159831078674,0.2788708995579528,False,none,290.8916897931455,99.38494616889068,191.5067436242548,43633.75346897182,0.08080324716476263,3.200112424215793e-15,1.2201642694489772e-16,0.7929527594078983,288.1942561810079,2.9134814499752957,69852.1675244943,kantrowitz_limit;nonlinear_acoustic_pulse,1.5,1.7038297900228274,0.05
B,1.5,2.2,0.46487603305785113,150,0.01,piston,1057.178152492851,1013.25,43.92815249285104,1.0433537157590438,265.0718801466388,3.1917790604042464,84.25826018025916,0.2469777475921024,False,none,269.13419677524337,77.62745315098856,191.5067436242548,40370.129516286506,0.07475949910423427,3.3392477470077843e-15,0.0,0.7929527594078983,288.1942561810079,2.9134814499752957,69852.1675244943,kantrowitz_limit;nonlinear_acoustic_pulse,2.0,1.7038297900228274,0.05
B,1.5,2.2,0.46487603305785113,150,0.01,piston,1042.1769405443717,1013.25,28.926940544371746,1.0285486706581513,265.0718801466388,3.1917790604042464,68.69034047224892,0.20093441788945518,False,none,242.6248670708325,51.11812344657769,191.5067436242548,36393.730060624875,0.06739579640856458,1.9478945190878742e-15,1.1861347019430646e-16,0.7929527594078983,288.1942561810079,2.9134814499752957,69852.1675244943,kantrowitz_limit;nonlinear_acoustic_pulse,3.0,1.7038297900228274,0.05
B,1.5,2.2,0.46487603305785113,150,0.01,piston,1033.7308292406924,1013.25,20.4808292406924,1.020213006899277,265.0718801466388,3.1917790604042464,57.95052407646618,0.16932113696902068,False,none,227.69935638287205,36.19261275861727,191.5067436242548,34154.90345743081,0.06324982121746446,5.287142266095659e-15,3.350572147005817e-16,0.7929527594078983,288.1942561810079,2.9134814499752957,69852.1675244943,kantrowitz_limit;nonlinear_acoustic_pulse,4.0,1.7038297900228274,0.05
B,1.5,2.2,0.46487603305785113,150,0.03,piston,3500.848014350723,3039.75,461.09801435072313,1.1516894528664277,265.0718801466388,9.57533718121274,152.62854483795803,0.4537432939532353,False,none,1389.3476815116178,814.8274506388534,574.5202308727643,208402.15222674268,0.3859299115310049,3.7102752744530935e-16,1.1905927827179966e-16,0.7929527594078984,864.5827685430238,2.9134814499752957,209556.5025734829,kantrowitz_limit;nonlinear_acoustic_pulse,0.0,1.70382979002281,0.05
B,1.5,2.2,0.46487603305785113,150,0.03,piston,3463.1026385894224,3039.75,423.35263858942244,1.1392721896831721,265.0718801466388,9.57533718121274,146.76685311387905,0.4356421392956805,False,none,1322.6460967123553,748.1258658395911,574.5202308727643,198396.9145068533,0.3674016935312098,0.0,1.2967439386718553e-16,0.7929527594078984,864.5827685430238,2.9134814499752957,209556.5025734829,kantrowitz_limit;nonlinear_acoustic_pulse,0.1,1.70382979002281,0.05
B,1.5,2.2,0.46487603305785113,150,0.03,piston,3414.6390247321337,3039.75,374.88902473213375,1.1233289003148725,265.0718801466388,9.57533718121274,138.74725950727913,0.4110095823097186,False,none,1237.0038217533406,662.4835908805765,574.5202308727643,185550.5732630011,0.3436121727092613,1.8551376372265465e-15,1.4643799412474878e-16,0.7929527594078984,864.5827685430238,2.9134814499752957,209556.5025734829,kantrowitz_limit;nonlinear_acoustic_pulse,0.25,1.70382979002281,0.05
B,1.5,2.2,0.46487603305785113,150,0.03,piston,3350.575897147626,3039.75,310.82589714762616,1.102253769930957,265.0718801466388,9.57533718121274,127.11860667018236,0.37554467544293835,False,none,1123.7949305740112,549.274699701247,574.5202308727643,168569.23958610167,0.3121652584927809,3.7102752744530935e-16,0.0,0.7929527594078984,864.5827685430238,2.9134814499752957,209556.5025734829,kantrowitz_limit;nonlinear_acoustic_pulse,0.5,1.70382979002281,0.05
B,1.5,2.2,0.46487603305785113,150,0.03,piston,3263.465164789945,3039.75,223.715164789945,1.0735965670828012,265.0718801466388,9.57533718121274,108.77081542460141,0.32013305205114584,False,none,969.8575598606699,395.33732898790566,574.5202308727643,145478.63397910047,0.26940487773907495,2.9682202195624748e-15,0.0,0.7929527594078984,864.5827685430238,2.9134814499752957,209556.5025734829,kantrowitz_limit;nonlinear_acoustic_pulse,1.0,1.70382979002281,0.05
B,1.5,2.2,0.46487603305785113,150,0.03,piston,3208.4711248181425,3039.75,168.72112481814247,1.055504934556507,265.0718801466388,9.57533718121274,94.98159831078674,0.2788708995579528,False,none,872.6750693794359,298.15483850667164,574.5202308727643,130901.26040691537,0.24240974149428773,2.9682202195624748e-15,0.0,0.7929527594078984,864.5827685430238,2.9134814499752957,209556.5025734829,kantrowitz_limit;nonlinear_acoustic_pulse,1.5,1.70382979002281,0.05
B,1.5,2.2,0.46487603305785113,150,0.03,piston,3171.534457478553,3039.75,131.78445747855312,1.0433537157590438,265.0718801466388,9.57533718121274,84.25826018025916,0.2469777475921024,False,none,807.40259032573,232.88235945296566,574.5202308727643,121110.3885488595,0.22427849731270277,3.1537339832851293e-15,2.082870690957286e-16,0.7929527594078984,864.5827685430238,2.9134814499752957,209556.5025734829,kantrowitz_limit;nonlinear_acoustic_pulse,2.0,1.70382979002281,0.05
B,1.5,2.2,0.46487603305785113,150,0.03,piston,3126.530821633116,3039.75,86.78082163311592,1.0285486706581515,265.0718801466388,9.57533718121274,68.69034047224892,0.20093441788945518,False,none,727.8746012124985,153.3543703397343,574.5202308727643,109181.19018187479,0.20218738922569404,2.0406514009492015e-15,1.5815129359240736e-16,0.7929527594078984,864.5827685430238,2.9134814499752957,209556.5025734829,kantrowitz_limit;nonlinear_acoustic_pulse,3.0,1.70382979002281,0.05
B,1.5,2.2,0.46487603305785113,150,0.03,piston,3101.192487722077,3039.75,61.4424877220772,1.020213006899277,265.0718801466388,9.57533718121274,57.95052407646618,0.16932113696902068,False,none,683.0980691486161,108.57783827585183,574.5202308727643,102464.71037229242,0.18974946365239337,5.1943853842343304e-15,1.1168573823352724e-16,0.7929527594078984,864.5827685430238,2.9134814499752957,209556.5025734829,kantrowitz_limit;nonlinear_acoustic_pulse,4.0,1.70382979002281,0.05
B,1.5,2.2,0.46487603305785113,150,0.1,piston,11669.49338116908,10132.5,1536.9933811690807,1.1516894528664279,265.0718801466388,31.917790604042466,152.62854483795803,0.4537432939532353,False,none,4631.158938372066,2716.0915021295177,1915.067436242548,694673.8407558098,1.2864330384366849,6.678495494015569e-16,1.4287113392615923e-16,0.7929527594078986,2881.9425618100795,2.9134814499752957,698521.675244943,kantrowitz_limit;nonlinear_acoustic_pulse,0.0,1.70382979002281,0.05
B,1.5,2.2,0.46487603305785113,150,0.1,piston,11543.675461964742,10132.5,1411.1754619647418,1.1392721896831721,265.0718801466388,31.917790604042466,146.76685311387905,0.4356421392956805,False,none,4408.820322374519,2493.752886131971,1915.067436242548,661323.0483561778,1.2246723117706997,1.1130825823359281e-16,0.0,0.7929527594078986,2881.9425618100795,2.9134814499752957,698521.675244943,kantrowitz_limit;nonlinear_acoustic_pulse,0.1,1.70382979002281,0.05
B,1.5,2.2,0.46487603305785113,150,0.1,piston,11382.130082440448,10132.5,1249.630082440448,1.1233289003148728,265.0718801466388,31.917790604042466,138.74725950727913,0.4110095823097186,False,none,4123.34607251114,2208.278636268592,1915.067436242548,618501.910876671,1.145373909030872,2.0035486482046703e-15,0.0,0.7929527594078986,2881.9425618100795,2.9134814499752957,698521.675244943,kantrowitz_limit;nonlinear_acoustic_pulse,0.25,1.70382979002281,0.05
B,1.5,2.2,0.46487603305785113,150,0.1,piston,11168.58632382542,10132.5,1036.0863238254205,1.102253769930957,265.0718801466388,31.917790604042466,127.11860667018236,0.37554467544293835,False,none,3745.983101913371,1830.915665670823,1915.067436242548,561897.4652870056,1.040550861642603,4.452330329343713e-16,2.11943717579298e-16,0.7929527594078986,2881.9425618100795,2.9134814499752957,698521.675244943,kantrowitz_limit;nonlinear_acoustic_pulse,0.5,1.70382979002281,0.05
B,1.5,2.2,0.46487603305785113,150,0.1,piston,10878.217215966482,10132.5,745.7172159664824,1.0735965670828012,265.0718801466388,31.917790604042466,108.77081542460141,0.32013305205114584,False,none,3232.8585328688987,1317.7910966263505,1915.067436242548,484928.77993033483,0.8980162591302496,0.0,0.0,0.7929527594078986,2881.9425618100795,2.9134814499752957,698521.675244943,kantrowitz_limit;nonlinear_acoustic_pulse,1.0,1.70382979002281,0.05
B,1.5,2.2,0.46487603305785113,150,0.1,piston,10694.903749393809,10132.5,562.4037493938085,1.055504934556507,265.0718801466388,31.917790604042466,94.98159831078674,0.2788708995579528,False,none,2908.916897931454,993.849461688906,1915.067436242548,436337.5346897181,0.8080324716476261,3.005322972307006e-15,1.952262831118365e-16,0.7929527594078986,2881.9425618100795,2.9134814499752957,698521.675244943,kantrowitz_limit;nonlinear_acoustic_pulse,1.5,1.70382979002281,0.05
B,1.5,2.2,0.46487603305785113,150,0.1,piston,10571.78152492851,10132.5,439.2815249285104,1.0433537157590438,265.0718801466388,31.917790604042466,84.25826018025916,0.2469777475921024,False,none,2691.3419677524334,776.2745315098856,1915.067436242548,403701.295162865,0.7475949910423426,3.3392477470077843e-15,1.2497224145743717e-16,0.7929527594078986,2881.9425618100795,2.9134814499752957,698521.675244943,kantrowitz_limit;nonlinear_acoustic_pulse,2.0,1.70382979002281,0.05
B,1.5,2.2,0.46487603305785113,150,0.1,piston,10421.76940544372,10132.5,289.26940544371973,1.0285486706581515,265.0718801466388,31.917790604042466,68.69034047224892,0.20093441788945518,False,none,2426.248670708329,511.18123446578096,1915.067436242548,363937.30060624937,0.6739579640856469,2.1148569064382634e-15,1.8978155231088883e-16,0.7929527594078986,2881.9425618100795,2.9134814499752957,698521.675244943,kantrowitz_limit;nonlinear_acoustic_pulse,3.0,1.70382979002281,0.05
B,1.5,2.2,0.46487603305785113,150,0.1,piston,10337.308292406924,10132.5,204.808292406924,1.020213006899277,265.0718801466388,31.917790604042466,57.95052407646618,0.16932113696902068,False,none,2276.9935638287207,361.92612758617275,1915.067436242548,341549.0345743081,0.6324982121746446,5.231488136978862e-15,1.340228858802327e-16,0.7929527594078986,2881.9425618100795,2.9134814499752957,698521.675244943,kantrowitz_limit;nonlinear_acoustic_pulse,4.0,1.70382979002281,0.05
B,1.5,2.2,0.46487603305785113,200,0.001,piston,128.8838630385833,101.325,27.55886303858331,1.2719848313701783,353.4291735288517,0.4255705413872328,197.80939590598618,0.5964652740134968,False,none,82.74617424658521,48.700530935606594,34.045643310978626,16549.234849317043,0.022985048401829227,2.6087873023498317e-16,0.0,0.647244998147469,38.42590082413439,2.9134814499752957,9313.622336599241,kantrowitz_limit;nonlinear_acoustic_pulse;low_reynolds_or_rarefaction_check,0.0,3.0440085253190703,0.05
B,1.5,2.2,0.46487603305785113,200,0.001,piston,126.61020367576512,101.325,25.285203675765118,1.2495455581126584,353.4291735288517,0.4255705413872328,190.5910698711408,0.5732400604188828,False,none,78.72828649915037,44.682643188171745,34.045643310978626,15745.657299830074,0.021868968471986213,1.1739542860574244e-15,0.0,0.647244998147469,38.42590082413439,2.9134814499752957,9313.622336599241,kantrowitz_limit;nonlinear_acoustic_pulse;low_reynolds_or_rarefaction_check,0.1,3.0440085253190703,0.05
B,1.5,2.2,0.46487603305785113,200,0.001,piston,123.69551938604852,101.325,22.370519386048514,1.2207798607061289,353.4291735288517,0.4255705413872328,180.65091774237322,0.5415383216687324,False,none,73.57761420109003,39.53197089011141,34.045643310978626,14715.522840218006,0.020438226166969452,0.0,1.1503280525793753e-16,0.647244998147469,38.42590082413439,2.9134814499752957,9313.622336599241,kantrowitz_limit;nonlinear_acoustic_pulse;low_reynolds_or_rarefaction_check,0.25,3.0440085253190703,0.05
B,1.5,2.2,0.46487603305785113,200,0.001,piston,119.85063356319753,101.325,18.52563356319753,1.1828337879417472,353.4291735288517,0.4255705413872328,166.10892461284294,0.4957045422500296,False,none,66.78314010767492,32.7374967966963,34.045643310978626,13356.628021534985,0.018550872252131922,3.9131809535247475e-16,1.3890718453842046e-16,0.647244998147469,38.42590082413439,2.9134814499752957,9313.622336599241,kantrowitz_limit;nonlinear_acoustic_pulse;low_reynolds_or_rarefaction_check,0.5,3.0440085253190703,0.05
B,1.5,2.2,0.46487603305785113,200,0.001,piston,114.63712152924043,101.325,13.312121529240429,1.1313804246655852,353.4291735288517,0.4255705413872328,142.87166559855007,0.4236593007727148,False,none,57.57010386095402,23.52446054997539,34.045643310978626,11514.020772190805,0.01599169551693167,3.9131809535247475e-16,0.0,0.647244998147469,38.42590082413439,2.9134814499752957,9313.622336599241,kantrowitz_limit;nonlinear_acoustic_pulse;low_reynolds_or_rarefaction_check,1.0,3.0440085253190703,0.05
B,1.5,2.2,0.46487603305785113,200,0.001,piston,111.35445691382458,101.325,10.029456913824575,1.0989830438077925,353.4291735288517,0.4255705413872328,125.18994015635319,0.3696898654111296,False,none,51.769156650959864,17.72351333998124,34.045643310978626,10353.831330191973,0.014380321291933295,1.565272381409899e-15,1.2828927937798635e-16,0.647244998147469,38.42590082413439,2.9134814499752957,9313.622336599241,kantrowitz_limit;nonlinear_acoustic_pulse;low_reynolds_or_rarefaction_check,1.5,3.0440085253190703,0.05
B,1.5,2.2,0.46487603305785113,200,0.001,piston,109.153428733473,101.325,7.828428733473004,1.0772605845889267,353.4291735288517,0.4255705413872328,111.32248189739691,0.3278025973323948,False,none,47.87961879748302,13.833975486504396,34.045643310978626,9575.923759496603,0.01329989411041195,2.6087873023498317e-15,0.0,0.647244998147469,38.42590082413439,2.9134814499752957,9313.622336599241,kantrowitz_limit;nonlinear_acoustic_pulse;low_reynolds_or_rarefaction_check,2.0,3.0440085253190703,0.05
B,1.5,2.2,0.46487603305785113,200,0.001,piston,106.47577547971977,101.325,5.150775479719769,1.0508342016256578,353.4291735288517,0.4255705413872328,91.02791403988779,0.26709340349279487,False,none,43.14781491512879,9.102171604150163,34.045643310978626,8629.562983025759,0.011985504143091331,3.2609841279372897e-15,0.0,0.647244998147469,38.42590082413439,2.9134814499752957,9313.622336599241,kantrowitz_limit;nonlinear_acoustic_pulse;low_reynolds_or_rarefaction_check,3.0,3.0440085253190703,0.05
B,1.5,2.2,0.46487603305785113,200,0.001,piston,104.9701441509263,101.325,3.645144150926299,1.0359747757308295,353.4291735288517,0.4255705413872328,76.92964456505122,0.22526759546476785,False,none,40.48714473425568,6.4415014232770496,34.045643310978626,8097.428946851136,0.0112464290928488,0.0,1.764912095040398e-16,0.647244998147469,38.42590082413439,2.9134814499752957,9313.622336599241,kantrowitz_limit;nonlinear_acoustic_pulse;low_reynolds_or_rarefaction_check,4.0,3.0440085253190703,0.05
B,1.5,2.2,0.46487603305785113,200,0.003,piston,386.65158911574997,303.975,82.67658911574995,1.2719848313701783,353.4291735288517,1.2767116241616985,197.80939590598618,0.5964652740134968,False,none,248.2385227397557,146.1015928068198,102.13692993293589,49647.704547951136,0.06895514520548769,3.4783830697997757e-16,0.0,0.6472449981474693,115.27770247240318,2.9134814499752957,27940.86700979772,kantrowitz_limit;nonlinear_acoustic_pulse,0.0,3.044008525319071,0.05
B,1.5,2.2,0.46487603305785113,200,0.003,piston,379.8306110272954,303.975,75.85561102729537,1.2495455581126584,353.4291735288517,1.2767116241616985,190.5910698711408,0.5732400604188828,False,none,236.18485949745116,134.04792956451527,102.13692993293589,47236.97189949023,0.06560690541595865,1.2174340744299214e-15,0.0,0.6472449981474693,115.27770247240318,2.9134814499752957,27940.86700979772,kantrowitz_limit;nonlinear_acoustic_pulse,0.1,3.044008525319071,0.05
B,1.5,2.2,0.46487603305785113,200,0.003,piston,371.0865581581456,303.975,67.11155815814556,1.2207798607061289,353.4291735288517,1.2767116241616985,180.65091774237322,0.5415383216687324,False,none,220.73284260327014,118.59591267033426,102.13692993293589,44146.56852065403,0.061314678500908375,1.7391915348998879e-16,0.0,0.6472449981474693,115.27770247240318,2.9134814499752957,27940.86700979772,kantrowitz_limit;nonlinear_acoustic_pulse,0.25,3.044008525319071,0.05
B,1.5,2.2,0.46487603305785113,200,0.003,piston,359.5519006895926,303.975,55.576900689592605,1.1828337879417472,353.4291735288517,1.2767116241616985,166.10892461284294,0.4957045422500296,False,none,200.3494203230248,98.21249039008892,102.13692993293589,40069.88406460496,0.055652616756395774,5.217574604699663e-16,0.0,0.6472449981474693,115.27770247240318,2.9134814499752957,27940.86700979772,kantrowitz_limit;nonlinear_acoustic_pulse,0.5,3.044008525319071,0.05
B,1.5,2.2,0.46487603305785113,200,0.003,piston,343.9113645877213,303.975,39.9363645877213,1.1313804246655854,353.4291735288517,1.2767116241616985,142.87166559855007,0.4236593007727148,False,none,172.7103115828621,70.5733816499262,102.13692993293589,34542.06231657242,0.04797508655079503,3.4783830697997757e-16,0.0,0.6472449981474693,115.27770247240318,2.9134814499752957,27940.86700979772,kantrowitz_limit;nonlinear_acoustic_pulse,1.0,3.044008525319071,0.05
B,1.5,2.2,0.46487603305785113,200,0.003,piston,334.06337074147376,303.975,30.08837074147374,1.0989830438077925,353.4291735288517,1.2767116241616985,125.18994015635319,0.3696898654111296,False,none,155.30746995287961,53.170540019943736,102.13692993293589,31061.493990575924,0.043140963875799895,1.739191534899888e-15,0.0,0.6472449981474693,115.27770247240318,2.9134814499752957,27940.86700979772,kantrowitz_limit;nonlinear_acoustic_pulse,1.5,3.044008525319071,0.05
B,1.5,2.2,0.46487603305785113,200,0.003,piston,327.46028620041903,303.975,23.48528620041901,1.0772605845889267,353.4291735288517,1.2767116241616985,111.32248189739691,0.3278025973323948,False,none,143.63885639244907,41.501926459513186,102.13692993293589,28727.771278489814,0.03989968233123585,2.7827064558398206e-15,0.0,0.6472449981474693,115.27770247240318,2.9134814499752957,27940.86700979772,kantrowitz_limit;nonlinear_acoustic_pulse,2.0,3.044008525319071,0.05
B,1.5,2.2,0.46487603305785113,200,0.003,piston,319.42732643915934,303.975,15.452326439159322,1.0508342016256578,353.4291735288517,1.2767116241616985,91.02791403988779,0.26709340349279487,False,none,129.4434447453864,27.306514812450516,102.13692993293589,25888.688949077277,0.035956512429273994,3.304463916309787e-15,1.6653437980269829e-16,0.6472449981474693,115.27770247240318,2.9134814499752957,27940.86700979772,kantrowitz_limit;nonlinear_acoustic_pulse,3.0,3.044008525319071,0.05
B,1.5,2.2,0.46487603305785113,200,0.003,piston,314.91043245277893,303.975,10.935432452778912,1.0359747757308295,353.4291735288517,1.2767116241616985,76.92964456505204,0.2252675954647703,False,none,121.46143420276707,19.324504269831174,102.13692993293589,24292.286840553414,0.03373928727854641,0.0,0.0,0.6472449981474693,115.27770247240318,2.9134814499752957,27940.86700979772,kantrowitz_limit;nonlinear_acoustic_pulse,4.0,3.044008525319071,0.05
B,1.5,2.2,0.46487603305785113,200,0.01,piston,1288.8386303858335,1013.25,275.58863038583354,1.2719848313701787,353.4291735288517,4.255705413872328,197.80939590598618,0.5964652740134968,False,none,827.461742465853,487.00530935606673,340.4564331097863,165492.3484931706,0.2298504840182925,6.261089525639596e-16,0.0,0.647244998147469,384.2590082413439,2.9134814499752957,93136.2233659924,kantrowitz_limit;nonlinear_acoustic_pulse,0.0,3.044008525319095,0.05
B,1.5,2.2,0.46487603305785113,200,0.01,piston,1266.1020367576511,1013.25,252.85203675765115,1.2495455581126584,353.4291735288517,4.255705413872328,190.5910698711408,0.5732400604188828,False,none,787.2828649915037,446.82643188171744,340.4564331097863,157456.57299830075,0.21868968471986214,1.2522179051279192e-15,0.0,0.647244998147469,384.2590082413439,2.9134814499752957,93136.2233659924,kantrowitz_limit;nonlinear_acoustic_pulse,0.1,3.044008525319095,0.05
B,1.5,2.2,0.46487603305785113,200,0.01,piston,1236.9551938604855,1013.25,223.70519386048545,1.2207798607061293,353.4291735288517,4.255705413872328,180.65091774237322,0.5415383216687324,False,none,735.7761420109009,395.31970890111467,340.4564331097863,147155.2284021802,0.2043822616696947,2.0870298418798654e-16,0.0,0.647244998147469,384.2590082413439,2.9134814499752957,93136.2233659924,kantrowitz_limit;nonlinear_acoustic_pulse,0.25,3.044008525319095,0.05
B,1.5,2.2,0.46487603305785113,200,0.01,piston,1198.5063356319754,1013.25,185.2563356319754,1.1828337879417472,353.4291735288517,4.255705413872328,166.10892461284294,0.4957045422500296,False,none,667.8314010767494,327.37496796696314,340.4564331097863,133566.2802153499,0.18550872252131928,4.174059683759731e-16,1.111257476307363e-16,0.647244998147469,384.2590082413439,2.9134814499752957,93136.2233659924,kantrowitz_limit;nonlinear_acoustic_pulse,0.5,3.044008525319095,0.05
B,1.5,2.2,0.46487603305785113,200,0.01,piston,1146.3712152924047,1013.25,133.1212152924047,1.1313804246655856,353.4291735288517,4.255705413872328,142.87166559855007,0.4236593007727148,False,none,575.701038609541,235.24460549975467,340.4564331097863,115140.2077219082,0.15991695516931695,6.261089525639596e-16,1.5464664107230745e-16,0.647244998147469,384.2590082413439,2.9134814499752957,93136.2233659924,kantrowitz_limit;nonlinear_acoustic_pulse,1.0,3.044008525319095,0.05
B,1.5,2.2,0.46487603305785113,200,0.01,piston,1113.544569138246,1013.25,100.29456913824606,1.0989830438077928,353.4291735288517,4.255705413872328,125.18994015635319,0.3696898654111296,False,none,517.6915665095992,177.23513339981292,340.4564331097863,103538.31330191983,0.1438032129193331,1.878326857691879e-15,0.0,0.647244998147469,384.2590082413439,2.9134814499752957,93136.2233659924,kantrowitz_limit;nonlinear_acoustic_pulse,1.5,3.044008525319095,0.05
B,1.5,2.2,0.46487603305785113,200,0.01,piston,1091.5342873347302,1013.25,78.28428733473015,1.077260584588927,353.4291735288517,4.255705413872328,111.32248189739691,0.3278025973323948,False,none,478.79618797483045,138.33975486504417,340.4564331097863,95759.2375949661,0.13299894110411956,2.9218417786318117e-15,1.3148710616990406e-16,0.647244998147469,384.2590082413439,2.9134814499752957,93136.2233659924,kantrowitz_limit;nonlinear_acoustic_pulse,2.0,3.044008525319095,0.05
B,1.5,2.2,0.46487603305785113,200,0.01,piston,1064.7577547971973,1013.25,51.50775479719732,1.0508342016256573,353.4291735288517,4.255705413872328,91.02791403988708,0.26709340349279276,False,none,431.4781491512873,91.02171604150098,340.4564331097863,86295.62983025746,0.11985504143091315,2.9218417786318117e-15,0.0,0.647244998147469,384.2590082413439,2.9134814499752957,93136.2233659924,kantrowitz_limit;nonlinear_acoustic_pulse,3.0,3.044008525319095,0.05
B,1.5,2.2,0.46487603305785113,200,0.01,piston,1049.701441509263,1013.25,36.45144150926308,1.0359747757308295,353.4291735288517,4.255705413872328,76.92964456505204,0.2252675954647703,False,none,404.87144734255696,64.41501423277064,340.4564331097863,80974.28946851139,0.11246429092848804,0.0,0.0,0.647244998147469,384.2590082413439,2.9134814499752957,93136.2233659924,kantrowitz_limit;nonlinear_acoustic_pulse,4.0,3.044008525319095,0.05
B,1.5,2.2,0.46487603305785113,200,0.03,piston,3866.5158911574995,3039.75,826.7658911574995,1.2719848313701783,353.4291735288517,12.767116241616986,197.80939590598618,0.5964652740134968,False,none,2482.3852273975567,1461.015928068198,1021.3692993293588,496477.0454795113,0.6895514520548769,2.78270645583982e-16,0.0,0.6472449981474692,1152.777024724032,2.9134814499752957,279408.6700979772,kantrowitz_limit;nonlinear_acoustic_pulse,0.0,3.0440085253190716,0.05
B,1.5,2.2,0.46487603305785113,200,0.03,piston,3798.3061102729534,3039.75,758.5561102729534,1.2495455581126584,353.4291735288517,12.767116241616986,190.5910698711408,0.5732400604188828,False,none,2361.848594974511,1340.4792956451522,1021.3692993293588,472369.71899490216,0.6560690541595864,1.113082582335928e-15,0.0,0.6472449981474692,1152.777024724032,2.9134814499752957,279408.6700979772,kantrowitz_limit;nonlinear_acoustic_pulse,0.1,3.0440085253190716,0.05
B,1.5,2.2,0.46487603305785113,200,0.03,piston,3710.8655815814564,3039.75,671.1155815814564,1.2207798607061293,353.4291735288517,12.767116241616986,180.65091774237322,0.5415383216687324,False,none,2207.3284260327027,1185.9591267033438,1021.3692993293588,441465.68520654057,0.613146785009084,1.39135322791991e-16,1.2270165894179987e-16,0.6472449981474692,1152.777024724032,2.9134814499752957,279408.6700979772,kantrowitz_limit;nonlinear_acoustic_pulse,0.25,3.0440085253190716,0.05
B,1.5,2.2,0.46487603305785113,200,0.03,piston,3595.519006895927,3039.75,555.7690068959269,1.1828337879417474,353.4291735288517,12.767116241616986,166.10892461284294,0.4957045422500296,False,none,2003.4942032302492,982.1249039008906,1021.3692993293588,400698.8406460498,0.5565261675639581,5.56541291167964e-16,1.4816766350764822e-16,0.6472449981474692,1152.777024724032,2.9134814499752957,279408.6700979772,kantrowitz_limit;nonlinear_acoustic_pulse,0.5,3.0440085253190716,0.05
B,1.5,2.2,0.46487603305785113,200,0.03,piston,3439.113645877213,3039.75,399.363645877213,1.1313804246655854,353.4291735288517,12.767116241616986,142.87166559855007,0.4236593007727148,False,none,1727.103115828621,705.733816499262,1021.3692993293588,345420.6231657242,0.47975086550795026,2.78270645583982e-16,0.0,0.6472449981474692,1152.777024724032,2.9134814499752957,279408.6700979772,kantrowitz_limit;nonlinear_acoustic_pulse,1.0,3.0440085253190716,0.05
B,1.5,2.2,0.46487603305785113,200,0.03,piston,3340.6337074147373,3039.75,300.8837074147373,1.0989830438077925,353.4291735288517,12.767116241616986,125.18994015635319,0.3696898654111296,False,none,1553.074699528796,531.7054001994371,1021.3692993293588,310614.9399057592,0.43140963875799887,1.39135322791991e-15,0.0,0.6472449981474692,1152.777024724032,2.9134814499752957,279408.6700979772,kantrowitz_limit;nonlinear_acoustic_pulse,1.5,3.0440085253190716,0.05
B,1.5,2.2,0.46487603305785113,200,0.03,piston,3274.6028620041902,3039.75,234.85286200419023,1.0772605845889267,353.4291735288517,12.767116241616986,111.32248189739691,0.3278025973323948,False,none,1436.3885639244909,415.0192645951321,1021.3692993293588,287277.7127848982,0.3989968233123586,2.6435711330478295e-15,1.753161415598723e-16,0.6472449981474692,1152.777024724032,2.9134814499752957,279408.6700979772,kantrowitz_limit;nonlinear_acoustic_pulse,2.0,3.0440085253190716,0.05
B,1.5,2.2,0.46487603305785113,200,0.03,piston,3194.273264391593,3039.75,154.52326439159287,1.0508342016256578,353.4291735288517,12.767116241616986,91.02791403988779,0.26709340349279487,False,none,1294.4344474538634,273.06514812450456,1021.3692993293588,258886.88949077268,0.35956512429273985,2.9218417786318113e-15,0.0,0.6472449981474692,1152.777024724032,2.9134814499752957,279408.6700979772,kantrowitz_limit;nonlinear_acoustic_pulse,3.0,3.0440085253190716,0.05
B,1.5,2.2,0.46487603305785113,200,0.03,piston,3149.1043245277892,3039.75,109.35432452778923,1.0359747757308295,353.4291735288517,12.767116241616986,76.92964456505204,0.2252675954647703,False,none,1214.6143420276708,193.24504269831192,1021.3692993293588,242922.86840553416,0.3373928727854641,0.0,0.0,0.6472449981474692,1152.777024724032,2.9134814499752957,279408.6700979772,kantrowitz_limit;nonlinear_acoustic_pulse,4.0,3.0440085253190716,0.05
B,1.5,2.2,0.46487603305785113,200,0.1,piston,12888.386303858335,10132.5,2755.886303858335,1.2719848313701787,353.4291735288517,42.55705413872328,197.80939590598618,0.5964652740134968,False,none,8274.617424658529,4870.053093560667,3404.5643310978626,1654923.4849317058,2.2985048401829244,6.67849549401557e-16,1.1952161464200742e-16,0.6472449981474692,3842.590082413439,2.9134814499752957,931362.233659924,kantrowitz_limit;nonlinear_acoustic_pulse,0.0,3.0440085253190716,0.05
B,1.5,2.2,0.46487603305785113,200,0.1,piston,12661.020367576511,10132.5,2528.5203675765115,1.2495455581126584,353.4291735288517,42.55705413872328,190.5910698711408,0.5732400604188828,False,none,7872.828649915036,4468.264318817174,3404.5643310978626,1574565.7299830073,2.186896847198621,1.1687367114527246e-15,0.0,0.6472449981474692,3842.590082413439,2.9134814499752957,931362.233659924,kantrowitz_limit;nonlinear_acoustic_pulse,0.1,3.0440085253190716,0.05
B,1.5,2.2,0.46487603305785113,200,0.1,piston,12369.551938604855,10132.5,2237.0519386048545,1.2207798607061293,353.4291735288517,42.55705413872328,180.65091774237322,0.5415383216687324,False,none,7357.761420109009,3953.1970890111465,3404.5643310978626,1471552.2840218018,2.043822616696947,1.6696238735038925e-16,0.0,0.6472449981474692,3842.590082413439,2.9134814499752957,931362.233659924,kantrowitz_limit;nonlinear_acoustic_pulse,0.25,3.0440085253190716,0.05
B,1.5,2.2,0.46487603305785113,200,0.1,piston,11985.063356319753,10132.5,1852.5633563197534,1.1828337879417472,353.4291735288517,42.55705413872328,166.10892461284294,0.4957045422500296,False,none,6678.3140107674935,3273.7496796696305,3404.5643310978626,1335662.8021534986,1.8550872252131927,5.008871620511677e-16,0.0,0.6472449981474692,3842.590082413439,2.9134814499752957,931362.233659924,kantrowitz_limit;nonlinear_acoustic_pulse,0.5,3.0440085253190716,0.05
B,1.5,2.2,0.46487603305785113,200,0.1,piston,11463.712152924047,10132.5,1331.2121529240467,1.1313804246655856,353.4291735288517,42.55705413872328,142.87166559855007,0.4236593007727148,False,none,5757.010386095409,2352.446054997546,3404.5643310978626,1151402.0772190818,1.599169551693169,6.67849549401557e-16,0.0,0.6472449981474692,3842.590082413439,2.9134814499752957,931362.233659924,kantrowitz_limit;nonlinear_acoustic_pulse,1.0,3.0440085253190716,0.05
B,1.5,2.2,0.46487603305785113,200,0.1,piston,11135.445691382458,10132.5,1002.9456913824579,1.0989830438077925,353.4291735288517,42.55705413872328,125.18994015635319,0.3696898654111296,False,none,5176.915665095987,1772.3513339981243,3404.5643310978626,1035383.1330191974,1.4380321291933296,1.6696238735038924e-15,0.0,0.6472449981474692,3842.590082413439,2.9134814499752957,931362.233659924,kantrowitz_limit;nonlinear_acoustic_pulse,1.5,3.0440085253190716,0.05
B,1.5,2.2,0.46487603305785113,200,0.1,piston,10915.342873347301,10132.5,782.8428733473011,1.077260584588927,353.4291735288517,42.55705413872328,111.32248189739691,0.3278025973323948,False,none,4787.9618797483035,1383.3975486504407,3404.5643310978626,957592.3759496607,1.3299894110411954,2.671398197606228e-15,0.0,0.6472449981474692,3842.590082413439,2.9134814499752957,931362.233659924,kantrowitz_limit;nonlinear_acoustic_pulse,2.0,3.0440085253190716,0.05
B,1.5,2.2,0.46487603305785113,200,0.1,piston,10647.577547971974,10132.5,515.0775479719741,1.0508342016256575,353.4291735288517,42.55705413872328,91.02791403988708,0.26709340349279276,False,none,4314.781491512874,910.2171604150114,3404.5643310978626,862956.2983025748,1.1985504143091317,3.0053229723070063e-15,0.0,0.6472449981474692,3842.590082413439,2.9134814499752957,931362.233659924,kantrowitz_limit;nonlinear_acoustic_pulse,3.0,3.0440085253190716,0.05
B,1.5,2.2,0.46487603305785113,200,0.1,piston,10497.01441509263,10132.5,364.51441509262986,1.0359747757308295,353.4291735288517,42.55705413872328,76.92964456505122,0.22526759546476785,False,none,4048.7144734255676,644.1501423277049,3404.5643310978626,809742.8946851136,1.12464290928488,0.0,1.129543740825855e-16,0.6472449981474692,3842.590082413439,2.9134814499752957,931362.233659924,kantrowitz_limit;nonlinear_acoustic_pulse,4.0,3.0440085253190716,0.05
B,1.5,2.2,0.46487603305785113,250,0.001,piston,144.86280481507058,101.325,43.53780481507057,1.429684725537336,441.7864669110647,0.531963176734041,239.14127774798897,0.7332363471104532,False,none,130.13396953865836,76.93765186525427,53.1963176734041,32533.49238466459,0.036148324871849546,0.0,0.0,0.5753698284061816,48.03237603016799,2.9134814499752957,11642.02792074905,kantrowitz_limit;nonlinear_acoustic_pulse,0.0,4.384187260615331,0.05
B,1.5,2.2,0.46487603305785113,250,0.001,piston,141.23521298217065,101.325,39.91021298217065,1.3938831777169567,441.7864669110647,0.531963176734041,230.9130514808293,0.7054471867142815,False,none,123.72348562164922,70.52716794824511,53.1963176734041,30930.871405412305,0.03436763489490256,1.2522179051279192e-15,0.0,0.5753698284061816,48.03237603016799,2.9134814499752957,11642.02792074905,kantrowitz_limit;nonlinear_acoustic_pulse,0.1,4.384187260615331,0.05
B,1.5,2.2,0.46487603305785113,250,0.001,piston,136.59401183723716,101.325,35.26901183723716,1.3480780837625181,441.7864669110647,0.531963176734041,219.50391630819013,0.6673985390626447,False,none,115.52180619747419,62.32548852407009,53.1963176734041,28880.451549368547,0.032089390610409496,8.348119367519462e-16,0.0,0.5753698284061816,48.03237603016799,2.9134814499752957,11642.02792074905,kantrowitz_limit;nonlinear_acoustic_pulse,0.25,4.384187260615331,0.05
B,1.5,2.2,0.46487603305785113,250,0.001,piston,130.48752138928873,101.325,29.162521389288727,1.2878117087519243,441.7864669110647,0.531963176734041,202.65248680467784,0.6121493467574246,False,none,104.73074683657299,51.53442916316888,53.1963176734041,26182.686709143247,0.029091874121270275,0.0,0.0,0.5753698284061816,48.03237603016799,2.9134814499752957,11642.02792074905,kantrowitz_limit;nonlinear_acoustic_pulse,0.5,4.384187260615331,0.05
B,1.5,2.2,0.46487603305785113,250,0.001,piston,122.23673851982157,101.325,20.91173851982157,1.2063828129269338,441.7864669110647,0.531963176734041,175.34420280887983,0.5247402811791634,False,none,90.15040998396405,36.95409231055995,53.1963176734041,22537.602495991014,0.025041780551101126,1.0435149209399327e-15,0.0,0.5753698284061816,48.03237603016799,2.9134814499752957,11642.02792074905,kantrowitz_limit;nonlinear_acoustic_pulse,1.0,4.384187260615331,0.05
B,1.5,2.2,0.46487603305785113,250,0.001,piston,117.0592289783927,101.325,15.734228978392693,1.1552847666261308,441.7864669110647,0.531963176734041,154.26947463075166,0.45882580574216514,False,none,81.00099539313929,27.804677719735192,53.1963176734041,20250.248848284824,0.022500276498094246,1.0435149209399327e-15,1.3084053135813005e-16,0.5753698284061816,48.03237603016799,2.9134814499752957,11642.02792074905,kantrowitz_limit;nonlinear_acoustic_pulse,1.5,4.384187260615331,0.05
B,1.5,2.2,0.46487603305785113,250,0.001,piston,113.59535373828943,101.325,12.27035373828943,1.1210989759515364,441.7864669110647,0.531963176734041,137.5762322872679,0.4074249890281728,False,none,74.87982257655555,21.683504903151448,53.1963176734041,18719.95564413889,0.020799950715709878,1.4609208893159059e-15,0.0,0.5753698284061816,48.03237603016799,2.9134814499752957,11642.02792074905,kantrowitz_limit;nonlinear_acoustic_pulse,2.0,4.384187260615331,0.05
B,1.5,2.2,0.46487603305785113,250,0.001,piston,109.38967345225376,101.325,8.064673452253757,1.0795921386849618,441.7864669110647,0.531963176734041,112.91053282541066,0.3325815107672858,False,none,67.44777203845469,14.251454365050584,53.1963176734041,16861.94300961367,0.01873549223290408,2.295732826067852e-15,1.2763535264208804e-16,0.5753698284061816,48.03237603016799,2.9134814499752957,11642.02792074905,kantrowitz_limit;nonlinear_acoustic_pulse,3.0,4.384187260615331,0.05
B,1.5,2.2,0.46487603305785113,250,0.001,piston,107.02882660002805,101.325,5.7038266000280515,1.0562923918088136,441.7864669110647,0.531963176734041,95.62991006031284,0.2808042913687154,False,none,63.27581127940307,10.079493605998973,53.1963176734041,15818.952819850769,0.017576614244278633,2.295732826067852e-15,1.804643640493264e-16,0.5753698284061816,48.03237603016799,2.9134814499752957,11642.02792074905,kantrowitz_limit;nonlinear_acoustic_pulse,4.0,4.384187260615331,0.05
B,1.5,2.2,0.46487603305785113,250,0.003,piston,434.58841444521175,303.975,130.61341444521173,1.429684725537336,441.7864669110647,1.5958895302021232,239.14127774798897,0.7332363471104532,False,none,390.4019086159751,230.81295559576282,159.58895302021233,97600.47715399378,0.10844497461554864,0.0,1.2609270732490885e-16,0.5753698284061814,144.097128090504,2.9134814499752957,34926.08376224715,kantrowitz_limit;nonlinear_acoustic_pulse,0.0,4.384187260615333,0.05
B,1.5,2.2,0.46487603305785113,250,0.003,piston,423.70563894651195,303.975,119.73063894651193,1.3938831777169567,441.7864669110647,1.5958895302021232,230.9130514808293,0.7054471867142815,False,none,371.1704568649476,211.5815038447353,159.58895302021233,92792.61421623689,0.10310290468470766,1.113082582335928e-15,0.0,0.5753698284061814,144.097128090504,2.9134814499752957,34926.08376224715,kantrowitz_limit;nonlinear_acoustic_pulse,0.1,4.384187260615333,0.05
B,1.5,2.2,0.46487603305785113,250,0.003,piston,409.7820355117115,303.975,105.80703551171149,1.3480780837625181,441.7864669110647,1.5958895302021232,219.50391630819013,0.6673985390626447,False,none,346.5654185924226,186.9764655722103,159.58895302021233,86641.35464810564,0.0962681718312285,8.348119367519461e-16,0.0,0.5753698284061814,144.097128090504,2.9134814499752957,34926.08376224715,kantrowitz_limit;nonlinear_acoustic_pulse,0.25,4.384187260615333,0.05
B,1.5,2.2,0.46487603305785113,250,0.003,piston,391.4625641678662,303.975,87.4875641678662,1.2878117087519243,441.7864669110647,1.5958895302021232,202.65248680467784,0.6121493467574246,False,none,314.192240509719,154.60328748950667,159.58895302021233,78548.06012742975,0.08727562236381084,0.0,0.0,0.5753698284061814,144.097128090504,2.9134814499752957,34926.08376224715,kantrowitz_limit;nonlinear_acoustic_pulse,0.5,4.384187260615333,0.05
B,1.5,2.2,0.46487603305785113,250,0.003,piston,366.71021555946476,303.975,62.735215559464734,1.2063828129269338,441.7864669110647,1.5958895302021232,175.34420280888014,0.5247402811791644,False,none,270.45122995189223,110.8622769316799,159.58895302021233,67612.80748797306,0.0751253416533034,1.113082582335928e-15,1.312611975066562e-16,0.5753698284061814,144.097128090504,2.9134814499752957,34926.08376224715,kantrowitz_limit;nonlinear_acoustic_pulse,1.0,4.384187260615333,0.05
B,1.5,2.2,0.46487603305785113,250,0.003,piston,351.1776869351782,303.975,47.20268693517818,1.155284766626131,441.7864669110647,1.5958895302021232,154.26947463075166,0.45882580574216514,False,none,243.0029861794181,83.41403315920576,159.58895302021233,60750.74654485452,0.06750082949428281,1.2522179051279192e-15,0.0,0.5753698284061814,144.097128090504,2.9134814499752957,34926.08376224715,kantrowitz_limit;nonlinear_acoustic_pulse,1.5,4.384187260615333,0.05
B,1.5,2.2,0.46487603305785113,250,0.003,piston,340.7860612148683,303.975,36.81106121486829,1.1210989759515364,441.7864669110647,1.5958895302021232,137.5762322872679,0.4074249890281728,False,none,224.63946772966665,65.05051470945433,159.58895302021233,56159.86693241666,0.06239985214712963,1.39135322791991e-15,1.1185088460377624e-16,0.5753698284061814,144.097128090504,2.9134814499752957,34926.08376224715,kantrowitz_limit;nonlinear_acoustic_pulse,2.0,4.384187260615333,0.05
B,1.5,2.2,0.46487603305785113,250,0.003,piston,328.1690203567613,303.975,24.194020356761257,1.0795921386849618,441.7864669110647,1.5958895302021232,112.91053282541066,0.3325815107672858,False,none,202.34331611536405,42.754363095151724,159.58895302021233,50585.82902884101,0.05620647669871223,2.0870298418798653e-15,0.0,0.5753698284061814,144.097128090504,2.9134814499752957,34926.08376224715,kantrowitz_limit;nonlinear_acoustic_pulse,3.0,4.384187260615333,0.05
B,1.5,2.2,0.46487603305785113,250,0.003,piston,321.0864798000842,303.975,17.11147980008417,1.0562923918088138,441.7864669110647,1.5958895302021232,95.62991006031284,0.2808042913687154,False,none,189.8274338382093,30.238480817996944,159.58895302021233,47456.85845955232,0.052729842732835916,2.226165164671856e-15,0.0,0.5753698284061814,144.097128090504,2.9134814499752957,34926.08376224715,kantrowitz_limit;nonlinear_acoustic_pulse,4.0,4.384187260615333,0.05
B,1.5,2.2,0.46487603305785113,250,0.01,piston,1448.6280481507058,1013.25,435.3780481507058,1.4296847255373362,441.7864669110647,5.31963176734041,239.14127774798897,0.7332363471104532,False,none,1301.3396953865838,769.3765186525428,531.963176734041,325334.9238466459,0.3614832487184955,1.6696238735038925e-16,0.0,0.5753698284061816,480.3237603016799,2.9134814499752957,116420.2792074905,kantrowitz_limit;nonlinear_acoustic_pulse,0.0,4.384187260615362,0.05
B,1.5,2.2,0.46487603305785113,250,0.01,piston,1412.3521298217063,1013.25,399.1021298217063,1.3938831777169567,441.7864669110647,5.31963176734041,230.91305148082898,0.7054471867142806,False,none,1237.2348562164916,705.2716794824507,531.963176734041,309308.7140541229,0.34367634894902543,0.0,0.0,0.5753698284061816,480.3237603016799,2.9134814499752957,116420.2792074905,kantrowitz_limit;nonlinear_acoustic_pulse,0.1,4.384187260615362,0.05
B,1.5,2.2,0.46487603305785113,250,0.01,piston,1365.9401183723714,1013.25,352.69011837237144,1.3480780837625181,441.7864669110647,5.31963176734041,219.50391630819013,0.6673985390626447,False,none,1155.2180619747414,623.2548852407006,531.963176734041,288804.5154936854,0.32089390610409485,8.348119367519462e-16,1.8678605588783356e-16,0.5753698284061816,480.3237603016799,2.9134814499752957,116420.2792074905,kantrowitz_limit;nonlinear_acoustic_pulse,0.25,4.384187260615362,0.05
B,1.5,2.2,0.46487603305785113,250,0.01,piston,1304.8752138928874,1013.25,291.62521389288736,1.2878117087519243,441.7864669110647,5.31963176734041,202.65248680467784,0.6121493467574246,False,none,1047.30746836573,515.344291631689,531.963176734041,261826.8670914325,0.2909187412127028,0.0,0.0,0.5753698284061816,480.3237603016799,2.9134814499752957,116420.2792074905,kantrowitz_limit;nonlinear_acoustic_pulse,0.5,4.384187260615362,0.05
B,1.5,2.2,0.46487603305785113,250,0.01,piston,1222.3673851982157,1013.25,209.11738519821574,1.2063828129269338,441.7864669110647,5.31963176734041,175.34420280887983,0.5247402811791634,False,none,901.5040998396406,369.54092310559963,531.963176734041,225376.02495991017,0.2504178055110113,1.1687367114527246e-15,0.0,0.5753698284061816,480.3237603016799,2.9134814499752957,116420.2792074905,kantrowitz_limit;nonlinear_acoustic_pulse,1.0,4.384187260615362,0.05
B,1.5,2.2,0.46487603305785113,250,0.01,piston,1170.5922897839273,1013.25,157.3422897839273,1.155284766626131,441.7864669110647,5.31963176734041,154.26947463075166,0.45882580574216514,False,none,810.0099539313935,278.0467771973526,531.963176734041,202502.4884828484,0.22500276498094265,1.335699098803114e-15,0.0,0.5753698284061816,480.3237603016799,2.9134814499752957,116420.2792074905,kantrowitz_limit;nonlinear_acoustic_pulse,1.5,4.384187260615362,0.05
B,1.5,2.2,0.46487603305785113,250,0.01,piston,1135.953537382894,1013.25,122.70353738289396,1.1210989759515362,441.7864669110647,5.31963176734041,137.5762322872679,0.4074249890281728,False,none,748.7982257655549,216.83504903151388,531.963176734041,187199.55644138873,0.20799950715709858,1.0017743241023354e-15,1.3422106152453185e-16,0.5753698284061816,480.3237603016799,2.9134814499752957,116420.2792074905,kantrowitz_limit;nonlinear_acoustic_pulse,2.0,4.384187260615362,0.05
B,1.5,2.2,0.46487603305785113,250,0.01,piston,1093.8967345225376,1013.25,80.6467345225376,1.0795921386849618,441.7864669110647,5.31963176734041,112.91053282541066,0.3325815107672858,False,none,674.4777203845468,142.51454365050589,531.963176734041,168619.4300961367,0.1873549223290408,2.17051103555506e-15,0.0,0.5753698284061816,480.3237603016799,2.9134814499752957,116420.2792074905,kantrowitz_limit;nonlinear_acoustic_pulse,3.0,4.384187260615362,0.05
B,1.5,2.2,0.46487603305785113,250,0.01,piston,1070.2882660002806,1013.25,57.0382660002806,1.0562923918088138,441.7864669110647,5.31963176734041,95.62991006031284,0.2808042913687154,False,none,632.7581127940309,100.79493605998988,531.963176734041,158189.52819850773,0.17576614244278638,2.337473422905449e-15,0.0,0.5753698284061816,480.3237603016799,2.9134814499752957,116420.2792074905,kantrowitz_limit;nonlinear_acoustic_pulse,4.0,4.384187260615362,0.05
B,1.5,2.2,0.46487603305785113,250,0.03,piston,4345.884144452119,3039.75,1306.1341444521186,1.4296847255373364,441.7864669110647,15.958895302021233,239.14127774798897,0.7332363471104532,False,none,3904.019086159754,2308.1295559576306,1595.8895302021233,976004.7715399385,1.0844497461554872,1.1130825823359281e-16,0.0,0.5753698284061814,1440.9712809050397,2.9134814499752957,349260.8376224715,kantrowitz_limit;nonlinear_acoustic_pulse,0.0,4.384187260615333,0.05
B,1.5,2.2,0.46487603305785113,250,0.03,piston,4237.0563894651195,3039.75,1197.3063894651195,1.393883177716957,441.7864669110647,15.958895302021233,230.9130514808293,0.7054471867142815,False,none,3711.7045686494766,2115.8150384473533,1595.8895302021233,927926.1421623692,1.0310290468470769,1.0017743241023352e-15,0.0,0.5753698284061814,1440.9712809050397,2.9134814499752957,349260.8376224715,kantrowitz_limit;nonlinear_acoustic_pulse,0.1,4.384187260615333,0.05
B,1.5,2.2,0.46487603305785113,250,0.03,piston,4097.820355117115,3039.75,1058.0703551171146,1.3480780837625181,441.7864669110647,15.958895302021233,219.50391630819013,0.6673985390626447,False,none,3465.6541859242257,1869.7646557221024,1595.8895302021233,866413.5464810564,0.9626817183122849,7.791578076351496e-16,0.0,0.5753698284061814,1440.9712809050397,2.9134814499752957,349260.8376224715,kantrowitz_limit;nonlinear_acoustic_pulse,0.25,4.384187260615333,0.05
B,1.5,2.2,0.46487603305785113,250,0.03,piston,3914.6256416786623,3039.75,874.8756416786623,1.2878117087519245,441.7864669110647,15.958895302021233,202.65248680467784,0.6121493467574246,False,none,3141.9224050971907,1546.0328748950672,1595.8895302021233,785480.6012742977,0.8727562236381086,0.0,0.0,0.5753698284061814,1440.9712809050397,2.9134814499752957,349260.8376224715,kantrowitz_limit;nonlinear_acoustic_pulse,0.5,4.384187260615333,0.05
B,1.5,2.2,0.46487603305785113,250,0.03,piston,3667.1021555946472,3039.75,627.3521555946472,1.2063828129269338,441.7864669110647,15.958895302021233,175.34420280887983,0.5247402811791634,False,none,2704.512299518922,1108.622769316799,1595.8895302021233,676128.0748797306,0.7512534165330339,1.0017743241023352e-15,2.1001791601064998e-16,0.5753698284061814,1440.9712809050397,2.9134814499752957,349260.8376224715,kantrowitz_limit;nonlinear_acoustic_pulse,1.0,4.384187260615333,0.05
B,1.5,2.2,0.46487603305785113,250,0.03,piston,3511.776869351782,3039.75,472.0268693517819,1.155284766626131,441.7864669110647,15.958895302021233,154.26947463075166,0.45882580574216514,False,none,2430.0298617941808,834.1403315920577,1595.8895302021233,607507.4654485452,0.675008294942828,1.2243908405695209e-15,0.0,0.5753698284061814,1440.9712809050397,2.9134814499752957,349260.8376224715,kantrowitz_limit;nonlinear_acoustic_pulse,1.5,4.384187260615333,0.05
B,1.5,2.2,0.46487603305785113,250,0.03,piston,3407.860612148682,3039.75,368.11061214868187,1.1210989759515362,441.7864669110647,15.958895302021233,137.5762322872679,0.4074249890281728,False,none,2246.3946772966647,650.5051470945416,1595.8895302021233,561598.6693241661,0.6239985214712958,8.904660658687425e-16,0.0,0.5753698284061814,1440.9712809050397,2.9134814499752957,349260.8376224715,kantrowitz_limit;nonlinear_acoustic_pulse,2.0,4.384187260615333,0.05
B,1.5,2.2,0.46487603305785113,250,0.03,piston,3281.6902035676135,3039.75,241.94020356761348,1.079592138684962,441.7864669110647,15.958895302021233,112.91053282541066,0.3325815107672858,False,none,2023.4331611536422,427.5436309515189,1595.8895302021233,505858.29028841056,0.5620647669871228,2.226165164671856e-15,0.0,0.5753698284061814,1440.9712809050397,2.9134814499752957,349260.8376224715,kantrowitz_limit;nonlinear_acoustic_pulse,3.0,4.384187260615333,0.05
B,1.5,2.2,0.46487603305785113,250,0.03,piston,3210.8647980008413,3039.75,171.11479800084135,1.0562923918088136,441.7864669110647,15.958895302021233,95.62991006031284,0.2808042913687154,False,none,1898.274338382092,302.38480817996884,1595.8895302021233,474568.584595523,0.527298427328359,2.0035486482046703e-15,0.0,0.5753698284061814,1440.9712809050397,2.9134814499752957,349260.8376224715,kantrowitz_limit;nonlinear_acoustic_pulse,4.0,4.384187260615333,0.05
B,1.5,2.2,0.46487603305785113,250,0.1,piston,14486.280481507058,10132.5,4353.780481507058,1.4296847255373362,441.7864669110647,53.1963176734041,239.14127774798897,0.7332363471104532,False,none,13013.396953865838,7693.765186525427,5319.631767340411,3253349.23846646,3.6148324871849553,0.0,0.0,0.5753698284061816,4803.237603016799,2.9134814499752957,1164202.7920749048,kantrowitz_limit;nonlinear_acoustic_pulse,0.0,4.384187260615333,0.05
B,1.5,2.2,0.46487603305785113,250,0.1,piston,14123.521298217058,10132.5,3991.021298217058,1.393883177716956,441.7864669110647,53.1963176734041,230.91305148082898,0.7054471867142806,False,none,12372.348562164909,7052.716794824498,5319.631767340411,3093087.140541227,3.4367634894902523,5.342796395212456e-16,1.320516053188059e-16,0.5753698284061816,4803.237603016799,2.9134814499752957,1164202.7920749048,kantrowitz_limit;nonlinear_acoustic_pulse,0.1,4.384187260615333,0.05
B,1.5,2.2,0.46487603305785113,250,0.1,piston,13659.401183723716,10132.5,3526.901183723716,1.3480780837625181,441.7864669110647,53.1963176734041,219.50391630819013,0.6673985390626447,False,none,11552.18061974742,6232.548852407009,5319.631767340411,2888045.1549368547,3.20893906104095,9.349893691621798e-16,1.494288447102668e-16,0.5753698284061816,4803.237603016799,2.9134814499752957,1164202.7920749048,kantrowitz_limit;nonlinear_acoustic_pulse,0.25,4.384187260615333,0.05
B,1.5,2.2,0.46487603305785113,250,0.1,piston,13048.752138928872,10132.5,2916.2521389288722,1.2878117087519243,441.7864669110647,53.1963176734041,202.65248680467784,0.6121493467574246,False,none,10473.074683657298,5153.442916316887,5319.631767340411,2618268.6709143245,2.9091874121270274,0.0,0.0,0.5753698284061816,4803.237603016799,2.9134814499752957,1164202.7920749048,kantrowitz_limit;nonlinear_acoustic_pulse,0.5,4.384187260615333,0.05
B,1.5,2.2,0.46487603305785113,250,0.1,piston,12223.673851982157,10132.5,2091.1738519821574,1.2063828129269338,441.7864669110647,53.1963176734041,175.34420280887983,0.5247402811791634,False,none,9015.040998396407,3695.409231055996,5319.631767340411,2253760.249599102,2.504178055110113,1.0685592790424912e-15,1.2601074960638998e-16,0.5753698284061816,4803.237603016799,2.9134814499752957,1164202.7920749048,kantrowitz_limit;nonlinear_acoustic_pulse,1.0,4.384187260615333,0.05
B,1.5,2.2,0.46487603305785113,250,0.1,piston,11705.92289783927,10132.5,1573.4228978392694,1.1552847666261308,441.7864669110647,53.1963176734041,154.26947463075166,0.45882580574216514,False,none,8100.09953931393,2780.467771973519,5319.631767340411,2025024.8848284825,2.250027649809425,1.0685592790424912e-15,1.6747588013840647e-16,0.5753698284061816,4803.237603016799,2.9134814499752957,1164202.7920749048,kantrowitz_limit;nonlinear_acoustic_pulse,1.5,4.384187260615333,0.05
B,1.5,2.2,0.46487603305785113,250,0.1,piston,11359.535373828943,10132.5,1227.0353738289432,1.1210989759515364,441.7864669110647,53.1963176734041,137.5762322872679,0.4074249890281728,False,none,7487.982257655556,2168.350490315145,5319.631767340411,1871995.564413889,2.0799950715709876,1.3356990988031138e-15,0.0,0.5753698284061816,4803.237603016799,2.9134814499752957,1164202.7920749048,kantrowitz_limit;nonlinear_acoustic_pulse,2.0,4.384187260615333,0.05
B,1.5,2.2,0.46487603305785113,250,0.1,piston,10938.96734522538,10132.5,806.4673452253792,1.079592138684962,441.7864669110647,53.1963176734041,112.91053282541066,0.3325815107672858,False,none,6744.777203845475,1425.1454365050645,5319.631767340411,1686194.3009613687,1.8735492232904096,2.404258377845605e-15,1.6337325138187202e-16,0.5753698284061816,4803.237603016799,2.9134814499752957,1164202.7920749048,kantrowitz_limit;nonlinear_acoustic_pulse,3.0,4.384187260615333,0.05
B,1.5,2.2,0.46487603305785113,250,0.1,piston,10702.882660002804,10132.5,570.3826600028042,1.0562923918088136,441.7864669110647,53.1963176734041,95.62991006031284,0.2808042913687154,False,none,6327.581127940307,1007.9493605998956,5319.631767340411,1581895.2819850768,1.757661424427863,2.2706884679652935e-15,0.0,0.5753698284061816,4803.237603016799,2.9134814499752957,1164202.7920749048,kantrowitz_limit;nonlinear_acoustic_pulse,4.0,4.384187260615333,0.05
B,1.5,2.2,0.46487603305785113,300,0.001,piston,164.86542313435646,101.325,63.54042313435646,1.627095219682768,530.1437602932776,0.6383558120808492,276.5581433189794,0.8637748621696792,False,none,188.8878936199476,112.28519617024567,76.6026974497019,56666.36808598428,0.05246885933887433,1.7391915348998879e-16,2.1599634568483668e-16,0.5427859335735697,57.63885123620158,2.9134814499752957,13970.43350489886,kantrowitz_limit;nonlinear_acoustic_pulse;reduced_model_invalid,0.0,5.724365995911593,0.05
B,1.5,2.2,0.46487603305785113,300,0.001,piston,159.50926803916673,101.325,58.184268039166724,1.574234078846945,530.1437602932776,0.6383558120808492,267.628121439196,0.8319491100159999,False,none,179.4227862770213,102.82008882731938,76.6026974497019,53826.83588310639,0.049839662854728135,5.217574604699663e-16,2.358798978282344e-16,0.5427859335735697,57.63885123620158,2.9134814499752957,13970.43350489886,kantrowitz_limit;nonlinear_acoustic_pulse;reduced_model_invalid,0.1,5.724365995911593,0.05
B,1.5,2.2,0.46487603305785113,300,0.001,piston,152.67201580345298,101.325,51.347015803452976,1.5067556457286255,530.1437602932776,0.6383558120808492,255.16175602919972,0.788247367915945,False,none,167.34036424263826,90.73766679293637,76.6026974497019,50202.10927279148,0.04648343451184396,0.0,1.3364456517613541e-16,0.5427859335735697,57.63885123620158,2.9134814499752957,13970.43350489886,kantrowitz_limit;nonlinear_acoustic_pulse,0.25,5.724365995911593,0.05
B,1.5,2.2,0.46487603305785113,300,0.001,piston,143.70338417882377,101.325,42.378384178823765,1.4182421335191095,530.1437602932776,0.6383558120808492,236.57144487426243,0.7245247168954062,False,none,151.49148392875117,74.88878647904924,76.6026974497019,45447.44517862535,0.042080967757986434,3.4783830697997757e-16,1.6192806151334228e-16,0.5427859335735697,57.63885123620158,2.9134814499752957,13970.43350489886,kantrowitz_limit;nonlinear_acoustic_pulse,0.5,5.724365995911593,0.05
B,1.5,2.2,0.46487603305785113,300,0.001,piston,131.63622065081097,101.325,30.311220650810967,1.2991484890284823,530.1437602932776,0.6383558120808492,206.00615018833793,0.6230593444583484,False,none,130.1670457660358,53.56434831633391,76.6026974497019,39050.11372981074,0.03615751271278773,5.217574604699663e-16,1.1319652347885616e-16,0.5427859335735697,57.63885123620158,2.9134814499752957,13970.43350489886,kantrowitz_limit;nonlinear_acoustic_pulse,1.0,5.724365995911593,0.05
B,1.5,2.2,0.46487603305785113,300,0.001,piston,124.094573535978,101.325,22.769573535977997,1.2247182189585788,530.1437602932776,0.6383558120808492,182.06195795341492,0.5460193871519554,False,none,116.8398552318275,40.237157782125585,76.6026974497019,35051.95656954825,0.03245551534217431,8.69595767449944e-16,1.5068902343080005e-16,0.5427859335735697,57.63885123620158,2.9134814499752957,13970.43350489886,kantrowitz_limit;nonlinear_acoustic_pulse,1.5,5.724365995911593,0.05
B,1.5,2.2,0.46487603305785113,300,0.001,piston,119.06252368409622,101.325,17.737523684096217,1.175055748177609,530.1437602932776,0.6383558120808492,162.88906817341623,0.485637874009461,False,none,107.9474891302947,31.344791680592795,76.6026974497019,32384.24673908841,0.029985413647304084,6.956766139599551e-16,1.9343877201690342e-16,0.5427859335735697,57.63885123620158,2.9134814499752957,13970.43350489886,kantrowitz_limit;nonlinear_acoustic_pulse,2.0,5.724365995911593,0.05
B,1.5,2.2,0.46487603305785113,300,0.001,piston,112.96751407145491,101.325,11.642514071454912,1.1149026802018742,530.1437602932776,0.6383558120808492,134.25244507221507,0.3972670984524755,False,none,97.17671808006358,20.57402063036168,76.6026974497019,29153.015424019075,0.02699353280001766,2.2609489953698543e-15,0.0,0.5427859335735697,57.63885123620158,2.9134814499752957,13970.43350489886,kantrowitz_limit;nonlinear_acoustic_pulse,3.0,5.724365995911593,0.05
B,1.5,2.2,0.46487603305785113,300,0.001,piston,109.55317315929128,101.325,8.228173159291273,1.0812057553347276,530.1437602932776,0.6383558120808492,113.99409777215654,0.335844834331463,False,none,91.14307964640489,14.540382196702978,76.6026974497019,27342.923893921467,0.025317522124001356,2.0870298418798653e-15,0.0,0.5427859335735697,57.63885123620158,2.9134814499752957,13970.43350489886,kantrowitz_limit;nonlinear_acoustic_pulse,4.0,5.724365995911593,0.05
B,1.5,2.2,0.46487603305785113,300,0.003,piston,494.5962694030696,303.975,190.62126940306956,1.6270952196827684,530.1437602932776,1.915067436242548,276.5581433189794,0.8637748621696792,False,none,566.663680859843,336.85558851073733,229.80809234910572,169999.1042579529,0.15740657801662306,4.637844093066367e-16,0.0,0.5427859335735699,172.91655370860477,2.9134814499752957,41911.30051469659,kantrowitz_limit;nonlinear_acoustic_pulse;reduced_model_invalid,0.0,5.724365995911593,0.05
B,1.5,2.2,0.46487603305785113,300,0.003,piston,478.5278041175002,303.975,174.55280411750016,1.574234078846945,530.1437602932776,1.915067436242548,267.628121439196,0.8319491100159999,False,none,538.2683588310638,308.4602664819581,229.80809234910572,161480.50764931913,0.14951898856418439,3.478383069799775e-16,1.5725326521882296e-16,0.5427859335735699,172.91655370860477,2.9134814499752957,41911.30051469659,kantrowitz_limit;nonlinear_acoustic_pulse;reduced_model_invalid,0.1,5.724365995911593,0.05
B,1.5,2.2,0.46487603305785113,300,0.003,piston,458.016047410359,303.975,154.041047410359,1.5067556457286257,530.1437602932776,1.915067436242548,255.16175602919972,0.788247367915945,False,none,502.02109272791495,272.2130003788092,229.80809234910572,150606.3278183745,0.13945030353553192,2.3189220465331837e-16,1.7819275356818044e-16,0.5427859335735699,172.91655370860477,2.9134814499752957,41911.30051469659,kantrowitz_limit;nonlinear_acoustic_pulse,0.25,5.724365995911593,0.05
B,1.5,2.2,0.46487603305785113,300,0.003,piston,431.11015253647133,303.975,127.13515253647131,1.4182421335191095,530.1437602932776,1.915067436242548,236.57144487426243,0.7245247168954062,False,none,454.47445178625344,224.66635943714775,229.80809234910572,136342.33553587605,0.1262429032739593,3.478383069799775e-16,0.0,0.5427859335735699,172.91655370860477,2.9134814499752957,41911.30051469659,kantrowitz_limit;nonlinear_acoustic_pulse,0.5,5.724365995911593,0.05
B,1.5,2.2,0.46487603305785113,300,0.003,piston,394.9086619524328,303.975,90.93366195243277,1.299148489028482,530.1437602932776,1.915067436242548,206.00615018833793,0.6230593444583484,False,none,390.5011372981072,160.69304494900152,229.80809234910572,117150.34118943216,0.10847253813836312,1.1594610232665918e-16,1.5092869797180842e-16,0.5427859335735699,172.91655370860477,2.9134814499752957,41911.30051469659,kantrowitz_limit;nonlinear_acoustic_pulse,1.0,5.724365995911593,0.05
B,1.5,2.2,0.46487603305785113,300,0.003,piston,372.283720607934,303.975,68.30872060793399,1.2247182189585788,530.1437602932776,1.915067436242548,182.06195795341492,0.5460193871519554,False,none,350.51956569548247,120.71147334637676,229.80809234910572,105155.86970864474,0.09736654602652291,6.95676613959955e-16,2.009186979077334e-16,0.5427859335735699,172.91655370860477,2.9134814499752957,41911.30051469659,kantrowitz_limit;nonlinear_acoustic_pulse,1.5,5.724365995911593,0.05
B,1.5,2.2,0.46487603305785113,300,0.003,piston,357.18757105228866,303.975,53.21257105228864,1.1750557481776087,530.1437602932776,1.915067436242548,162.88906817341623,0.485637874009461,False,none,323.84246739088405,94.03437504177836,229.80809234910572,97152.74021726522,0.08995624094191224,5.797305116332958e-16,1.289591813446023e-16,0.5427859335735699,172.91655370860477,2.9134814499752957,41911.30051469659,kantrowitz_limit;nonlinear_acoustic_pulse,2.0,5.724365995911593,0.05
B,1.5,2.2,0.46487603305785113,300,0.003,piston,338.90254221436476,303.975,34.927542214364735,1.1149026802018742,530.1437602932776,1.915067436242548,134.25244507221507,0.3972670984524755,False,none,291.53015424019077,61.72206189108504,229.80809234910572,87459.04627205722,0.08098059840005299,2.2029759442065244e-15,0.0,0.5427859335735699,172.91655370860477,2.9134814499752957,41911.30051469659,kantrowitz_limit;nonlinear_acoustic_pulse,3.0,5.724365995911593,0.05
B,1.5,2.2,0.46487603305785113,300,0.003,piston,328.65951947787386,303.975,24.684519477873835,1.0812057553347276,530.1437602932776,1.915067436242548,113.99409777215654,0.335844834331463,False,none,273.42923893921466,43.62114659010896,229.80809234910572,82028.7716817644,0.07595256637200407,2.087029841879865e-15,1.3899905173960663e-16,0.5427859335735699,172.91655370860477,2.9134814499752957,41911.30051469659,kantrowitz_limit;nonlinear_acoustic_pulse,4.0,5.724365995911593,0.05
B,1.5,2.2,0.46487603305785113,300,0.01,piston,1648.6542313435652,1013.25,635.4042313435652,1.6270952196827686,530.1437602932776,6.383558120808493,276.5581433189794,0.8637748621696792,False,none,1888.878936199477,1122.8519617024579,766.0269744970192,566663.6808598432,0.5246885933887436,4.1740596837597304e-16,1.7279707654786917e-16,0.5427859335735699,576.3885123620158,2.9134814499752957,139704.3350489886,kantrowitz_limit;nonlinear_acoustic_pulse;reduced_model_invalid,0.0,5.7243659959116275,0.05
B,1.5,2.2,0.46487603305785113,300,0.01,piston,1595.0926803916673,1013.25,581.8426803916673,1.5742340788469453,530.1437602932776,6.383558120808493,267.628121439196,0.8319491100159999,False,none,1794.227862770213,1028.2008882731939,766.0269744970192,538268.358831064,0.4983966285472814,4.1740596837597304e-16,1.8870391826258752e-16,0.5427859335735699,576.3885123620158,2.9134814499752957,139704.3350489886,kantrowitz_limit;nonlinear_acoustic_pulse;reduced_model_invalid,0.1,5.7243659959116275,0.05
B,1.5,2.2,0.46487603305785113,300,0.01,piston,1526.72015803453,1013.25,513.47015803453,1.5067556457286257,530.1437602932776,6.383558120808493,255.16175602919972,0.788247367915945,False,none,1673.4036424263832,907.3766679293641,766.0269744970192,502021.0927279149,0.46483434511843974,2.78270645583982e-16,0.0,0.5427859335735699,576.3885123620158,2.9134814499752957,139704.3350489886,kantrowitz_limit;nonlinear_acoustic_pulse,0.25,5.7243659959116275,0.05
B,1.5,2.2,0.46487603305785113,300,0.01,piston,1437.0338417882372,1013.25,423.78384178823717,1.4182421335191089,530.1437602932776,6.383558120808493,236.57144487426243,0.7245247168954062,False,none,1514.9148392875109,748.8878647904916,766.0269744970192,454474.45178625325,0.42080967757986415,0.0,1.2954244921067397e-16,0.5427859335735699,576.3885123620158,2.9134814499752957,139704.3350489886,kantrowitz_limit;nonlinear_acoustic_pulse,0.5,5.7243659959116275,0.05
B,1.5,2.2,0.46487603305785113,300,0.01,piston,1316.3622065081097,1013.25,303.1122065081097,1.2991484890284823,530.1437602932776,6.383558120808493,206.0061501883382,0.6230593444583493,False,none,1301.6704576603584,535.6434831633392,766.0269744970192,390501.1372981075,0.3615751271278773,4.1740596837597304e-16,1.8111443756616981e-16,0.5427859335735699,576.3885123620158,2.9134814499752957,139704.3350489886,kantrowitz_limit;nonlinear_acoustic_pulse,1.0,5.7243659959116275,0.05
B,1.5,2.2,0.46487603305785113,300,0.01,piston,1240.9457353597797,1013.25,227.69573535977975,1.2247182189585786,530.1437602932776,6.383558120808493,182.06195795341463,0.5460193871519544,False,none,1168.3985523182746,402.37157782125547,766.0269744970192,350519.56569548236,0.32455515342174296,4.1740596837597304e-16,1.2055121874464014e-16,0.5427859335735699,576.3885123620158,2.9134814499752957,139704.3350489886,kantrowitz_limit;nonlinear_acoustic_pulse,1.5,5.7243659959116275,0.05
B,1.5,2.2,0.46487603305785113,300,0.01,piston,1190.6252368409619,1013.25,177.37523684096186,1.1750557481776085,530.1437602932776,6.383558120808493,162.8890681734159,0.4856378740094599,False,none,1079.4748913029466,313.44791680592743,766.0269744970192,323842.467390884,0.2998541364730407,2.78270645583982e-16,0.0,0.5427859335735699,576.3885123620158,2.9134814499752957,139704.3350489886,kantrowitz_limit;nonlinear_acoustic_pulse,2.0,5.7243659959116275,0.05
B,1.5,2.2,0.46487603305785113,300,0.01,piston,1129.6751407145491,1013.25,116.42514071454912,1.1149026802018742,530.1437602932776,6.383558120808493,134.25244507221507,0.3972670984524755,False,none,971.767180800636,205.7402063036168,766.0269744970192,291530.1542401908,0.26993532800017667,2.0870298418798653e-15,1.1788260779464246e-16,0.5427859335735699,576.3885123620158,2.9134814499752957,139704.3350489886,kantrowitz_limit;nonlinear_acoustic_pulse,3.0,5.7243659959116275,0.05
B,1.5,2.2,0.46487603305785113,300,0.01,piston,1095.5317315929128,1013.25,82.28173159291282,1.0812057553347276,530.1437602932776,6.383558120808493,113.99409777215654,0.335844834331463,False,none,911.4307964640491,145.40382196702993,766.0269744970192,273429.23893921473,0.2531752212400136,2.0870298418798653e-15,1.6679886208752788e-16,0.5427859335735699,576.3885123620158,2.9134814499752957,139704.3350489886,kantrowitz_limit;nonlinear_acoustic_pulse,4.0,5.7243659959116275,0.05
B,1.5,2.2,0.46487603305785113,300,0.03,piston,4945.962694030695,3039.75,1906.2126940306953,1.6270952196827684,530.1437602932776,19.15067436242548,276.5581433189794,0.8637748621696792,False,none,5666.63680859843,3368.555885107373,2298.080923491057,1699991.042579529,1.5740657801662308,1.8551376372265467e-16,0.0,0.5427859335735697,1729.1655370860476,2.9134814499752957,419113.0051469658,kantrowitz_limit;nonlinear_acoustic_pulse;reduced_model_invalid,0.0,5.724365995911593,0.05
B,1.5,2.2,0.46487603305785113,300,0.03,piston,4785.278041175002,3039.75,1745.5280411750018,1.5742340788469453,530.1437602932776,19.15067436242548,267.628121439196,0.8319491100159999,False,none,5382.683588310639,3084.6026648195816,2298.080923491057,1614805.0764931915,1.4951898856418442,3.7102752744530935e-16,1.2580261217505835e-16,0.5427859335735697,1729.1655370860476,2.9134814499752957,419113.0051469658,kantrowitz_limit;nonlinear_acoustic_pulse;reduced_model_invalid,0.1,5.724365995911593,0.05
B,1.5,2.2,0.46487603305785113,300,0.03,piston,4580.16047410359,3039.75,1540.4104741035899,1.5067556457286257,530.1437602932776,19.15067436242548,255.16175602919972,0.788247367915945,False,none,5020.2109272791495,2722.130003788092,2298.080923491057,1506063.2781837448,1.3945030353553194,1.8551376372265467e-16,1.4255420285454437e-16,0.5427859335735697,1729.1655370860476,2.9134814499752957,419113.0051469658,kantrowitz_limit;nonlinear_acoustic_pulse,0.25,5.724365995911593,0.05
B,1.5,2.2,0.46487603305785113,300,0.03,piston,4311.101525364714,3039.75,1271.3515253647138,1.4182421335191098,530.1437602932776,19.15067436242548,236.57144487426265,0.724524716895407,False,none,4544.744517862536,2246.6635943714787,2298.080923491057,1363423.3553587608,1.2624290327395933,3.7102752744530935e-16,1.7272326561423166e-16,0.5427859335735697,1729.1655370860476,2.9134814499752957,419113.0051469658,kantrowitz_limit;nonlinear_acoustic_pulse,0.5,5.724365995911593,0.05
B,1.5,2.2,0.46487603305785113,300,0.03,piston,3949.086619524329,3039.75,909.3366195243289,1.2991484890284821,530.1437602932776,19.15067436242548,206.00615018833793,0.6230593444583484,False,none,3905.0113729810746,1606.9304494900173,2298.080923491057,1171503.4118943224,1.0847253813836317,3.7102752744530935e-16,0.0,0.5427859335735697,1729.1655370860476,2.9134814499752957,419113.0051469658,kantrowitz_limit;nonlinear_acoustic_pulse,1.0,5.724365995911593,0.05
B,1.5,2.2,0.46487603305785113,300,0.03,piston,3722.837206079339,3039.75,683.087206079339,1.2247182189585786,530.1437602932776,19.15067436242548,182.06195795341463,0.5460193871519544,False,none,3505.195656954823,1207.114733463766,2298.080923491057,1051558.697086447,0.9736654602652286,3.7102752744530935e-16,1.6073495832618691e-16,0.5427859335735697,1729.1655370860476,2.9134814499752957,419113.0051469658,kantrowitz_limit;nonlinear_acoustic_pulse,1.5,5.724365995911593,0.05
B,1.5,2.2,0.46487603305785113,300,0.03,piston,3571.8757105228856,3039.75,532.1257105228856,1.1750557481776085,530.1437602932776,19.15067436242548,162.8890681734159,0.4856378740094599,False,none,3238.4246739088394,940.3437504177823,2298.080923491057,971527.4021726518,0.899562409419122,3.7102752744530935e-16,0.0,0.5427859335735697,1729.1655370860476,2.9134814499752957,419113.0051469658,kantrowitz_limit;nonlinear_acoustic_pulse,2.0,5.724365995911593,0.05
B,1.5,2.2,0.46487603305785113,300,0.03,piston,3389.0254221436476,3039.75,349.2754221436476,1.1149026802018744,530.1437602932776,19.15067436242548,134.25244507221507,0.3972670984524755,False,none,2915.3015424019077,617.2206189108508,2298.080923491057,874590.4627205722,0.8098059840005299,2.0406514009492015e-15,1.5717681039285648e-16,0.5427859335735697,1729.1655370860476,2.9134814499752957,419113.0051469658,kantrowitz_limit;nonlinear_acoustic_pulse,3.0,5.724365995911593,0.05
B,1.5,2.2,0.46487603305785113,300,0.03,piston,3286.5951947787385,3039.75,246.84519477873846,1.0812057553347276,530.1437602932776,19.15067436242548,113.99409777215654,0.335844834331463,False,none,2734.292389392147,436.2114659010898,2298.080923491057,820287.7168176441,0.7595256637200408,2.0406514009492015e-15,0.0,0.5427859335735697,1729.1655370860476,2.9134814499752957,419113.0051469658,kantrowitz_limit;nonlinear_acoustic_pulse,4.0,5.724365995911593,0.05
B,1.5,2.2,0.46487603305785113,300,0.1,piston,16486.542313435653,10132.5,6354.042313435653,1.6270952196827686,530.1437602932776,63.83558120808493,276.5581433189796,0.8637748621696799,False,none,18888.78936199477,11228.51961702458,7660.269744970192,5666636.808598432,5.2468859338874365,4.452330329343713e-16,1.3823766123829533e-16,0.54278593357357,5763.885123620159,2.9134814499752957,1397043.350489886,kantrowitz_limit;nonlinear_acoustic_pulse;reduced_model_invalid,0.0,5.724365995911593,0.05
B,1.5,2.2,0.46487603305785113,300,0.1,piston,15950.926803916673,10132.5,5818.426803916673,1.5742340788469453,530.1437602932776,63.83558120808493,267.628121439196,0.8319491100159999,False,none,17942.27862770213,10282.00888273194,7660.269744970192,5382683.588310638,4.983966285472814,2.2261651646718563e-16,0.0,0.54278593357357,5763.885123620159,2.9134814499752957,1397043.350489886,kantrowitz_limit;nonlinear_acoustic_pulse;reduced_model_invalid,0.1,5.724365995911593,0.05
B,1.5,2.2,0.46487603305785113,300,0.1,piston,15267.2015803453,10132.5,5134.7015803453,1.5067556457286257,530.1437602932776,63.83558120808493,255.16175602919972,0.788247367915945,False,none,16734.03642426383,9073.76667929364,7660.269744970192,5020210.927279149,4.648343451184398,3.3392477470077844e-16,1.7106504342545327e-16,0.54278593357357,5763.885123620159,2.9134814499752957,1397043.350489886,kantrowitz_limit;nonlinear_acoustic_pulse,0.25,5.724365995911593,0.05
B,1.5,2.2,0.46487603305785113,300,0.1,piston,14370.338417882378,10132.5,4237.838417882378,1.4182421335191095,530.1437602932776,63.83558120808493,236.57144487426243,0.7245247168954062,False,none,15149.148392875119,7488.878647904928,7660.269744970192,4544744.517862536,4.208096775798644,4.452330329343713e-16,2.0726791873707803e-16,0.54278593357357,5763.885123620159,2.9134814499752957,1397043.350489886,kantrowitz_limit;nonlinear_acoustic_pulse,0.5,5.724365995911593,0.05
B,1.5,2.2,0.46487603305785113,300,0.1,piston,13163.622065081096,10132.5,3031.1220650810956,1.2991484890284821,530.1437602932776,63.83558120808493,206.00615018833793,0.6230593444583484,False,none,13016.70457660358,5356.43483163339,7660.269744970192,3905011.3729810743,3.6157512712787723,3.3392477470077844e-16,0.0,0.54278593357357,5763.885123620159,2.9134814499752957,1397043.350489886,kantrowitz_limit;nonlinear_acoustic_pulse,1.0,5.724365995911593,0.05
B,1.5,2.2,0.46487603305785113,300,0.1,piston,12409.457353597796,10132.5,2276.957353597796,1.2247182189585784,530.1437602932776,63.83558120808493,182.06195795341463,0.5460193871519544,False,none,11683.985523182744,4023.7157782125523,7660.269744970192,3505195.656954823,3.245551534217429,4.452330329343713e-16,1.9288194999142435e-16,0.54278593357357,5763.885123620159,2.9134814499752957,1397043.350489886,kantrowitz_limit;nonlinear_acoustic_pulse,1.5,5.724365995911593,0.05
B,1.5,2.2,0.46487603305785113,300,0.1,piston,11906.252368409621,10132.5,1773.7523684096213,1.1750557481776087,530.1437602932776,63.83558120808493,162.88906817341623,0.485637874009461,False,none,10794.74891302947,3134.479168059279,7660.269744970192,3238424.6739088413,2.9985413647304084,5.56541291167964e-16,1.2380081409081822e-16,0.54278593357357,5763.885123620159,2.9134814499752957,1397043.350489886,kantrowitz_limit;nonlinear_acoustic_pulse,2.0,5.724365995911593,0.05
B,1.5,2.2,0.46487603305785113,300,0.1,piston,11296.751407145492,10132.5,1164.2514071454916,1.1149026802018742,530.1437602932776,63.83558120808493,134.25244507221507,0.3972670984524755,False,none,9717.67180800636,2057.402063036169,7660.269744970192,2915301.542401908,2.6993532800017666,2.1148569064382634e-15,1.8861217247142785e-16,0.54278593357357,5763.885123620159,2.9134814499752957,1397043.350489886,kantrowitz_limit;nonlinear_acoustic_pulse,3.0,5.724365995911593,0.05
B,1.5,2.2,0.46487603305785113,300,0.1,piston,10955.317315929127,10132.5,822.8173159291273,1.0812057553347276,530.1437602932776,63.83558120808493,113.99409777215654,0.335844834331463,False,none,9114.30796464049,1454.0382196702976,7660.269744970192,2734292.389392147,2.531752212400136,2.0035486482046703e-15,1.3343908967002246e-16,0.54278593357357,5763.885123620159,2.9134814499752957,1397043.350489886,kantrowitz_limit;nonlinear_acoustic_pulse,4.0,5.724365995911593,0.05
B,1.5,2.2,0.46487603305785113,350,0.001,piston,189.17375315713545,101.325,87.84875315713545,1.8669997844276875,618.5010536754905,0.7447484474276574,310.2181154377914,0.9881305075080733,False,none,259.50634375920447,155.24156111933243,104.26478263987204,90827.22031572157,0.07208509548866791,1.490735601342761e-16,0.0,0.5352955041844056,67.24532644223518,2.9134814499752957,16298.839089048668,kantrowitz_limit;nonlinear_acoustic_pulse;reduced_model_invalid,0.0,7.064544731207854,0.05
B,1.5,2.2,0.46487603305785113,350,0.001,piston,181.6715736816411,101.325,80.34657368164109,1.7929590296732405,618.5010536754905,0.7447484474276574,300.8398589762348,0.9527346748518981,False,none,246.24889830075904,141.984115660887,104.26478263987204,86187.11440526566,0.06840247175021084,4.472206804028283e-16,0.0,0.5352955041844056,67.24532644223518,2.9134814499752957,16298.839089048668,kantrowitz_limit;nonlinear_acoustic_pulse;reduced_model_invalid,0.1,7.064544731207854,0.05
B,1.5,2.2,0.46487603305785113,350,0.001,piston,172.1184142015147,101.325,70.7934142015147,1.6986766760573866,618.5010536754905,0.7447484474276574,287.6642087022629,0.9040054484489481,False,none,229.3670720025071,125.10228936263506,104.26478263987204,80278.47520087748,0.06371307555625197,1.490735601342761e-16,1.66171621895573e-16,0.5352955041844056,67.24532644223518,2.9134814499752957,16298.839089048668,kantrowitz_limit;nonlinear_acoustic_pulse;reduced_model_invalid,0.25,7.064544731207854,0.05
B,1.5,2.2,0.46487603305785113,350,0.001,piston,159.62899834398502,101.325,58.303998343985015,1.575415725082507,618.5010536754905,0.7447484474276574,267.835255169808,0.8326822572137484,False,none,207.29645238058285,103.03166974071081,104.26478263987204,72553.758333204,0.057582347883495234,0.0,2.0176757669321003e-16,0.5352955041844056,67.24532644223518,2.9134814499752957,16298.839089048668,kantrowitz_limit;nonlinear_acoustic_pulse;reduced_model_invalid,0.5,7.064544731207854,0.05
B,1.5,2.2,0.46487603305785113,350,0.001,piston,142.90359263917713,101.325,41.57859263917713,1.4103488047291106,618.5010536754905,0.7447484474276574,234.76653618189042,0.7184239661905741,False,none,177.7402208046579,73.47543816478586,104.26478263987204,62209.07728163026,0.04937228355684942,0.0,1.414653035454882e-16,0.5352955041844056,67.24532644223518,2.9134814499752957,16298.839089048668,kantrowitz_limit;nonlinear_acoustic_pulse,1.0,7.064544731207854,0.05
B,1.5,2.2,0.46487603305785113,350,0.001,piston,132.49908399975112,101.325,31.17408399975112,1.3076642881791376,618.5010536754905,0.7447484474276574,208.46566994690596,0.6310868435241774,False,none,159.35393635762722,55.08915371775519,104.26478263987204,55773.87772516953,0.04426498232156312,0.0,0.0,0.5352955041844056,67.24532644223518,2.9134814499752957,16298.839089048668,kantrowitz_limit;nonlinear_acoustic_pulse,1.5,7.064544731207854,0.05
B,1.5,2.2,0.46487603305785113,350,0.001,piston,125.5783672062329,101.325,24.253367206232895,1.2393621239203838,618.5010536754905,0.7447484474276574,187.16617794566423,0.5622813262521165,False,none,147.12402027482528,42.85923763495324,104.26478263987204,51493.40709618885,0.04086778340967369,0.0,0.0,0.5352955041844056,67.24532644223518,2.9134814499752957,16298.839089048668,kantrowitz_limit;nonlinear_acoustic_pulse,2.0,7.064544731207854,0.05
B,1.5,2.2,0.46487603305785113,350,0.001,piston,117.21934652734033,101.325,15.894346527340332,1.1568650039707904,618.5010536754905,0.7447484474276574,154.9831562400744,0.46103844495755686,False,none,132.35241142456738,28.08762878469534,104.26478263987204,46323.34399859858,0.03676455872904649,1.490735601342761e-15,0.0,0.5352955041844056,67.24532644223518,2.9134814499752957,16298.839089048668,kantrowitz_limit;nonlinear_acoustic_pulse,3.0,7.064544731207854,0.05
B,1.5,2.2,0.46487603305785113,350,0.001,piston,112.54817534303427,101.325,11.22317534303427,1.1107641287247398,618.5010536754905,0.7447484474276574,131.97219550891398,0.3903121814671954,False,none,124.09777056916198,19.832987929289946,104.26478263987204,43434.2196992067,0.03447160293587833,0.0,0.0,0.5352955041844056,67.24532644223518,2.9134814499752957,16298.839089048668,kantrowitz_limit;nonlinear_acoustic_pulse,4.0,7.064544731207854,0.05
B,1.5,2.2,0.46487603305785113,350,0.003,piston,567.5212594714064,303.975,263.5462594714064,1.8669997844276878,618.5010536754905,2.2342453422829727,310.2181154377914,0.9881305075080733,False,none,778.5190312776135,465.7246833579974,312.7943479196162,272481.66094716475,0.21625528646600375,0.0,0.0,0.5352955041844055,201.73597932670557,2.9134814499752957,48896.51726714602,kantrowitz_limit;nonlinear_acoustic_pulse;reduced_model_invalid,0.0,7.064544731207854,0.05
B,1.5,2.2,0.46487603305785113,350,0.003,piston,545.0147210449232,303.975,241.03972104492323,1.7929590296732403,618.5010536754905,2.2342453422829727,300.8398589762348,0.9527346748518981,False,none,738.7466949022771,425.9523469826609,312.7943479196162,258561.34321579698,0.20520741525063252,1.9876474684570144e-16,0.0,0.5352955041844055,201.73597932670557,2.9134814499752957,48896.51726714602,kantrowitz_limit;nonlinear_acoustic_pulse;reduced_model_invalid,0.1,7.064544731207854,0.05
B,1.5,2.2,0.46487603305785113,350,0.003,piston,516.3552426045441,303.975,212.38024260454404,1.6986766760573864,618.5010536754905,2.2342453422829727,287.6642087022629,0.9040054484489481,False,none,688.1012160075213,375.3068680879051,312.7943479196162,240835.42560263246,0.19113922666875593,0.0,0.0,0.5352955041844055,201.73597932670557,2.9134814499752957,48896.51726714602,kantrowitz_limit;nonlinear_acoustic_pulse;reduced_model_invalid,0.25,7.064544731207854,0.05
B,1.5,2.2,0.46487603305785113,350,0.003,piston,478.8869950319551,303.975,174.9119950319551,1.575415725082507,618.5010536754905,2.2342453422829727,267.835255169808,0.8326822572137484,False,none,621.8893571417487,309.09500922213255,312.7943479196162,217661.27499961207,0.17274704365048577,0.0,0.0,0.5352955041844055,201.73597932670557,2.9134814499752957,48896.51726714602,kantrowitz_limit;nonlinear_acoustic_pulse;reduced_model_invalid,0.5,7.064544731207854,0.05
B,1.5,2.2,0.46487603305785113,350,0.003,piston,428.71077791753146,303.975,124.73577791753144,1.4103488047291106,618.5010536754905,2.2342453422829727,234.76653618189042,0.7184239661905741,False,none,533.2206624139739,220.42631449435765,312.7943479196162,186627.23184489086,0.1481168506705483,0.0,0.0,0.5352955041844055,201.73597932670557,2.9134814499752957,48896.51726714602,kantrowitz_limit;nonlinear_acoustic_pulse,1.0,7.064544731207854,0.05
B,1.5,2.2,0.46487603305785113,350,0.003,piston,397.4972519992534,303.975,93.5222519992534,1.3076642881791378,618.5010536754905,2.2342453422829727,208.46566994690596,0.6310868435241774,False,none,478.06180907288183,165.26746115326566,312.7943479196162,167321.63317550864,0.1327949469646894,0.0,0.0,0.5352955041844055,201.73597932670557,2.9134814499752957,48896.51726714602,kantrowitz_limit;nonlinear_acoustic_pulse,1.5,7.064544731207854,0.05
B,1.5,2.2,0.46487603305785113,350,0.003,piston,376.73510161869876,303.975,72.76010161869874,1.239362123920384,618.5010536754905,2.2342453422829727,187.16617794566423,0.5622813262521165,False,none,441.372060824476,128.57771290485982,312.7943479196162,154480.2212885666,0.12260335022902112,0.0,0.0,0.5352955041844055,201.73597932670557,2.9134814499752957,48896.51726714602,kantrowitz_limit;nonlinear_acoustic_pulse,2.0,7.064544731207854,0.05
B,1.5,2.2,0.46487603305785113,350,0.003,piston,351.6580395820211,303.975,47.68303958202108,1.1568650039707906,618.5010536754905,2.2342453422829727,154.9831562400744,0.46103844495755686,False,none,397.05723427370236,84.26288635408618,312.7943479196162,138970.0319957958,0.11029367618713955,1.788882721611313e-15,1.233547248718846e-16,0.5352955041844055,201.73597932670557,2.9134814499752957,48896.51726714602,kantrowitz_limit;nonlinear_acoustic_pulse,3.0,7.064544731207854,0.05
B,1.5,2.2,0.46487603305785113,350,0.003,piston,337.64452602910285,303.975,33.669526029102826,1.1107641287247398,618.5010536754905,2.2342453422829727,131.97219550891398,0.3903121814671954,False,none,372.29331170748605,59.49896378786986,312.7943479196162,130302.65909762013,0.10341480880763501,0.0,1.7469590227112937e-16,0.5352955041844055,201.73597932670557,2.9134814499752957,48896.51726714602,kantrowitz_limit;nonlinear_acoustic_pulse,4.0,7.064544731207854,0.05
B,1.5,2.2,0.46487603305785113,350,0.01,piston,1891.7375315713543,1013.25,878.4875315713543,1.8669997844276875,618.5010536754905,7.447484474276574,310.2181154377914,0.9881305075080733,False,none,2595.0634375920445,1552.415611193324,1042.6478263987206,908272.2031572156,0.720850954886679,2.385176962148418e-16,2.1425654497517986e-16,0.5352955041844056,672.4532644223518,2.9134814499752957,162988.39089048665,kantrowitz_limit;nonlinear_acoustic_pulse;reduced_model_invalid,0.0,7.064544731207896,0.05
B,1.5,2.2,0.46487603305785113,350,0.01,piston,1816.7157368164105,1013.25,803.4657368164105,1.79295902967324,618.5010536754905,7.447484474276574,300.83985897623467,0.9527346748518976,False,none,2462.48898300759,1419.8411566088694,1042.6478263987206,861871.1440526565,0.6840247175021084,0.0,1.1713113247619463e-16,0.5352955041844056,672.4532644223518,2.9134814499752957,162988.39089048665,kantrowitz_limit;nonlinear_acoustic_pulse;reduced_model_invalid,0.1,7.064544731207896,0.05
B,1.5,2.2,0.46487603305785113,350,0.01,piston,1721.1841420151468,1013.25,707.9341420151468,1.6986766760573864,618.5010536754905,7.447484474276574,287.6642087022629,0.9040054484489481,False,none,2293.670720025071,1251.0228936263504,1042.6478263987206,802784.7520087749,0.6371307555625197,3.5777654432226268e-16,0.0,0.5352955041844056,672.4532644223518,2.9134814499752957,162988.39089048665,kantrowitz_limit;nonlinear_acoustic_pulse;reduced_model_invalid,0.25,7.064544731207896,0.05
B,1.5,2.2,0.46487603305785113,350,0.01,piston,1596.2899834398495,1013.25,583.0399834398495,1.5754157250825063,618.5010536754905,7.447484474276574,267.83525516980785,0.8326822572137478,False,none,2072.9645238058274,1030.316697407107,1042.6478263987206,725537.5833320396,0.5758234788349521,2.385176962148418e-16,0.0,0.5352955041844056,672.4532644223518,2.9134814499752957,162988.39089048665,kantrowitz_limit;nonlinear_acoustic_pulse;reduced_model_invalid,0.5,7.064544731207896,0.05
B,1.5,2.2,0.46487603305785113,350,0.01,piston,1429.0359263917712,1013.25,415.7859263917712,1.4103488047291106,618.5010536754905,7.447484474276574,234.76653618189042,0.7184239661905741,False,none,1777.4022080465788,734.7543816478584,1042.6478263987206,622090.7728163026,0.4937228355684941,0.0,1.131722428363906e-16,0.5352955041844056,672.4532644223518,2.9134814499752957,162988.39089048665,kantrowitz_limit;nonlinear_acoustic_pulse,1.0,7.064544731207896,0.05
B,1.5,2.2,0.46487603305785113,350,0.01,piston,1324.990839997511,1013.25,311.7408399975111,1.3076642881791376,618.5010536754905,7.447484474276574,208.46566994690596,0.6310868435241774,False,none,1593.5393635762723,550.8915371775518,1042.6478263987206,557738.7772516953,0.4426498232156312,0.0,0.0,0.5352955041844056,672.4532644223518,2.9134814499752957,162988.39089048665,kantrowitz_limit;nonlinear_acoustic_pulse,1.5,7.064544731207896,0.05
B,1.5,2.2,0.46487603305785113,350,0.01,piston,1255.783672062329,1013.25,242.53367206232906,1.239362123920384,618.5010536754905,7.447484474276574,187.16617794566423,0.5622813262521165,False,none,1471.240202748253,428.59237634953257,1042.6478263987206,514934.0709618886,0.40867783409673697,1.192588481074209e-16,0.0,0.5352955041844056,672.4532644223518,2.9134814499752957,162988.39089048665,kantrowitz_limit;nonlinear_acoustic_pulse,2.0,7.064544731207896,0.05
B,1.5,2.2,0.46487603305785113,350,0.01,piston,1172.193465273403,1013.25,158.94346527340304,1.1568650039707902,618.5010536754905,7.447484474276574,154.983156240074,0.46103844495755564,False,none,1323.5241142456734,280.8762878469529,1042.6478263987206,463233.4399859857,0.36764558729046487,1.4311061772890507e-15,0.0,0.5352955041844056,672.4532644223518,2.9134814499752957,162988.39089048665,kantrowitz_limit;nonlinear_acoustic_pulse,3.0,7.064544731207896,0.05
B,1.5,2.2,0.46487603305785113,350,0.01,piston,1125.481753430343,1013.25,112.2317534303429,1.11076412872474,618.5010536754905,7.447484474276574,131.9721955089144,0.39031218146719676,False,none,1240.9777056916205,198.32987929289982,1042.6478263987206,434342.19699206715,0.3447160293587835,2.385176962148418e-16,0.0,0.5352955041844056,672.4532644223518,2.9134814499752957,162988.39089048665,kantrowitz_limit;nonlinear_acoustic_pulse,4.0,7.064544731207896,0.05
B,1.5,2.2,0.46487603305785113,350,0.03,piston,5675.212594714063,3039.75,2635.462594714063,1.8669997844276875,618.5010536754905,22.342453422829724,310.2181154377914,0.9881305075080733,False,none,7785.190312776133,4657.246833579972,3127.943479196161,2724816.6094716466,2.162552864660037,0.0,0.0,0.5352955041844055,2017.3597932670557,2.9134814499752957,488965.17267146014,kantrowitz_limit;nonlinear_acoustic_pulse;reduced_model_invalid,0.0,7.064544731207856,0.05
B,1.5,2.2,0.46487603305785113,350,0.03,piston,5450.147210449232,3039.75,2410.3972104492323,1.7929590296732403,618.5010536754905,22.342453422829724,300.8398589762348,0.9527346748518981,False,none,7387.466949022771,4259.5234698266095,3127.943479196161,2585613.4321579696,2.052074152506325,3.180235949531223e-16,1.561748433015928e-16,0.5352955041844055,2017.3597932670557,2.9134814499752957,488965.17267146014,kantrowitz_limit;nonlinear_acoustic_pulse;reduced_model_invalid,0.1,7.064544731207856,0.05
B,1.5,2.2,0.46487603305785113,350,0.03,piston,5163.55242604544,3039.75,2123.8024260454404,1.6986766760573864,618.5010536754905,22.342453422829724,287.6642087022629,0.9040054484489481,False,none,6881.012160075212,3753.068680879051,3127.943479196161,2408354.2560263244,1.911392266687559,1.5901179747656116e-16,0.0,0.5352955041844055,2017.3597932670557,2.9134814499752957,488965.17267146014,kantrowitz_limit;nonlinear_acoustic_pulse;reduced_model_invalid,0.25,7.064544731207856,0.05
B,1.5,2.2,0.46487603305785113,350,0.03,piston,4788.86995031955,3039.75,1749.1199503195503,1.575415725082507,618.5010536754905,22.342453422829724,267.835255169808,0.8326822572137484,False,none,6218.893571417486,3090.950092221324,3127.943479196161,2176612.74999612,1.7274704365048572,0.0,0.0,0.5352955041844055,2017.3597932670557,2.9134814499752957,488965.17267146014,kantrowitz_limit;nonlinear_acoustic_pulse;reduced_model_invalid,0.5,7.064544731207856,0.05
B,1.5,2.2,0.46487603305785113,350,0.03,piston,4287.107779175314,3039.75,1247.3577791753141,1.4103488047291106,618.5010536754905,22.342453422829724,234.76653618189042,0.7184239661905741,False,none,5332.206624139737,2204.263144943576,3127.943479196161,1866272.318448908,1.4811685067054825,1.5901179747656116e-16,0.0,0.5352955041844055,2017.3597932670557,2.9134814499752957,488965.17267146014,kantrowitz_limit;nonlinear_acoustic_pulse,1.0,7.064544731207856,0.05
B,1.5,2.2,0.46487603305785113,350,0.03,piston,3974.972519992534,3039.75,935.2225199925342,1.3076642881791378,618.5010536754905,22.342453422829724,208.46566994690596,0.6310868435241774,False,none,4780.618090728818,1652.6746115326569,3127.943479196161,1673216.3317550863,1.3279494696468939,1.5901179747656116e-16,0.0,0.5352955041844055,2017.3597932670557,2.9134814499752957,488965.17267146014,kantrowitz_limit;nonlinear_acoustic_pulse,1.5,7.064544731207856,0.05
B,1.5,2.2,0.46487603305785113,350,0.03,piston,3767.351016186987,3039.75,727.6010161869872,1.239362123920384,618.5010536754905,22.342453422829724,187.16617794566423,0.5622813262521165,False,none,4413.720608244759,1285.7771290485978,3127.943479196161,1544802.2128856657,1.226033502290211,0.0,0.0,0.5352955041844055,2017.3597932670557,2.9134814499752957,488965.17267146014,kantrowitz_limit;nonlinear_acoustic_pulse,2.0,7.064544731207856,0.05
B,1.5,2.2,0.46487603305785113,350,0.03,piston,3516.58039582021,3039.75,476.83039582021,1.1568650039707904,618.5010536754905,22.342453422829724,154.9831562400744,0.46103844495755686,False,none,3970.5723427370212,842.6288635408603,3127.943479196161,1389700.3199579574,1.1029367618713948,1.4311061772890505e-15,1.973675597950157e-16,0.5352955041844055,2017.3597932670557,2.9134814499752957,488965.17267146014,kantrowitz_limit;nonlinear_acoustic_pulse,3.0,7.064544731207856,0.05
B,1.5,2.2,0.46487603305785113,350,0.03,piston,3376.4452602910283,3039.75,336.69526029102826,1.1107641287247398,618.5010536754905,22.342453422829724,131.97219550891398,0.3903121814671954,False,none,3722.93311707486,594.9896378786987,3127.943479196161,1303026.590976201,1.03414808807635,1.5901179747656116e-16,0.0,0.5352955041844055,2017.3597932670557,2.9134814499752957,488965.17267146014,kantrowitz_limit;nonlinear_acoustic_pulse,4.0,7.064544731207856,0.05
B,1.5,2.2,0.46487603305785113,350,0.1,piston,18917.375315713543,10132.5,8784.875315713543,1.8669997844276875,618.5010536754905,74.47484474276574,310.2181154377914,0.9881305075080733,False,none,25950.634375920446,15524.15611193324,10426.478263987205,9082722.031572156,7.2085095488667905,1.9081415697187343e-16,0.0,0.5352955041844055,6724.532644223518,2.9134814499752957,1629883.908904867,kantrowitz_limit;nonlinear_acoustic_pulse;reduced_model_invalid,0.0,7.064544731207856,0.05
B,1.5,2.2,0.46487603305785113,350,0.1,piston,18167.157368164106,10132.5,8034.657368164106,1.79295902967324,618.5010536754905,74.47484474276574,300.83985897623467,0.9527346748518976,False,none,24624.8898300759,14198.411566088695,10426.478263987205,8618711.440526566,6.840247175021083,0.0,0.0,0.5352955041844055,6724.532644223518,2.9134814499752957,1629883.908904867,kantrowitz_limit;nonlinear_acoustic_pulse;reduced_model_invalid,0.1,7.064544731207856,0.05
B,1.5,2.2,0.46487603305785113,350,0.1,piston,17211.841420151468,10132.5,7079.341420151468,1.6986766760573864,618.5010536754905,74.47484474276574,287.6642087022629,0.9040054484489481,False,none,22936.70720025071,12510.228936263504,10426.478263987205,8027847.520087748,6.371307555625196,1.9081415697187343e-16,0.0,0.5352955041844055,6724.532644223518,2.9134814499752957,1629883.908904867,kantrowitz_limit;nonlinear_acoustic_pulse;reduced_model_invalid,0.25,7.064544731207856,0.05
B,1.5,2.2,0.46487603305785113,350,0.1,piston,15962.8998343985,10132.5,5830.3998343985,1.5754157250825067,618.5010536754905,74.47484474276574,267.835255169808,0.8326822572137484,False,none,20729.645238058285,10303.16697407108,10426.478263987205,7255375.8333204,5.758234788349523,0.0,0.0,0.5352955041844055,6724.532644223518,2.9134814499752957,1629883.908904867,kantrowitz_limit;nonlinear_acoustic_pulse;reduced_model_invalid,0.5,7.064544731207856,0.05
B,1.5,2.2,0.46487603305785113,350,0.1,piston,14290.359263917711,10132.5,4157.859263917711,1.4103488047291104,618.5010536754905,74.47484474276574,234.76653618189042,0.7184239661905741,False,none,17774.022080465787,7347.543816478583,10426.478263987205,6220907.728163025,4.937228355684941,0.0,0.0,0.5352955041844055,6724.532644223518,2.9134814499752957,1629883.908904867,kantrowitz_limit;nonlinear_acoustic_pulse,1.0,7.064544731207856,0.05
B,1.5,2.2,0.46487603305785113,350,0.1,piston,13249.908399975111,10132.5,3117.408399975111,1.3076642881791376,618.5010536754905,74.47484474276574,208.46566994690596,0.6310868435241774,False,none,15935.393635762723,5508.915371775518,10426.478263987205,5577387.772516953,4.4264982321563116,0.0,0.0,0.5352955041844055,6724.532644223518,2.9134814499752957,1629883.908904867,kantrowitz_limit;nonlinear_acoustic_pulse,1.5,7.064544731207856,0.05
B,1.5,2.2,0.46487603305785113,350,0.1,piston,12557.836720623289,10132.5,2425.336720623289,1.2393621239203838,618.5010536754905,74.47484474276574,187.16617794566423,0.5622813262521165,False,none,14712.402027482527,4285.923763495322,10426.478263987205,5149340.709618884,4.086778340967369,0.0,0.0,0.5352955041844055,6724.532644223518,2.9134814499752957,1629883.908904867,kantrowitz_limit;nonlinear_acoustic_pulse,2.0,7.064544731207856,0.05
B,1.5,2.2,0.46487603305785113,350,0.1,piston,11721.934652734033,10132.5,1589.434652734033,1.1568650039707904,618.5010536754905,74.47484474276574,154.9831562400744,0.46103844495755686,False,none,13235.241142456738,2808.762878469534,10426.478263987205,4632334.399859859,3.6764558729046493,1.7173274127468607e-15,0.0,0.5352955041844055,6724.532644223518,2.9134814499752957,1629883.908904867,kantrowitz_limit;nonlinear_acoustic_pulse,3.0,7.064544731207856,0.05
B,1.5,2.2,0.46487603305785113,350,0.1,piston,11254.817534303427,10132.5,1122.3175343034272,1.1107641287247398,618.5010536754905,74.47484474276574,131.97219550891398,0.3903121814671954,False,none,12409.7770569162,1983.298792928995,10426.478263987205,4343421.96992067,3.4471602935878334,1.9081415697187343e-16,0.0,0.5352955041844055,6724.532644223518,2.9134814499752957,1629883.908904867,kantrowitz_limit;nonlinear_acoustic_pulse,4.0,7.064544731207856,0.05
B,1.5,2.5,0.36,50,0.001,piston,102.03362019201418,101.325,0.7086201920141804,1.0069935375476355,88.35729338221293,0.1063926353468082,34.230552743520256,0.09982942109794425,False,none,3.380087950983304,1.2522352440471398,2.127852706936164,169.00439754916522,0.0009389133197175845,6.652407620992071e-15,0.0,2.574968697280076,7.439254399552419,2.9134814499752957,3326.2936916425847,low_reynolds_or_rarefaction_check,0.0,0.0,0.05
B,1.5,2.5,0.36,50,0.001,piston,101.99559236275911,101.325,0.670592362759109,1.0066182320528902,88.35729338221293,0.1063926353468082,33.303396685195295,0.09712030636615622,False,none,3.312887229659723,1.1850345227235592,2.127852706936164,165.64436148298617,0.0009202464526832564,8.348119367519461e-15,1.1991933097899345e-16,2.574968697280076,7.439254399552419,2.9134814499752957,3326.2936916425847,low_reynolds_or_rarefaction_check,0.1,0.0,0.05
B,1.5,2.5,0.36,50,0.001,piston,101.94404427541167,101.325,0.6190442754116674,1.0061094919853113,88.35729338221293,0.1063926353468082,32.00300109639345,0.09332131632658552,False,none,3.2217942401187267,1.0939415331825624,2.127852706936164,161.08971200593635,0.0008949428444774241,4.004488509106992e-14,0.0,2.574968697280076,7.439254399552419,2.9134814499752957,3326.2936916425847,low_reynolds_or_rarefaction_check,0.25,0.0,0.05
B,1.5,2.5,0.36,50,0.001,piston,101.87044069917337,101.325,0.5454406991733691,1.0053830811662805,88.35729338221293,0.1063926353468082,30.047234974551106,0.08760922778594242,False,none,3.091725984525379,0.9638732775892145,2.127852706936164,154.58629922626895,0.0008588127734792719,3.1566326358432966e-14,0.0,2.574968697280076,7.439254399552419,2.9134814499752957,3326.2936916425847,low_reynolds_or_rarefaction_check,0.5,0.0,0.05
B,1.5,2.5,0.36,50,0.001,piston,101.75776701744743,101.325,0.43276701744743207,1.0042710783858617,88.35729338221293,0.1063926353468082,26.773946588422156,0.07805290514536842,False,none,2.8926151534711244,0.7647624465349604,2.127852706936164,144.63075767355622,0.0008035042092975345,7.43504381169702e-15,0.0,2.574968697280076,7.439254399552419,2.9134814499752957,3326.2936916425847,low_reynolds_or_rarefaction_check,1.0,0.0,0.05
B,1.5,2.5,0.36,50,0.001,piston,101.67671761213525,101.325,0.3517176121352463,1.0034711829473006,88.35729338221293,0.1063926353468082,24.14313457608806,0.07037540366741514,False,none,2.7493890317986707,0.6215363248625067,2.127852706936164,137.46945158993353,0.0007637191754996307,8.322031494495963e-14,1.1432038761648935e-16,2.574968697280076,7.439254399552419,2.9134814499752957,3326.2936916425847,low_reynolds_or_rarefaction_check,1.5,0.0,0.05
B,1.5,2.5,0.36,50,0.001,piston,101.61647606076941,101.325,0.291476060769412,1.0028766450606406,88.35729338221293,0.1063926353468082,21.98268849929103,0.06407244249499239,False,none,2.6429334232420576,0.5150807163058932,2.127852706936164,132.14667116210288,0.0007341481731227938,5.674112382610884e-14,0.0,2.574968697280076,7.439254399552419,2.9134814499752957,3326.2936916425847,low_reynolds_or_rarefaction_check,2.0,0.0,0.05
B,1.5,2.5,0.36,50,0.001,piston,101.53457782022406,101.325,0.20957782022405524,1.0020683722696675,88.35729338221293,0.1063926353468082,18.64509519329287,0.05433817596920485,False,none,2.4982072858949946,0.37035457895883056,2.127852706936164,124.91036429474973,0.0006939464683041652,2.817490286537818e-14,0.0,2.574968697280076,7.439254399552419,2.9134814499752957,3326.2936916425847,low_reynolds_or_rarefaction_check,3.0,0.0,0.05
B,1.5,2.5,0.36,50,0.001,piston,101.48290894331433,101.325,0.15790894331432526,1.0015584401017945,88.35729338221293,0.1063926353468082,16.18700047473373,0.047171018158575426,False,none,2.4069008435781454,0.27904813664198136,2.127852706936164,120.34504217890726,0.000668583567660596,1.0878643050798799e-13,1.2731544175686904e-16,2.574968697280076,7.439254399552419,2.9134814499752957,3326.2936916425847,low_reynolds_or_rarefaction_check,4.0,0.0,0.05
B,1.5,2.5,0.36,50,0.003,piston,306.1008605760426,303.975,2.1258605760425553,1.0069935375476358,88.35729338221293,0.3191779060404246,34.230552743520256,0.09982942109794425,False,none,10.140263852949937,3.756705732141445,6.383558120808493,507.01319264749685,0.00281673995915276,6.782846986109563e-15,0.0,2.5749686972800765,22.31776319865726,2.9134814499752957,9978.881074927755,low_reynolds_or_rarefaction_check,0.0,0.0,0.05
B,1.5,2.5,0.36,50,0.003,piston,305.98677708827734,303.975,2.011777088277313,1.0066182320528902,88.35729338221293,0.3191779060404246,33.303396685195295,0.09712030636615622,False,none,9.938661688979145,3.5551035681706527,6.383558120808493,496.9330844489573,0.0027607393580497625,8.348119367519461e-15,0.0,2.5749686972800765,22.31776319865726,2.9134814499752957,9978.881074927755,low_reynolds_or_rarefaction_check,0.1,0.0,0.05
B,1.5,2.5,0.36,50,0.003,piston,305.832132826235,303.975,1.857132826234988,1.0061094919853113,88.35729338221293,0.3191779060404246,32.00300109639345,0.09332131632658552,False,none,9.665382720356154,3.281824599547662,6.383558120808493,483.26913601780774,0.002684828533432265,7.826361907049495e-15,0.0,2.5749686972800765,22.31776319865726,2.9134814499752957,9978.881074927755,low_reynolds_or_rarefaction_check,0.25,0.0,0.05
B,1.5,2.5,0.36,50,0.003,piston,305.6113220975202,303.975,1.6363220975201784,1.0053830811662807,88.35729338221293,0.3191779060404246,30.047234974551106,0.08760922778594242,False,none,9.27517795357626,2.891619832767769,6.383558120808493,463.758897678813,0.00257643832043785,3.182720508866795e-14,0.0,2.5749686972800765,22.31776319865726,2.9134814499752957,9978.881074927755,low_reynolds_or_rarefaction_check,0.5,0.0,0.05
B,1.5,2.5,0.36,50,0.003,piston,305.27330105234233,303.975,1.2983010523423104,1.0042710783858617,88.35729338221293,0.3191779060404246,26.773946588422156,0.07805290514536842,False,none,8.6778454604134,2.294287339604906,6.383558120808493,433.89227302066996,0.002410512627892611,7.478523600069518e-15,0.0,2.5749686972800765,22.31776319865726,2.9134814499752957,9978.881074927755,low_reynolds_or_rarefaction_check,1.0,0.0,0.05
B,1.5,2.5,0.36,50,0.003,piston,305.03015283640576,303.975,1.055152836405739,1.0034711829473006,88.35729338221293,0.3191779060404246,24.14313457608806,0.07037540366741514,False,none,8.248167095396013,1.86460897458752,6.383558120808493,412.40835476980067,0.0022911575264988925,8.330727452170463e-14,0.0,2.5749686972800765,22.31776319865726,2.9134814499752957,9978.881074927755,low_reynolds_or_rarefaction_check,1.5,0.0,0.05
B,1.5,2.5,0.36,50,0.003,piston,304.84942818230826,303.975,0.874428182308236,1.0028766450606406,88.35729338221293,0.3191779060404246,21.98268849929103,0.06407244249499239,False,none,7.928800269726173,1.5452421489176797,6.383558120808493,396.44001348630866,0.0022024445193683812,5.687156319122634e-14,0.0,2.5749686972800765,22.31776319865726,2.9134814499752957,9978.881074927755,low_reynolds_or_rarefaction_check,2.0,0.0,0.05
B,1.5,2.5,0.36,50,0.003,piston,304.6037334606722,303.975,0.6287334606721515,1.0020683722696675,88.35729338221293,0.3191779060404246,18.64509519329287,0.05433817596920485,False,none,7.49462185768496,1.1110637368764666,6.383558120808493,374.73109288424797,0.0020818394049124888,2.8000983711888194e-14,1.2790314581909567e-16,2.5749686972800765,22.31776319865726,2.9134814499752957,9978.881074927755,low_reynolds_or_rarefaction_check,3.0,0.0,0.05
B,1.5,2.5,0.36,50,0.003,piston,304.448726829943,303.975,0.47372682994296156,1.0015584401017945,88.35729338221293,0.3191779060404246,16.18700047473373,0.047171018158575426,False,none,7.220702530734412,0.837144409925919,6.383558120808493,361.0351265367206,0.002005750702981781,1.0887339008473298e-13,1.6975392234249715e-16,2.5749686972800765,22.31776319865726,2.9134814499752957,9978.881074927755,low_reynolds_or_rarefaction_check,4.0,0.0,0.05
B,1.5,2.5,0.36,50,0.01,piston,1020.3362019201418,1013.25,7.086201920141775,1.0069935375476355,88.35729338221293,1.063926353468082,34.230552743520256,0.09982942109794425,False,none,33.800879509832995,12.522352440471348,21.278527069361644,1690.0439754916497,0.009389133197175832,6.469792509827583e-15,0.0,2.5749686972800765,74.39254399552419,2.9134814499752957,33262.936916425846,,0.0,0.0,0.05
B,1.5,2.5,0.36,50,0.01,piston,1019.955923627591,1013.25,6.705923627591005,1.0066182320528902,88.35729338221293,1.063926353468082,33.303396685195295,0.09712030636615622,False,none,33.12887229659709,11.850345227235442,21.278527069361644,1656.4436148298544,0.009202464526832524,8.348119367519461e-15,0.0,2.5749686972800765,74.39254399552419,2.9134814499752957,33262.936916425846,,0.1,0.0,0.05
B,1.5,2.5,0.36,50,0.01,piston,1019.4404427541166,1013.25,6.190442754116589,1.0061094919853113,88.35729338221293,1.063926353468082,32.00300109639345,0.09332131632658552,False,none,32.217942401187116,10.939415331825472,21.278527069361644,1610.8971200593558,0.008949428444774199,7.722010414955501e-15,2.07848105722566e-16,2.5749686972800765,74.39254399552419,2.9134814499752957,33262.936916425846,,0.25,0.0,0.05
B,1.5,2.5,0.36,50,0.01,piston,1018.7044069917339,1013.25,5.45440699173389,1.0053830811662807,88.35729338221293,1.063926353468082,30.047234974551106,0.08760922778594242,False,none,30.91725984525414,9.638732775892496,21.278527069361644,1545.862992262707,0.008588127734792816,3.172285359657395e-14,0.0,2.5749686972800765,74.39254399552419,2.9134814499752957,33262.936916425846,,0.5,0.0,0.05
B,1.5,2.5,0.36,50,0.01,piston,1017.5776701744743,1013.25,4.327670174474292,1.0042710783858617,88.35729338221293,1.063926353468082,26.773946588422156,0.07805290514536842,False,none,28.926151534711195,7.647624465349553,21.278527069361644,1446.3075767355597,0.008035042092975331,7.30460444657953e-15,0.0,2.5749686972800765,74.39254399552419,2.9134814499752957,33262.936916425846,,1.0,0.0,0.05
B,1.5,2.5,0.36,50,0.01,piston,1016.7671761213523,1013.25,3.5171761213523496,1.0034711829473006,88.35729338221293,1.063926353468082,24.14313457608806,0.07037540366741514,False,none,27.493890317986512,6.215363248624866,21.278527069361644,1374.6945158993256,0.007637191754996254,2.650527899187429e-14,0.0,2.5749686972800765,74.39254399552419,2.9134814499752957,33262.936916425846,,1.5,0.0,0.05
B,1.5,2.5,0.36,50,0.01,piston,1016.1647606076941,1013.25,2.91476060769412,1.0028766450606406,88.35729338221293,1.063926353468082,21.98268849929103,0.06407244249499239,False,none,26.429334232420576,5.150807163058933,21.278527069361644,1321.4667116210287,0.007341481731227938,5.6767211699132336e-14,0.0,2.5749686972800765,74.39254399552419,2.9134814499752957,33262.936916425846,,2.0,0.0,0.05
B,1.5,2.5,0.36,50,0.01,piston,1015.3457782022405,1013.25,2.095778202240467,1.0020683722696673,88.35729338221293,1.063926353468082,18.64509519329287,0.05433817596920485,False,none,24.9820728589498,3.703545789588155,21.278527069361644,1249.10364294749,0.0069394646830416105,2.7966199881190195e-14,1.5348377498291758e-16,2.5749686972800765,74.39254399552419,2.9134814499752957,33262.936916425846,,3.0,0.0,0.05
B,1.5,2.5,0.36,50,0.01,piston,1014.8290894331432,1013.25,1.5790894331431673,1.0015584401017943,88.35729338221293,1.063926353468082,16.18700047473373,0.047171018158575426,False,none,24.069008435781306,2.790481366419663,21.278527069361644,1203.4504217890653,0.006685835676605918,1.0873425476194098e-13,0.0,2.5749686972800765,74.39254399552419,2.9134814499752957,33262.936916425846,,4.0,0.0,0.05
B,1.5,2.5,0.36,50,0.03,piston,3061.0086057604253,3039.75,21.258605760425326,1.0069935375476355,88.35729338221293,3.1917790604042464,34.230552743520256,0.09982942109794425,False,none,101.40263852949897,37.56705732141405,63.835581208084925,5070.131926474949,0.028167399591527493,6.678495494015569e-15,1.2104950009679043e-16,2.574968697280076,223.1776319865726,2.9134814499752957,99788.81074927755,,0.0,0.0,0.05
B,1.5,2.5,0.36,50,0.03,piston,3059.867770882773,3039.75,20.11777088277313,1.0066182320528902,88.35729338221293,3.1917790604042464,33.303396685195295,0.09712030636615622,False,none,99.38661688979144,35.55103568170652,63.835581208084925,4969.330844489572,0.027607393580497623,8.348119367519461e-15,1.2791395304426057e-16,2.574968697280076,223.1776319865726,2.9134814499752957,99788.81074927755,,0.1,0.0,0.05
B,1.5,2.5,0.36,50,0.03,piston,3058.321328262349,3039.75,18.571328262349198,1.006109491985311,88.35729338221293,3.1917790604042464,32.003001096391415,0.09332131632657957,False,none,96.65382720356034,32.818245995475415,63.835581208084925,4832.691360178017,0.026848285334322316,7.374172107975523e-15,0.0,2.574968697280076,223.1776319865726,2.9134814499752957,99788.81074927755,,0.25,0.0,0.05
B,1.5,2.5,0.36,50,0.03,piston,3056.113220975202,3039.75,16.363220975201784,1.0053830811662807,88.35729338221293,3.1917790604042464,30.047234974551106,0.08760922778594242,False,none,92.75177953576261,28.916198327677687,63.835581208084925,4637.588976788131,0.025764383204378502,3.172285359657395e-14,0.0,2.574968697280076,223.1776319865726,2.9134814499752957,99788.81074927755,,0.5,0.0,0.05
B,1.5,2.5,0.36,50,0.03,piston,3052.7330105234228,3039.75,12.983010523422763,1.0042710783858615,88.35729338221293,3.1917790604042464,26.773946588422156,0.07805290514536842,False,none,86.77845460413339,22.94287339604846,63.835581208084925,4338.922730206669,0.024105126278925942,7.235036785183532e-15,0.0,2.574968697280076,223.1776319865726,2.9134814499752957,99788.81074927755,,1.0,0.0,0.05
B,1.5,2.5,0.36,50,0.03,piston,3050.301528364057,3039.75,10.551528364057049,1.0034711829473006,88.35729338221293,3.1917790604042464,24.14313457608806,0.07037540366741514,False,none,82.48167095395952,18.646089745874598,63.835581208084925,4124.083547697976,0.022911575264988757,2.6574846653270283e-14,1.2194174679092591e-16,2.574968697280076,223.1776319865726,2.9134814499752957,99788.81074927755,,1.5,0.0,0.05
B,1.5,2.5,0.36,50,0.03,piston,3048.4942818230825,3039.75,8.744281823082474,1.0028766450606406,88.35729338221293,3.1917790604042464,21.98268849929103,0.06407244249499239,False,none,79.28800269726193,15.452421489176999,63.835581208084925,3964.4001348630964,0.02202444519368387,5.6628076376340345e-14,1.4714436543326653e-16,2.574968697280076,223.1776319865726,2.9134814499752957,99788.81074927755,,2.0,0.0,0.05
B,1.5,2.5,0.36,50,0.03,piston,3046.0373346067217,3039.75,6.287334606721743,1.0020683722696675,88.35729338221293,3.1917790604042464,18.64509519329287,0.05433817596920485,False,none,74.94621857684999,11.110637368765067,63.835581208084925,3747.3109288424994,0.020818394049124996,2.8105335203982186e-14,0.0,2.574968697280076,223.1776319865726,2.9134814499752957,99788.81074927755,,3.0,0.0,0.05
B,1.5,2.5,0.36,50,0.03,piston,3044.4872682994296,3039.75,4.737268299429616,1.0015584401017945,88.35729338221293,3.1917790604042464,16.18700047473373,0.047171018158575426,False,none,72.20702530734411,8.37144409925919,63.835581208084925,3610.3512653672055,0.02005750702981781,1.0866468710054499e-13,0.0,2.574968697280076,223.1776319865726,2.9134814499752957,99788.81074927755,,4.0,0.0,0.05
B,1.5,2.5,0.36,50,0.1,piston,10203.362019201419,10132.5,70.86201920141866,1.0069935375476358,88.35729338221293,10.63926353468082,34.230552743520256,0.09982942109794425,False,none,338.0087950983315,125.22352440471509,212.7852706936164,16900.439754916577,0.09389133197175875,6.8454578813659586e-15,0.0,2.5749686972800765,743.9254399552419,2.9134814499752957,332629.3691642585,,0.0,0.0,0.05
B,1.5,2.5,0.36,50,0.1,piston,10199.55923627591,10132.5,67.05923627591073,1.0066182320528902,88.35729338221293,10.63926353468082,33.303396685195295,0.09712030636615622,False,none,331.28872296597206,118.50345227235562,212.7852706936164,16564.436148298602,0.09202464526832557,8.348119367519461e-15,0.0,2.5749686972800765,743.9254399552419,2.9134814499752957,332629.3691642585,,0.1,0.0,0.05
B,1.5,2.5,0.36,50,0.1,piston,10194.404427541167,10132.5,61.904427541167024,1.0061094919853113,88.35729338221293,10.63926353468082,32.00300109639345,0.09332131632658552,False,none,322.17942401187315,109.39415331825674,212.7852706936164,16108.971200593658,0.08949428444774254,4.007097296409342e-14,0.0,2.5749686972800765,743.9254399552419,2.9134814499752957,332629.3691642585,,0.25,0.0,0.05
B,1.5,2.5,0.36,50,0.1,piston,10187.04406991734,10132.5,54.544069917339584,1.0053830811662807,88.35729338221293,10.63926353468082,30.047234974553273,0.08760922778594876,False,none,309.17259845254256,96.38732775892616,212.7852706936164,15458.629922627128,0.08588127734792848,3.1889815983924345e-14,0.0,2.5749686972800765,743.9254399552419,2.9134814499752957,332629.3691642585,,0.5,0.0,0.05
B,1.5,2.5,0.36,50,0.1,piston,10175.776701744744,10132.5,43.27670174474406,1.0042710783858617,88.35729338221293,10.63926353468082,26.773946588422156,0.07805290514536842,False,none,289.26151534711397,76.47624465349755,212.7852706936164,14463.075767355698,0.08035042092975388,7.513307430767516e-15,0.0,2.5749686972800765,743.9254399552419,2.9134814499752957,332629.3691642585,,1.0,0.0,0.05
B,1.5,2.5,0.36,50,0.1,piston,10167.671761213523,10132.5,35.171761213523496,1.0034711829473006,88.35729338221293,10.63926353468082,24.14313457608806,0.07037540366741514,False,none,274.93890317986506,62.15363248624866,212.7852706936164,13746.945158993254,0.07637191754996252,2.6713981976062278e-14,0.0,2.5749686972800765,743.9254399552419,2.9134814499752957,332629.3691642585,,1.5,0.0,0.05
B,1.5,2.5,0.36,50,0.1,piston,10161.647606076942,10132.5,29.147606076941884,1.0028766450606408,88.35729338221293,10.63926353468082,21.98268849929103,0.06407244249499239,False,none,264.29334232420695,51.50807163059053,212.7852706936164,13214.667116210347,0.07341481731227971,5.676721169913234e-14,0.0,2.5749686972800765,743.9254399552419,2.9134814499752957,332629.3691642585,,2.0,0.0,0.05
B,1.5,2.5,0.36,50,0.1,piston,10153.457782022406,10132.5,20.95778202240581,1.0020683722696675,88.35729338221293,10.63926353468082,18.64509519329287,0.05433817596920485,False,none,249.82072858949996,37.03545789588356,212.7852706936164,12491.036429474998,0.06939464683041666,2.821664346221578e-14,1.227870199863274e-16,2.5749686972800765,743.9254399552419,2.9134814499752957,332629.3691642585,,3.0,0.0,0.05
B,1.5,2.5,0.36,50,0.1,piston,10148.290894331432,10132.5,15.790894331432355,1.0015584401017945,88.35729338221293,10.63926353468082,16.18700047473373,0.047171018158575426,False,none,240.69008435781424,27.904813664197835,212.7852706936164,12034.504217890712,0.06685835676605952,1.0885947655245378e-13,0.0,2.5749686972800765,743.9254399552419,2.9134814499752957,332629.3691642585,,4.0,0.0,0.05
B,1.5,2.5,0.36,100,0.001,piston,104.16374475148304,101.325,2.838744751483034,1.0280162324350657,176.71458676442586,0.2127852706936164,68.0581454944921,0.19907038205551197,False,none,13.527886884624728,5.016476056880072,8.511410827744657,1352.7886884624727,0.003757746356840202,4.0436203186422394e-15,1.133134459654154e-16,1.3370789422721603,14.878508799104837,2.9134814499752957,6652.587383285169,low_reynolds_or_rarefaction_check,0.0,0.0,0.05
B,1.5,2.5,0.36,100,0.001,piston,104.01118732117907,101.325,2.6861873211790623,1.0265106076602917,176.71458676442586,0.2127852706936164,66.2354270118337,0.1936983613110621,False,none,13.258295652084637,4.746884824339981,8.511410827744657,1325.8295652084637,0.003682859903356844,5.087135239582172e-15,0.0,1.3370789422721603,14.878508799104837,2.9134814499752957,6652.587383285169,low_reynolds_or_rarefaction_check,0.1,0.0,0.05
B,1.5,2.5,0.36,100,0.001,piston,103.80442971228976,101.325,2.4794297122897575,1.0244700687124575,176.71458676442586,0.2127852706936164,63.676134884190034,0.18616106193628776,False,none,12.892924797931894,4.381513970187238,8.511410827744657,1289.2924797931894,0.003581367999425526,8.21768000240197e-15,0.0,1.3370789422721603,14.878508799104837,2.9134814499752957,6652.587383285169,low_reynolds_or_rarefaction_check,0.25,0.0,0.05
B,1.5,2.5,0.36,100,0.001,piston,103.50928696117987,101.325,2.1842869611798648,1.0215572362317282,176.71458676442586,0.2127852706936164,59.821071193171356,0.17481942453553054,False,none,12.371364504942889,3.859953677198233,8.511410827744657,1237.136450494289,0.0034364901402619136,4.0436203186422394e-15,0.0,1.3370789422721603,14.878508799104837,2.9134814499752957,6652.587383285169,low_reynolds_or_rarefaction_check,0.5,0.0,0.05
B,1.5,2.5,0.36,100,0.001,piston,103.05765615304504,101.325,1.732656153045042,1.0170999867065882,176.71458676442586,0.2127852706936164,53.35404284974784,0.1558229924466606,False,none,11.573266988646601,3.061856160901944,8.511410827744657,1157.32669886466,0.003214796385735167,5.73933206516963e-15,0.0,1.3370789422721603,14.878508799104837,2.9134814499752957,6652.587383285169,low_reynolds_or_rarefaction_check,1.0,0.0,0.05
B,1.5,2.5,0.36,100,0.001,piston,102.73291894105142,101.325,1.4079189410514203,1.0138950796057382,176.71458676442586,0.2127852706936164,48.143907240909996,0.14054316709633882,False,none,10.999408966401754,2.487998138657098,8.511410827744657,1099.9408966401754,0.0030553913795560426,7.174165081462037e-15,0.0,1.3370789422721603,14.878508799104837,2.9134814499752957,6652.587383285169,low_reynolds_or_rarefaction_check,1.5,0.0,0.05
B,1.5,2.5,0.36,100,0.001,piston,102.49162409282826,101.325,1.1666240928282576,1.0115136846072368,176.71458676442586,0.2127852706936164,43.85778876725033,0.12798799646404505,False,none,10.573005772480343,2.0615949447356874,8.511410827744657,1057.3005772480342,0.0029369460479112064,1.55222844489815e-14,0.0,1.3370789422721603,14.878508799104837,2.9134814499752957,6652.587383285169,low_reynolds_or_rarefaction_check,2.0,0.0,0.05
B,1.5,2.5,0.36,100,0.001,piston,102.16368327243546,101.325,0.8386832724354605,1.0082771603497207,176.71458676442586,0.2127852706936164,37.22443809525289,0.10858049734770643,False,none,9.993486506891344,1.482075679146688,8.511410827744657,999.3486506891344,0.0027759684741364846,4.174059683759731e-15,0.0,1.3370789422721603,14.878508799104837,2.9134814499752957,6652.587383285169,low_reynolds_or_rarefaction_check,3.0,0.0,0.05
B,1.5,2.5,0.36,100,0.001,piston,101.95684689480115,101.325,0.6318468948011429,1.0062358440148151,176.71458676442586,0.2127852706936164,32.33093284721226,0.09427926241564827,False,none,9.627976456876352,1.1165656291316963,8.511410827744657,962.7976456876352,0.0026744379046878754,1.3435254607101633e-14,1.2727290133633396e-16,1.3370789422721603,14.878508799104837,2.9134814499752957,6652.587383285169,low_reynolds_or_rarefaction_check,4.0,0.0,0.05
B,1.5,2.5,0.36,100,0.003,piston,312.49123425444907,303.975,8.516234254449046,1.0280162324350655,176.71458676442586,0.6383558120808492,68.0581454944921,0.19907038205551197,False,none,40.583660653874084,15.049428170640114,25.53423248323397,4058.3660653874085,0.011273239070520578,3.826221376779753e-15,0.0,1.3370789422721603,44.63552639731452,2.9134814499752957,19957.76214985551,,0.0,0.0,0.05
B,1.5,2.5,0.36,100,0.003,piston,312.03356196353724,303.975,8.058561963537215,1.026510607660292,176.71458676442586,0.6383558120808492,66.2354270118337,0.1936983613110621,False,none,39.774886956253965,14.240654473019992,25.53423248323397,3977.4886956253968,0.011048579710070545,5.217574604699663e-15,0.0,1.3370789422721603,44.63552639731452,2.9134814499752957,19957.76214985551,,0.1,0.0,0.05
B,1.5,2.5,0.36,100,0.003,piston,311.4132891368693,303.975,7.438289136869287,1.0244700687124575,176.71458676442586,0.6383558120808492,63.676134884190034,0.18616106193628776,False,none,38.67877439379571,13.14454191056174,25.53423248323397,3867.877439379571,0.010744103998276588,8.348119367519461e-15,1.7297953552914279e-16,1.3370789422721603,44.63552639731452,2.9134814499752957,19957.76214985551,,0.25,0.0,0.05
B,1.5,2.5,0.36,100,0.003,piston,310.52786088353963,303.975,6.5528608835396085,1.0215572362317282,176.71458676442586,0.6383558120808492,59.821071193171356,0.17481942453553054,False,none,37.114093514828696,11.579861031594724,25.53423248323397,3711.4093514828696,0.01030947042078575,4.000140530269742e-15,0.0,1.3370789422721603,44.63552639731452,2.9134814499752957,19957.76214985551,,0.5,0.0,0.05
B,1.5,2.5,0.36,100,0.003,piston,309.1729684591352,303.975,5.197968459135154,1.0170999867065882,176.71458676442586,0.6383558120808492,53.35404284974784,0.1558229924466606,False,none,34.719800965939854,9.185568482705882,25.53423248323397,3471.9800965939853,0.009644389157205516,5.913251218659618e-15,0.0,1.3370789422721603,44.63552639731452,2.9134814499752957,19957.76214985551,,1.0,0.0,0.05
B,1.5,2.5,0.36,100,0.003,piston,308.1987568231544,303.975,4.2237568231543605,1.0138950796057384,176.71458676442586,0.6383558120808492,48.143907240909996,0.14054316709633882,False,none,32.99822689920544,7.46399441597147,25.53423248323397,3299.8226899205442,0.009166174138668179,7.652442753559506e-15,0.0,1.3370789422721603,44.63552639731452,2.9134814499752957,19957.76214985551,,1.5,0.0,0.05
B,1.5,2.5,0.36,100,0.003,piston,307.4748722784849,303.975,3.4998722784848724,1.011513684607237,176.71458676442586,0.6383558120808492,43.857788767251805,0.12798799646404938,False,none,31.71901731744121,6.184784834207238,25.53423248323397,3171.901731744121,0.008810838143733669,3.304463916309787e-14,0.0,1.3370789422721603,44.63552639731452,2.9134814499752957,19957.76214985551,,2.0,0.0,0.05
B,1.5,2.5,0.36,100,0.003,piston,306.4910498173064,303.975,2.5160498173063957,1.008277160349721,176.71458676442586,0.6383558120808492,37.22443809525289,0.10858049734770643,False,none,29.98045952067406,4.446227037440089,25.53423248323397,2998.045952067406,0.008327905422409462,4.174059683759731e-15,1.2784641535879724e-16,1.3370789422721603,44.63552639731452,2.9134814499752957,19957.76214985551,,3.0,0.0,0.05
B,1.5,2.5,0.36,100,0.003,piston,305.87054068440347,303.975,1.8955406844034428,1.0062358440148151,176.71458676442586,0.6383558120808492,32.33093284721226,0.09427926241564827,False,none,28.883929370629083,3.3496968873951136,25.53423248323397,2888.3929370629085,0.008023313714063634,1.3565693972219126e-14,0.0,1.3370789422721603,44.63552639731452,2.9134814499752957,19957.76214985551,,4.0,0.0,0.05
B,1.5,2.5,0.36,100,0.01,piston,1041.6374475148305,1013.25,28.387447514830455,1.028016232435066,176.71458676442586,2.127852706936164,68.05814549449303,0.19907038205551475,False,none,135.2788688462475,50.164760568800915,85.11410827744658,13527.88688462475,0.03757746356840208,3.965356699571744e-15,1.8130151354466393e-16,1.3370789422721603,148.78508799104839,2.9134814499752957,66525.87383285169,,0.0,0.0,0.05
B,1.5,2.5,0.36,100,0.01,piston,1040.1118732117907,1013.25,26.86187321179068,1.026510607660292,176.71458676442586,2.127852706936164,66.2354270118337,0.1936983613110621,False,none,132.5829565208465,47.46884824339991,85.11410827744658,13258.29565208465,0.03682859903356847,5.008871620511677e-15,0.0,1.3370789422721603,148.78508799104839,2.9134814499752957,66525.87383285169,,0.1,0.0,0.05
B,1.5,2.5,0.36,100,0.01,piston,1038.0442971228977,1013.25,24.79429712289766,1.0244700687124575,176.71458676442586,2.127852706936164,63.676134884190034,0.18616106193628776,False,none,128.92924797931911,43.81513970187253,85.11410827744658,12892.924797931912,0.03581367999425531,8.348119367519461e-15,0.0,1.3370789422721603,148.78508799104839,2.9134814499752957,66525.87383285169,,0.25,0.0,0.05
B,1.5,2.5,0.36,100,0.01,piston,1035.0928696117987,1013.25,21.842869611798733,1.0215572362317282,176.71458676442586,2.127852706936164,59.821071193171356,0.17481942453553054,False,none,123.71364504942906,38.599536771982486,85.11410827744658,12371.364504942907,0.034364901402619184,3.965356699571744e-15,1.17811608354985e-16,1.3370789422721603,148.78508799104839,2.9134814499752957,66525.87383285169,,0.5,0.0,0.05
B,1.5,2.5,0.36,100,0.01,piston,1030.5765615304506,1013.25,17.32656153045059,1.0170999867065882,176.71458676442586,2.127852706936164,53.35404284974784,0.1558229924466606,False,none,115.73266988646631,30.618561609019743,85.11410827744658,11573.266988646632,0.032147963857351754,6.052386541451609e-15,1.4852015476537042e-16,1.3370789422721603,148.78508799104839,2.9134814499752957,66525.87383285169,,1.0,0.0,0.05
B,1.5,2.5,0.36,100,0.01,piston,1027.3291894105146,1013.25,14.079189410514573,1.0138950796057384,176.71458676442586,2.127852706936164,48.143907240909996,0.14054316709633882,False,none,109.9940896640182,24.879981386571632,85.11410827744658,10999.408966401821,0.030553913795560612,2.1913813339738587e-14,1.8277640317363862e-16,1.3370789422721603,148.78508799104839,2.9134814499752957,66525.87383285169,,1.5,0.0,0.05
B,1.5,2.5,0.36,100,0.01,piston,1024.9162409282826,1013.25,11.666240928282605,1.0115136846072368,176.71458676442586,2.127852706936164,43.85778876725033,0.12798799646404505,False,none,105.7300577248035,20.615949447356925,85.11410827744658,10573.00577248035,0.029369460479112083,1.5444020829911003e-14,0.0,1.3370789422721603,148.78508799104839,2.9134814499752957,66525.87383285169,,2.0,0.0,0.05
B,1.5,2.5,0.36,100,0.01,piston,1021.6368327243546,1013.25,8.386832724354576,1.0082771603497207,176.71458676442586,2.127852706936164,37.22443809525289,0.10858049734770643,False,none,99.93486506891341,14.82075679146683,85.11410827744658,9993.48650689134,0.027759684741364837,4.174059683759731e-15,0.0,1.3370789422721603,148.78508799104839,2.9134814499752957,66525.87383285169,,3.0,0.0,0.05
B,1.5,2.5,0.36,100,0.01,piston,1019.5684689480114,1013.25,6.3184689480114,1.0062358440148151,176.71458676442586,2.127852706936164,32.33093284721226,0.09427926241564827,False,none,96.27976456876348,11.165656291316912,85.11410827744658,9627.976456876348,0.026744379046878746,1.3356990988031139e-14,0.0,1.3370789422721603,148.78508799104839,2.9134814499752957,66525.87383285169,,4.0,0.0,0.05
B,1.5,2.5,0.36,100,0.03,piston,3124.9123425444905,3039.75,85.16234254449046,1.0280162324350655,176.71458676442586,6.383558120808493,68.0581454944921,0.19907038205551197,False,none,405.83660653874085,150.49428170640115,255.3423248323397,40583.66065387409,0.1127323907052058,3.617518392591766e-15,1.208676756964439e-16,1.3370789422721603,446.3552639731452,2.9134814499752957,199577.6214985551,,0.0,0.0,0.05
B,1.5,2.5,0.36,100,0.03,piston,3120.335619635372,3039.75,80.58561963537204,1.026510607660292,176.71458676442586,6.383558120808493,66.2354270118337,0.1936983613110621,False,none,397.7488695625394,142.40654473019973,255.3423248323397,39774.88695625394,0.1104857971007054,5.008871620511677e-15,0.0,1.3370789422721603,446.3552639731452,2.9134814499752957,199577.6214985551,,0.1,0.0,0.05
B,1.5,2.5,0.36,100,0.03,piston,3114.132891368693,3039.75,74.38289136869298,1.0244700687124575,176.71458676442586,6.383558120808493,63.676134884190034,0.18616106193628776,False,none,386.7877439379573,131.4454191056176,255.3423248323397,38678.774393795735,0.10744103998276593,8.20898404472747e-15,0.0,1.3370789422721603,446.3552639731452,2.9134814499752957,199577.6214985551,,0.25,0.0,0.05
B,1.5,2.5,0.36,100,0.03,piston,3105.278608835396,3039.75,65.52860883539597,1.0215572362317282,176.71458676442586,6.383558120808493,59.821071193171356,0.17481942453553054,False,none,371.14093514828676,115.79861031594704,255.3423248323397,37114.09351482867,0.10309470420785743,3.8957890381757484e-15,0.0,1.3370789422721603,446.3552639731452,2.9134814499752957,199577.6214985551,,0.5,0.0,0.05
B,1.5,2.5,0.36,100,0.03,piston,3091.7296845913506,3039.75,51.97968459135063,1.017099986706588,176.71458676442586,6.383558120808493,53.35404284974784,0.1558229924466606,False,none,347.1980096593969,91.85568482705722,255.3423248323397,34719.80096593969,0.0964438915720547,5.426277588887649e-15,0.0,1.3370789422721603,446.3552639731452,2.9134814499752957,199577.6214985551,,1.0,0.0,0.05
B,1.5,2.5,0.36,100,0.03,piston,3081.987568231543,3039.75,42.23756823154281,1.0138950796057382,176.71458676442586,6.383558120808493,48.143907240909996,0.14054316709633882,False,none,329.982268992053,74.6399441597133,255.3423248323397,32998.2268992053,0.09166174138668139,7.235036785183532e-15,0.0,1.3370789422721603,446.3552639731452,2.9134814499752957,199577.6214985551,,1.5,0.0,0.05
B,1.5,2.5,0.36,100,0.03,piston,3074.7487227848487,3039.75,34.998722784848724,1.011513684607237,176.71458676442586,6.383558120808493,43.857788767251805,0.12798799646404938,False,none,317.19017317441205,61.84784834207238,255.3423248323397,31719.017317441205,0.08810838143733668,3.297507150170187e-14,0.0,1.3370789422721603,446.3552639731452,2.9134814499752957,199577.6214985551,,2.0,0.0,0.05
B,1.5,2.5,0.36,100,0.03,piston,3064.910498173064,3039.75,25.160498173063843,1.008277160349721,176.71458676442586,6.383558120808493,37.22443809525289,0.10858049734770643,False,none,299.8045952067404,44.46227037440069,255.3423248323397,29980.459520674038,0.08327905422409455,4.0349243609677396e-15,0.0,1.3370789422721603,446.3552639731452,2.9134814499752957,199577.6214985551,,3.0,0.0,0.05
B,1.5,2.5,0.36,100,0.03,piston,3058.7054068440343,3039.75,18.955406844034314,1.0062358440148151,176.71458676442586,6.383558120808493,32.33093284721226,0.09427926241564827,False,none,288.8392937062906,33.496968873950934,255.3423248323397,28883.929370629063,0.08023313714063628,1.3356990988031137e-14,1.357577614254227e-16,1.3370789422721603,446.3552639731452,2.9134814499752957,199577.6214985551,,4.0,0.0,0.05
B,1.5,2.5,0.36,100,0.1,piston,10416.374475148301,10132.5,283.8744751483009,1.0280162324350655,176.71458676442586,21.27852706936164,68.0581454944921,0.19907038205551197,False,none,1352.7886884624684,501.6476056880028,851.1410827744656,135278.86884624683,0.375774635684019,3.673172521708563e-15,1.4504121083573301e-16,1.3370789422721605,1487.8508799104839,2.9134814499752957,665258.738328517,,0.0,0.0,0.05
B,1.5,2.5,0.36,100,0.1,piston,10401.118732117906,10132.5,268.6187321179059,1.0265106076602917,176.71458676442586,21.27852706936164,66.2354270118337,0.1936983613110621,False,none,1325.829565208463,474.6884824339975,851.1410827744656,132582.9565208463,0.36828599033568415,5.0088716205116775e-15,0.0,1.3370789422721605,1487.8508799104839,2.9134814499752957,665258.738328517,,0.1,0.0,0.05
B,1.5,2.5,0.36,100,0.1,piston,10380.442971228977,10132.5,247.9429712289766,1.0244700687124575,176.71458676442586,21.27852706936164,63.676134884190034,0.18616106193628776,False,none,1289.292479793191,438.15139701872533,851.1410827744656,128929.2479793191,0.35813679994255304,8.348119367519461e-15,0.0,1.3370789422721605,1487.8508799104839,2.9134814499752957,665258.738328517,,0.25,0.0,0.05
B,1.5,2.5,0.36,100,0.1,piston,10350.928696117986,10132.5,218.42869611798596,1.0215572362317282,176.71458676442586,21.27852706936164,59.821071193171356,0.17481942453553054,False,none,1237.136450494288,385.9953677198224,851.1410827744656,123713.6450494288,0.34364901402619114,3.840134909058952e-15,0.0,1.3370789422721605,1487.8508799104839,2.9134814499752957,665258.738328517,,0.5,0.0,0.05
B,1.5,2.5,0.36,100,0.1,piston,10305.765615304505,10132.5,173.26561530450454,1.0170999867065882,176.71458676442586,21.27852706936164,53.35404284974784,0.1558229924466606,False,none,1157.3266988646606,306.185616090195,851.1410827744656,115732.66988646606,0.3214796385735168,5.8436835572636234e-15,1.1881612381229727e-16,1.3370789422721605,1487.8508799104839,2.9134814499752957,665258.738328517,,1.0,0.0,0.05
B,1.5,2.5,0.36,100,0.1,piston,10273.291894105143,10132.5,140.791894105143,1.0138950796057382,176.71458676442586,21.27852706936164,48.143907240909996,0.14054316709633882,False,none,1099.9408966401772,248.7998138657115,851.1410827744656,109994.08966401772,0.3055391379556048,7.346345043417126e-15,0.0,1.3370789422721605,1487.8508799104839,2.9134814499752957,665258.738328517,,1.5,0.0,0.05
B,1.5,2.5,0.36,100,0.1,piston,10249.162409282826,10132.5,116.66240928282605,1.0115136846072368,176.71458676442586,21.27852706936164,43.85778876725033,0.12798799646404505,False,none,1057.3005772480349,206.15949447356925,851.1410827744656,105730.05772480348,0.2936946047911208,1.55275020235862e-14,0.0,1.3370789422721605,1487.8508799104839,2.9134814499752957,665258.738328517,,2.0,0.0,0.05
B,1.5,2.5,0.36,100,0.1,piston,10216.368327243543,10132.5,83.86832724354281,1.0082771603497205,176.71458676442586,21.27852706936164,37.22443809525289,0.10858049734770643,False,none,999.3486506891287,148.20756791466306,851.1410827744656,99934.86506891287,0.2775968474136469,3.840134909058952e-15,1.227325587444508e-16,1.3370789422721605,1487.8508799104839,2.9134814499752957,665258.738328517,,3.0,0.0,0.05
B,1.5,2.5,0.36,100,0.1,piston,10195.684689480115,10132.5,63.184689480114685,1.0062358440148151,176.71458676442586,21.27852706936164,32.33093284721226,0.09427926241564827,False,none,962.797645687636,111.65656291317032,851.1410827744656,96279.7645687636,0.26744379046878775,1.3523953375381529e-14,1.6290931371050644e-16,1.3370789422721605,1487.8508799104839,2.9134814499752957,665258.738328517,,4.0,0.0,0.05
B,1.5,2.5,0.36,150,0.001,piston,107.72827821655203,101.325,6.403278216552025,1.06319544255171,265.0718801466388,0.3191779060404246,101.11048388408221,0.2971736636536181,False,none,30.466201002181883,11.315526639756408,19.150674362425477,4569.930150327283,0.00846283361171719,1.739191534899888e-15,1.3395969548859739e-16,0.9483592538771837,22.317763198657257,2.9134814499752957,9978.881074927755,kantrowitz_limit;nonlinear_acoustic_pulse;low_reynolds_or_rarefaction_check,0.0,0.4426112393004081,0.05
B,1.5,2.5,0.36,150,0.001,piston,107.38333453036029,101.325,6.058334530360284,1.059791113055616,265.0718801466388,0.3191779060404246,98.45153793877368,0.2892262177287693,False,none,29.856635192558173,10.705960830132696,19.150674362425477,4478.495278883726,0.008293509775710604,0.0,1.4158696515015105e-16,0.9483592538771837,22.317763198657257,2.9134814499752957,9978.881074927755,kantrowitz_limit;nonlinear_acoustic_pulse;low_reynolds_or_rarefaction_check,0.1,0.4426112393004081,0.05
B,1.5,2.5,0.36,150,0.001,piston,106.91599037225266,101.325,5.590990372252662,1.0551787848236138,265.0718801466388,0.3191779060404246,94.71159704540015,0.2780658850953499,False,none,29.030769894790602,9.880095532365127,19.150674362425477,4354.615484218591,0.008064102748552945,4.000140530269742e-15,0.0,0.9483592538771837,22.317763198657257,2.9134814499752957,9978.881074927755,kantrowitz_limit;nonlinear_acoustic_pulse;low_reynolds_or_rarefaction_check,0.25,0.4426112393004081,0.05
B,1.5,2.5,0.36,150,0.001,piston,106.24916409015024,101.325,4.924164090150242,1.0485977210969677,265.0718801466388,0.3191779060404246,89.06430261986496,0.26125226172343724,False,none,27.85239058593673,8.701716223511252,19.150674362425477,4177.85858789051,0.0077367751627602024,3.478383069799776e-15,0.0,0.9483592538771837,22.317763198657257,2.9134814499752957,9978.881074927755,kantrowitz_limit;nonlinear_acoustic_pulse;low_reynolds_or_rarefaction_check,0.5,0.4426112393004081,0.05
B,1.5,2.5,0.36,150,0.001,piston,105.22945855373393,101.325,3.9044585537339316,1.0385340099060838,265.0718801466388,0.3191779060404246,79.55561853190773,0.2330391736252407,False,none,26.050422161044672,6.899747798619195,19.150674362425477,3907.5633241567007,0.007236228378067964,3.652302223289765e-15,2.196927405459998e-16,0.9483592538771837,22.317763198657257,2.9134814499752957,9978.881074927755,kantrowitz_limit;nonlinear_acoustic_pulse;low_reynolds_or_rarefaction_check,1.0,0.4426112393004081,0.05
B,1.5,2.5,0.36,150,0.001,piston,104.49676410719206,101.325,3.171764107192061,1.031302877939226,265.0718801466388,0.3191779060404246,71.86546595591768,0.21030268698513566,False,none,24.75564419759231,5.604969835166832,19.150674362425477,3713.3466296388465,0.006876567832664531,5.217574604699663e-16,0.0,0.9483592538771837,22.317763198657257,2.9134814499752957,9978.881074927755,kantrowitz_limit;nonlinear_acoustic_pulse;low_reynolds_or_rarefaction_check,1.5,0.4426112393004081,0.05
B,1.5,2.5,0.36,150,0.001,piston,103.95261206703528,101.325,2.6276120670352725,1.0259325148486087,265.0718801466388,0.3191779060404246,65.52117783553737,0.19159419757099752,False,none,23.794048168459046,4.64337380603357,19.150674362425477,3569.107225268857,0.006609457824571958,4.174059683759731e-15,1.6322447494806768e-16,0.9483592538771837,22.317763198657257,2.9134814499752957,9978.881074927755,kantrowitz_limit;nonlinear_acoustic_pulse;low_reynolds_or_rarefaction_check,2.0,0.4426112393004081,0.05
B,1.5,2.5,0.36,150,0.001,piston,103.213435506702,101.325,1.8884355067019953,1.0186374093925685,265.0718801466388,0.3191779060404246,55.673807876397795,0.16263306391280513,False,none,22.4878153644066,3.3371410019811227,19.150674362425477,3373.17230466099,0.006246615379001833,8.174200214029472e-15,1.1355712135440171e-16,0.9483592538771837,22.317763198657257,2.9134814499752957,9978.881074927755,kantrowitz_limit;nonlinear_acoustic_pulse;low_reynolds_or_rarefaction_check,3.0,0.4426112393004081,0.05
B,1.5,2.5,0.36,150,0.001,piston,102.74744858964596,101.325,1.4224485896459527,1.0140384760882897,265.0718801466388,0.3191779060404246,48.38948756898616,0.1412629266159712,False,none,21.664348509554728,2.513674147129249,19.150674362425477,3249.652276433209,0.006017874585987425,9.739472595439371e-15,0.0,0.9483592538771837,22.317763198657257,2.9134814499752957,9978.881074927755,kantrowitz_limit;nonlinear_acoustic_pulse;low_reynolds_or_rarefaction_check,4.0,0.4426112393004081,0.05
B,1.5,2.5,0.36,150,0.003,piston,323.1848346496561,303.975,19.209834649656102,1.0631954425517103,265.0718801466388,0.957533718121274,101.11048388408221,0.2971736636536181,False,none,91.3986030065457,33.946579919269276,57.45202308727643,13709.790450981855,0.025388500835151585,1.855137637226547e-15,1.786129273181296e-16,0.9483592538771836,66.95328959597178,2.9134814499752957,29936.643224783267,kantrowitz_limit;nonlinear_acoustic_pulse,0.0,0.4426112393004081,0.05
B,1.5,2.5,0.36,150,0.003,piston,322.1500035910809,303.975,18.175003591080895,1.0597911130556161,265.0718801466388,0.957533718121274,98.45153793877368,0.2892262177287693,False,none,89.5699055776746,32.117882490398166,57.45202308727643,13435.48583665119,0.024880529327131834,3.710275274453094e-15,1.8878262020020095e-16,0.9483592538771836,66.95328959597178,2.9134814499752957,29936.643224783267,kantrowitz_limit;nonlinear_acoustic_pulse,0.1,0.4426112393004081,0.05
B,1.5,2.5,0.36,150,0.003,piston,320.74797111675804,303.975,16.772971116758015,1.0551787848236138,265.0718801466388,0.957533718121274,94.71159704540015,0.2780658850953499,False,none,87.09230968437186,29.640286597095432,57.45202308727643,13063.846452655778,0.02419230824565885,0.0,2.045627322784958e-16,0.9483592538771836,66.95328959597178,2.9134814499752957,29936.643224783267,kantrowitz_limit;nonlinear_acoustic_pulse,0.25,0.4426112393004081,0.05
B,1.5,2.5,0.36,150,0.003,piston,318.74749227045083,303.975,14.772492270450812,1.048597721096968,265.0718801466388,0.957533718121274,89.06430261986496,0.26125226172343724,False,none,83.55717175781034,26.105148670533904,57.45202308727643,12533.57576367155,0.02321032548828065,3.710275274453094e-15,1.161322252622037e-16,0.9483592538771836,66.95328959597178,2.9134814499752957,29936.643224783267,kantrowitz_limit;nonlinear_acoustic_pulse,0.5,0.4426112393004081,0.05
B,1.5,2.5,0.36,150,0.003,piston,315.68837566120186,303.975,11.713375661201837,1.0385340099060838,265.0718801466388,0.957533718121274,79.55561853190773,0.2330391736252407,False,none,78.1512664831341,20.699243395857664,57.45202308727643,11722.689972470114,0.021708685134203914,3.826221376779753e-15,1.4646182703066598e-16,0.9483592538771836,66.95328959597178,2.9134814499752957,29936.643224783267,kantrowitz_limit;nonlinear_acoustic_pulse,1.0,0.4426112393004081,0.05
B,1.5,2.5,0.36,150,0.003,piston,313.4902923215762,303.975,9.515292321576169,1.031302877939226,265.0718801466388,0.957533718121274,71.86546595591768,0.21030268698513566,False,none,74.2669325927769,16.81490950550047,57.45202308727643,11140.039888916535,0.020629703497993583,5.797305116332958e-16,1.8029529120677405e-16,0.9483592538771836,66.95328959597178,2.9134814499752957,29936.643224783267,kantrowitz_limit;nonlinear_acoustic_pulse,1.5,0.4426112393004081,0.05
B,1.5,2.5,0.36,150,0.003,piston,311.85783620110584,303.975,7.8828362011058175,1.0259325148486087,265.0718801466388,0.957533718121274,65.52117783553737,0.19159419757099752,False,none,71.38214450537714,13.930121418100711,57.45202308727643,10707.321675806572,0.019828373473715872,4.17405968375973e-15,2.1763263326409022e-16,0.9483592538771836,66.95328959597178,2.9134814499752957,29936.643224783267,kantrowitz_limit;nonlinear_acoustic_pulse,2.0,0.4426112393004081,0.05
B,1.5,2.5,0.36,150,0.003,piston,309.640306520106,303.975,5.665306520105958,1.0186374093925683,265.0718801466388,0.957533718121274,55.673807876397795,0.16263306391280513,False,none,67.46344609321974,10.011423005943318,57.45202308727643,10119.516913982961,0.018739846137005484,8.000281060539484e-15,1.5140949513920303e-16,0.9483592538771836,66.95328959597178,2.9134814499752957,29936.643224783267,kantrowitz_limit;nonlinear_acoustic_pulse,3.0,0.4426112393004081,0.05
B,1.5,2.5,0.36,150,0.003,piston,308.24234576893787,303.975,4.267345768937844,1.0140384760882897,265.0718801466388,0.957533718121274,48.38948756898616,0.1412629266159712,False,none,64.99304552866415,7.541022441387722,57.45202308727643,9748.956829299623,0.018053623757962264,9.623526493112711e-15,0.0,0.9483592538771836,66.95328959597178,2.9134814499752957,29936.643224783267,kantrowitz_limit;nonlinear_acoustic_pulse,4.0,0.4426112393004081,0.05
B,1.5,2.5,0.36,150,0.01,piston,1077.2827821655203,1013.25,64.0327821655203,1.06319544255171,265.0718801466388,3.1917790604042464,101.11048388408221,0.2971736636536181,False,none,304.662010021819,113.15526639756419,191.5067436242548,45699.30150327285,0.08462833611717195,1.808759196295883e-15,0.0,0.9483592538771839,223.17763198657258,2.9134814499752957,99788.81074927755,kantrowitz_limit;nonlinear_acoustic_pulse,0.0,0.44261123930042595,0.05
B,1.5,2.5,0.36,150,0.01,piston,1073.833345303603,1013.25,60.58334530360298,1.0597911130556161,265.0718801466388,3.1917790604042464,98.45153793877368,0.2892262177287693,False,none,298.566351925582,107.05960830132722,191.5067436242548,44784.952788837305,0.08293509775710611,3.4783830697997754e-15,0.0,0.9483592538771839,223.17763198657258,2.9134814499752957,99788.81074927755,kantrowitz_limit;nonlinear_acoustic_pulse,0.1,0.44261123930042595,0.05
B,1.5,2.5,0.36,150,0.01,piston,1069.1599037225267,1013.25,55.90990372252668,1.0551787848236138,265.0718801466388,3.1917790604042464,94.71159704540015,0.2780658850953499,False,none,290.30769894790615,98.80095532365137,191.5067436242548,43546.15484218592,0.08064102748552948,0.0,2.4547527873419513e-16,0.9483592538771839,223.17763198657258,2.9134814499752957,99788.81074927755,kantrowitz_limit;nonlinear_acoustic_pulse,0.25,0.44261123930042595,0.05
B,1.5,2.5,0.36,150,0.01,piston,1062.4916409015027,1013.25,49.241640901502706,1.048597721096968,265.0718801466388,3.1917790604042464,89.06430261986496,0.26125226172343724,False,none,278.5239058593678,87.017162235113,191.5067436242548,41778.58587890517,0.07736775162760216,3.756653715383757e-15,1.3935867031464445e-16,0.9483592538771839,223.17763198657258,2.9134814499752957,99788.81074927755,kantrowitz_limit;nonlinear_acoustic_pulse,0.5,0.44261123930042595,0.05
B,1.5,2.5,0.36,150,0.01,piston,1052.2945855373393,1013.25,39.044585537339344,1.0385340099060838,265.0718801466388,3.1917790604042464,79.55561853190773,0.2330391736252407,False,none,260.5042216104468,68.99747798619201,191.5067436242548,39075.63324156702,0.07236228378067966,3.756653715383757e-15,0.0,0.9483592538771839,223.17763198657258,2.9134814499752957,99788.81074927755,kantrowitz_limit;nonlinear_acoustic_pulse,1.0,0.44261123930042595,0.05
B,1.5,2.5,0.36,150,0.01,piston,1044.9676410719208,1013.25,31.717641071920752,1.031302877939226,265.0718801466388,3.1917790604042464,71.86546595591768,0.21030268698513566,False,none,247.55644197592338,56.049698351668575,191.5067436242548,37133.466296388506,0.06876567832664539,6.95676613959955e-16,2.1635434944812754e-16,0.9483592538771839,223.17763198657258,2.9134814499752957,99788.81074927755,kantrowitz_limit;nonlinear_acoustic_pulse,1.5,0.44261123930042595,0.05
B,1.5,2.5,0.36,150,0.01,piston,1039.5261206703528,1013.25,26.27612067035284,1.0259325148486087,265.0718801466388,3.1917790604042464,65.52117783553737,0.19159419757099752,False,none,237.9404816845907,46.433738060335905,191.5067436242548,35691.07225268861,0.06609457824571964,4.174059683759731e-15,1.3057957995845358e-16,0.9483592538771839,223.17763198657258,2.9134814499752957,99788.81074927755,kantrowitz_limit;nonlinear_acoustic_pulse,2.0,0.44261123930042595,0.05
B,1.5,2.5,0.36,150,0.01,piston,1032.13435506702,1013.25,18.884355067019897,1.0186374093925683,265.0718801466388,3.1917790604042464,55.673807876397795,0.16263306391280513,False,none,224.87815364406592,33.37141001981113,191.5067436242548,33731.723046609884,0.06246615379001831,7.930713399143488e-15,0.0,0.9483592538771839,223.17763198657258,2.9134814499752957,99788.81074927755,kantrowitz_limit;nonlinear_acoustic_pulse,3.0,0.44261123930042595,0.05
B,1.5,2.5,0.36,150,0.01,piston,1027.4744858964596,1013.25,14.224485896459555,1.0140384760882897,265.0718801466388,3.1917790604042464,48.38948756898616,0.1412629266159712,False,none,216.64348509554733,25.13674147129254,191.5067436242548,32496.5227643321,0.06017874585987426,9.739472595439371e-15,1.2060628500205807e-16,0.9483592538771839,223.17763198657258,2.9134814499752957,99788.81074927755,kantrowitz_limit;nonlinear_acoustic_pulse,4.0,0.44261123930042595,0.05
B,1.5,2.5,0.36,150,0.03,piston,3231.8483464965607,3039.75,192.09834649656068,1.06319544255171,265.0718801466388,9.57533718121274,101.11048388408221,0.2971736636536181,False,none,913.9860300654564,339.46579919269215,574.5202308727643,137097.90450981844,0.2538850083515157,1.669623873503892e-15,0.0,0.9483592538771837,669.5328959597178,2.9134814499752957,299366.43224783265,kantrowitz_limit;nonlinear_acoustic_pulse,0.0,0.4426112393004087,0.05
B,1.5,2.5,0.36,150,0.03,piston,3221.500035910809,3039.75,181.75003591080895,1.0597911130556161,265.0718801466388,9.57533718121274,98.45153793877368,0.2892262177287693,False,none,895.6990557767459,321.17882490398165,574.5202308727643,134354.85836651188,0.2488052932713183,3.524761510730439e-15,1.5102609616016075e-16,0.9483592538771837,669.5328959597178,2.9134814499752957,299366.43224783265,kantrowitz_limit;nonlinear_acoustic_pulse,0.1,0.4426112393004087,0.05
B,1.5,2.5,0.36,150,0.03,piston,3207.47971116758,3039.75,167.7297111675798,1.0551787848236138,265.0718801466388,9.57533718121274,94.71159704540015,0.2780658850953499,False,none,870.923096843718,296.4028659709537,574.5202308727643,130638.4645265577,0.24192308245658833,3.710275274453093e-15,1.6365018582279698e-16,0.9483592538771837,669.5328959597178,2.9134814499752957,299366.43224783265,kantrowitz_limit;nonlinear_acoustic_pulse,0.25,0.4426112393004087,0.05
B,1.5,2.5,0.36,150,0.03,piston,3187.474922704508,3039.75,147.72492270450812,1.048597721096968,265.0718801466388,9.57533718121274,89.06430261986496,0.26125226172343724,False,none,835.5717175781033,261.051486705339,574.5202308727643,125335.7576367155,0.23210325488280648,3.524761510730439e-15,1.8581156041952591e-16,0.9483592538771837,669.5328959597178,2.9134814499752957,299366.43224783265,kantrowitz_limit;nonlinear_acoustic_pulse,0.5,0.4426112393004087,0.05
B,1.5,2.5,0.36,150,0.03,piston,3156.8837566120183,3039.75,117.13375661201826,1.0385340099060838,265.0718801466388,9.57533718121274,79.55561853190773,0.2330391736252407,False,none,781.5126648313407,206.9924339585764,574.5202308727643,117226.8997247011,0.21708685134203906,3.710275274453093e-15,1.1716946162453293e-16,0.9483592538771837,669.5328959597178,2.9134814499752957,299366.43224783265,kantrowitz_limit;nonlinear_acoustic_pulse,1.0,0.4426112393004087,0.05
B,1.5,2.5,0.36,150,0.03,piston,3134.902923215762,3039.75,95.1529232157618,1.031302877939226,265.0718801466388,9.57533718121274,71.86546595591768,0.21030268698513566,False,none,742.6693259277693,168.14909505500492,574.5202308727643,111400.39888916539,0.2062970349799359,5.56541291167964e-16,0.0,0.9483592538771837,669.5328959597178,2.9134814499752957,299366.43224783265,kantrowitz_limit;nonlinear_acoustic_pulse,1.5,0.4426112393004087,0.05
B,1.5,2.5,0.36,150,0.03,piston,3118.5783620110583,3039.75,78.82836201105829,1.0259325148486087,265.0718801466388,9.57533718121274,65.52117783553737,0.19159419757099752,False,none,713.8214450537716,139.3012141810073,574.5202308727643,107073.21675806574,0.1982837347371588,4.081302801898403e-15,1.741061066112719e-16,0.9483592538771837,669.5328959597178,2.9134814499752957,299366.43224783265,kantrowitz_limit;nonlinear_acoustic_pulse,2.0,0.4426112393004087,0.05
B,1.5,2.5,0.36,150,0.03,piston,3096.4030652010597,3039.75,56.65306520105969,1.0186374093925683,265.0718801466388,9.57533718121274,55.673807876397795,0.16263306391280513,False,none,674.6344609321976,100.11423005943338,574.5202308727643,101195.16913982964,0.1873984613700549,7.791578076351497e-15,1.2112759611136218e-16,0.9483592538771837,669.5328959597178,2.9134814499752957,299366.43224783265,kantrowitz_limit;nonlinear_acoustic_pulse,3.0,0.4426112393004087,0.05
B,1.5,2.5,0.36,150,0.03,piston,3082.4234576893787,3039.75,42.673457689378665,1.0140384760882897,265.0718801466388,9.57533718121274,48.38948756898616,0.1412629266159712,False,none,649.9304552866419,75.41022441387761,574.5202308727643,97489.56829299628,0.18053623757962273,9.646715713578043e-15,1.608083800027441e-16,0.9483592538771837,669.5328959597178,2.9134814499752957,299366.43224783265,kantrowitz_limit;nonlinear_acoustic_pulse,4.0,0.4426112393004087,0.05
B,1.5,2.5,0.36,150,0.1,piston,10772.827821655203,10132.5,640.3278216552026,1.06319544255171,265.0718801466388,31.917790604042466,101.11048388408221,0.2971736636536181,False,none,3046.620100218189,1131.552663975641,1915.067436242548,456993.0150327283,0.8462833611717191,1.6696238735038922e-15,0.0,0.9483592538771839,2231.7763198657262,2.9134814499752957,997888.1074927754,kantrowitz_limit;nonlinear_acoustic_pulse,0.0,0.4426112393004087,0.05
B,1.5,2.5,0.36,150,0.1,piston,10738.33345303603,10132.5,605.8334530360298,1.0597911130556161,265.0718801466388,31.917790604042466,98.45153793877368,0.2892262177287693,False,none,2985.66351925582,1070.5960830132722,1915.067436242548,447849.527888373,0.8293509775710611,3.450556005241377e-15,0.0,0.9483592538771839,2231.7763198657262,2.9134814499752957,997888.1074927754,kantrowitz_limit;nonlinear_acoustic_pulse,0.1,0.4426112393004087,0.05
B,1.5,2.5,0.36,150,0.1,piston,10691.599037225269,10132.5,559.0990372252691,1.055178784823614,265.0718801466388,31.917790604042466,94.71159704540082,0.2780658850953519,False,none,2903.0769894790656,988.0095532365177,1915.067436242548,435461.54842185986,0.806410274855296,4.007097296409341e-15,1.9638022298735534e-16,0.9483592538771839,2231.7763198657262,2.9134814499752957,997888.1074927754,kantrowitz_limit;nonlinear_acoustic_pulse,0.25,0.4426112393004087,0.05
B,1.5,2.5,0.36,150,0.1,piston,10624.916409015024,10132.5,492.4164090150243,1.0485977210969677,265.0718801466388,31.917790604042466,89.06430261986496,0.26125226172343724,False,none,2785.2390585936732,870.1716223511253,1915.067436242548,417785.858789051,0.7736775162760203,3.3392477470077843e-15,1.1148693625171616e-16,0.9483592538771839,2231.7763198657262,2.9134814499752957,997888.1074927754,kantrowitz_limit;nonlinear_acoustic_pulse,0.5,0.4426112393004087,0.05
B,1.5,2.5,0.36,150,0.1,piston,10522.945855373395,10132.5,390.4458553733948,1.0385340099060838,265.0718801466388,31.917790604042466,79.55561853190773,0.2330391736252407,False,none,2605.0422161044703,689.9747798619225,1915.067436242548,390756.33241567056,0.7236228378067973,3.673172521708562e-15,1.406033539494393e-16,0.9483592538771839,2231.7763198657262,2.9134814499752957,997888.1074927754,kantrowitz_limit;nonlinear_acoustic_pulse,1.0,0.4426112393004087,0.05
B,1.5,2.5,0.36,150,0.1,piston,10449.676410719207,10132.5,317.1764107192066,1.031302877939226,265.0718801466388,31.917790604042466,71.86546595591768,0.21030268698513566,False,none,2475.564419759232,560.496983516684,1915.067436242548,371334.66296388477,0.6876567832664533,5.56541291167964e-16,1.7308347955850254e-16,0.9483592538771839,2231.7763198657262,2.9134814499752957,997888.1074927754,kantrowitz_limit;nonlinear_acoustic_pulse,1.5,0.4426112393004087,0.05
B,1.5,2.5,0.36,150,0.1,piston,10395.261206703528,10132.5,262.76120670352793,1.0259325148486087,265.0718801466388,31.917790604042466,65.52117783553737,0.19159419757099752,False,none,2379.404816845906,464.33738060335827,1915.067436242548,356910.7225268859,0.6609457824571962,4.118405554642934e-15,2.0892732793352607e-16,0.9483592538771839,2231.7763198657262,2.9134814499752957,997888.1074927754,kantrowitz_limit;nonlinear_acoustic_pulse,2.0,0.4426112393004087,0.05
B,1.5,2.5,0.36,150,0.1,piston,10321.343550670199,10132.5,188.84355067019897,1.0186374093925683,265.0718801466388,31.917790604042466,55.673807876397795,0.16263306391280513,False,none,2248.7815364406592,333.7141001981113,1915.067436242548,337317.2304660989,0.6246615379001831,7.902886334585089e-15,1.453531153336346e-16,0.9483592538771839,2231.7763198657262,2.9134814499752957,997888.1074927754,kantrowitz_limit;nonlinear_acoustic_pulse,3.0,0.4426112393004087,0.05
B,1.5,2.5,0.36,150,0.1,piston,10274.744858964596,10132.5,142.24485896459555,1.0140384760882897,265.0718801466388,31.917790604042466,48.38948756898616,0.1412629266159712,False,none,2166.4348509554734,251.3674147129254,1915.067436242548,324965.22764332104,0.6017874585987426,9.572510208088981e-15,0.0,0.9483592538771839,2231.7763198657262,2.9134814499752957,997888.1074927754,kantrowitz_limit;nonlinear_acoustic_pulse,4.0,0.4426112393004087,0.05
B,1.5,2.5,0.36,200,0.001,piston,112.74905205074604,101.325,11.424052050746042,1.1127466276905604,353.4291735288517,0.4255705413872328,133.0707449486066,0.393661448716489,False,none,54.23360968420741,20.187966373228786,34.045643310978626,10846.72193684148,0.015064891578946502,2.6087873023498317e-16,0.0,0.7740950217226255,29.757017598209675,2.9134814499752957,13305.174766570339,kantrowitz_limit;nonlinear_acoustic_pulse,0.0,1.7827899745966689,0.05
B,1.5,2.5,0.36,200,0.001,piston,112.13156193153702,101.325,10.806561931537018,1.1066524740344141,353.4291735288517,0.4255705413872328,129.65593108120248,0.3832586524863079,False,none,53.142414571736026,19.0967712607574,34.045643310978626,10628.482914347205,0.01476178182548223,7.826361907049495e-16,0.0,0.7740950217226255,29.757017598209675,2.9134814499752957,13305.174766570339,kantrowitz_limit;nonlinear_acoustic_pulse,0.1,1.7827899745966689,0.05
B,1.5,2.5,0.36,200,0.001,piston,111.2953398082138,101.325,9.970339808213794,1.0983996033379106,353.4291735288517,0.4255705413872328,124.84198435465656,0.36863437458096665,False,none,51.66468810207268,17.619044791094055,34.045643310978626,10332.937620414536,0.014351302250575744,0.0,0.0,0.7740950217226255,29.757017598209675,2.9134814499752957,13305.174766570339,kantrowitz_limit;nonlinear_acoustic_pulse,0.25,1.7827899745966689,0.05
B,1.5,2.5,0.36,200,0.001,piston,110.10293812430925,101.325,8.777938124309244,1.086631513686743,353.4291735288517,0.4255705413872328,117.54967717068952,0.34656788162745583,False,none,49.5575403937887,15.511897082810076,34.045643310978626,9911.508078757739,0.013765983442719083,5.217574604699663e-16,0.0,0.7740950217226255,29.757017598209675,2.9134814499752957,13305.174766570339,kantrowitz_limit;nonlinear_acoustic_pulse,0.5,1.7827899745966689,0.05
B,1.5,2.5,0.36,200,0.001,piston,108.28124142695891,101.325,6.956241426958911,1.0686527651315956,353.4291735288517,0.4255705413872328,105.21125377193438,0.30945248143024795,False,none,46.338336602964866,12.292693291986241,34.045643310978626,9267.667320592973,0.01287176016749024,2.7392266674673234e-15,0.0,0.7740950217226255,29.757017598209675,2.9134814499752957,13305.174766570339,kantrowitz_limit;nonlinear_acoustic_pulse,1.0,1.7827899745966689,0.05
B,1.5,2.5,0.36,200,0.001,piston,106.97356535609586,101.325,5.648565356095858,1.0557470057349703,353.4291735288517,0.4255705413872328,95.18143131480814,0.2794667746172564,False,none,44.02748223812194,9.981838927143317,34.045643310978626,8805.496447624388,0.012229856177256094,1.8261511116448824e-15,1.1389368086522697e-16,0.7740950217226255,29.757017598209675,2.9134814499752957,13305.174766570339,kantrowitz_limit;nonlinear_acoustic_pulse,1.5,1.7827899745966689,0.05
B,1.5,2.5,0.36,200,0.001,piston,106.00307969478621,101.325,4.678079694786206,1.0461690569433626,353.4291735288517,0.4255705413872328,86.87537582390324,0.254747083643801,False,none,42.31249251213058,8.266849201151958,34.045643310978626,8462.498502426117,0.011753470142258495,3.913180953524747e-15,0.0,0.7740950217226255,29.757017598209675,2.9134814499752957,13305.174766570339,kantrowitz_limit;nonlinear_acoustic_pulse,2.0,1.7827899745966689,0.05
B,1.5,2.5,0.36,200,0.001,piston,104.68570990817406,101.325,3.3607099081740586,1.0331676280106001,353.4291735288517,0.4255705413872328,73.93195428580144,0.21640577301793215,False,none,39.98450793755953,5.938864626580903,34.045643310978626,7996.901587511906,0.011106807760433202,4.826256509347189e-15,0.0,0.7740950217226255,29.757017598209675,2.9134814499752957,13305.174766570339,kantrowitz_limit;nonlinear_acoustic_pulse,3.0,1.7827899745966689,0.05
B,1.5,2.5,0.36,200,0.001,piston,103.85577634128448,101.325,2.5307763412844793,1.0249768205406808,353.4291735288517,0.4255705413872328,64.32183749460067,0.18806209833770743,False,none,38.51789426441135,4.472250953432724,34.045643310978626,7703.57885288227,0.010699415073447599,3.3914234930547814e-15,0.0,0.7740950217226255,29.757017598209675,2.9134814499752957,13305.174766570339,kantrowitz_limit;nonlinear_acoustic_pulse,4.0,1.7827899745966689,0.05
B,1.5,2.5,0.36,200,0.003,piston,338.24715615223806,303.975,34.27215615223804,1.1127466276905602,353.4291735288517,1.2767116241616985,133.07074494860612,0.39366144871648756,False,none,162.70082905262208,60.563899119686205,102.13692993293589,32540.165810524417,0.04519467473683947,1.7391915348998879e-16,0.0,0.7740950217226257,89.27105279462904,2.9134814499752957,39915.52429971102,kantrowitz_limit;nonlinear_acoustic_pulse,0.0,1.7827899745966695,0.05
B,1.5,2.5,0.36,200,0.003,piston,336.3946857946112,303.975,32.419685794611155,1.1066524740344146,353.4291735288517,1.2767116241616985,129.65593108120297,0.38325865248630936,False,none,159.42724371520825,57.29031378227238,102.13692993293589,31885.44874304165,0.04428534547644673,1.2174340744299214e-15,0.0,0.7740950217226257,89.27105279462904,2.9134814499752957,39915.52429971102,kantrowitz_limit;nonlinear_acoustic_pulse,0.1,1.7827899745966695,0.05
B,1.5,2.5,0.36,200,0.003,piston,333.8860194246414,303.975,29.91101942464138,1.0983996033379106,353.4291735288517,1.2767116241616985,124.84198435465656,0.36863437458096665,False,none,154.99406430621804,52.857134373282165,102.13692993293589,30998.81286124361,0.04305390675172723,1.7391915348998879e-16,1.7206659281791348e-16,0.7740950217226257,89.27105279462904,2.9134814499752957,39915.52429971102,kantrowitz_limit;nonlinear_acoustic_pulse,0.25,1.7827899745966695,0.05
B,1.5,2.5,0.36,200,0.003,piston,330.30881437292777,303.975,26.333814372927748,1.086631513686743,353.4291735288517,1.2767116241616985,117.54967717068952,0.34656788162745583,False,none,148.67262118136614,46.535691248430254,102.13692993293589,29734.524236273228,0.04129795032815726,6.956766139599551e-16,1.9544024755485017e-16,0.7740950217226257,89.27105279462904,2.9134814499752957,39915.52429971102,kantrowitz_limit;nonlinear_acoustic_pulse,0.5,1.7827899745966695,0.05
B,1.5,2.5,0.36,200,0.003,piston,324.84372428087676,303.975,20.868724280876734,1.0686527651315956,353.4291735288517,1.2767116241616985,105.21125377193438,0.30945248143024795,False,none,139.0150098088946,36.878079875958726,102.13692993293589,27803.001961778922,0.03861528050247073,2.6087873023498317e-15,0.0,0.7740950217226257,89.27105279462904,2.9134814499752957,39915.52429971102,kantrowitz_limit;nonlinear_acoustic_pulse,1.0,1.7827899745966695,0.05
B,1.5,2.5,0.36,200,0.003,piston,320.9206960682876,303.975,16.94569606828759,1.0557470057349703,353.4291735288517,1.2767116241616985,95.18143131480814,0.2794667746172564,False,none,132.08244671436586,29.945516781429973,102.13692993293589,26416.48934287317,0.036689568531768295,1.9131106883898764e-15,0.0,0.7740950217226257,89.27105279462904,2.9134814499752957,39915.52429971102,kantrowitz_limit;nonlinear_acoustic_pulse,1.5,1.7827899745966695,0.05
B,1.5,2.5,0.36,200,0.003,piston,318.0092390843586,303.975,14.034239084358603,1.0461690569433624,353.4291735288517,1.2767116241616985,86.87537582390324,0.254747083643801,False,none,126.93747753639174,24.80054760345585,102.13692993293589,25387.49550727835,0.03526041042677548,4.000140530269742e-15,1.8336181852012697e-16,0.7740950217226257,89.27105279462904,2.9134814499752957,39915.52429971102,kantrowitz_limit;nonlinear_acoustic_pulse,2.0,1.7827899745966695,0.05
B,1.5,2.5,0.36,200,0.003,piston,314.0571297245222,303.975,10.08212972452219,1.0331676280106001,353.4291735288517,1.2767116241616985,73.93195428580144,0.21640577301793215,False,none,119.95352381267863,17.816593879742737,102.13692993293589,23990.704762535726,0.03332042328129962,4.8697362977196855e-15,0.0,0.7740950217226257,89.27105279462904,2.9134814499752957,39915.52429971102,kantrowitz_limit;nonlinear_acoustic_pulse,3.0,1.7827899745966695,0.05
B,1.5,2.5,0.36,200,0.003,piston,311.56732902385346,303.975,7.592329023853438,1.0249768205406808,353.4291735288517,1.2767116241616985,64.32183749460067,0.18806209833770743,False,none,115.55368279323406,13.416752860298171,102.13692993293589,23110.73655864681,0.0320982452203428,3.304463916309787e-15,0.0,0.7740950217226257,89.27105279462904,2.9134814499752957,39915.52429971102,kantrowitz_limit;nonlinear_acoustic_pulse,4.0,1.7827899745966695,0.05
B,1.5,2.5,0.36,200,0.01,piston,1127.4905205074601,1013.25,114.24052050746013,1.1127466276905602,353.4291735288517,4.255705413872328,133.07074494860612,0.39366144871648756,False,none,542.3360968420736,201.87966373228736,340.4564331097863,108467.21936841472,0.1506489157894649,0.0,0.0,0.7740950217226256,297.57017598209677,2.9134814499752957,133051.74766570338,kantrowitz_limit;nonlinear_acoustic_pulse,0.0,1.7827899745966935,0.05
B,1.5,2.5,0.36,200,0.01,piston,1121.3156193153702,1013.25,108.06561931537021,1.1066524740344141,353.4291735288517,4.255705413872328,129.65593108120248,0.3832586524863079,False,none,531.4241457173604,190.96771260757404,340.4564331097863,106284.82914347207,0.14761781825482231,8.348119367519462e-16,0.0,0.7740950217226256,297.57017598209677,2.9134814499752957,133051.74766570338,kantrowitz_limit;nonlinear_acoustic_pulse,0.1,1.7827899745966935,0.05
B,1.5,2.5,0.36,200,0.01,piston,1112.953398082138,1013.25,99.70339808213794,1.0983996033379106,353.4291735288517,4.255705413872328,124.84198435465656,0.36863437458096665,False,none,516.6468810207268,176.19044791094055,340.4564331097863,103329.37620414536,0.14351302250575745,0.0,0.0,0.7740950217226256,297.57017598209677,2.9134814499752957,133051.74766570338,kantrowitz_limit;nonlinear_acoustic_pulse,0.25,1.7827899745966935,0.05
B,1.5,2.5,0.36,200,0.01,piston,1101.0293812430928,1013.25,87.77938124309276,1.0866315136867435,353.4291735288517,4.255705413872328,117.54967717068952,0.34656788162745583,False,none,495.5754039378876,155.1189708281013,340.4564331097863,99115.08078757752,0.13765983442719099,8.348119367519462e-16,1.1726414853290974e-16,0.7740950217226256,297.57017598209677,2.9134814499752957,133051.74766570338,kantrowitz_limit;nonlinear_acoustic_pulse,0.5,1.7827899745966935,0.05
B,1.5,2.5,0.36,200,0.01,piston,1082.8124142695888,1013.25,69.56241426958877,1.0686527651315951,353.4291735288517,4.255705413872328,105.21125377193438,0.30945248143024795,False,none,463.38336602964813,122.92693291986181,340.4564331097863,92676.67320592962,0.12871760167490226,2.295732826067852e-15,0.0,0.7740950217226256,297.57017598209677,2.9134814499752957,133051.74766570338,kantrowitz_limit;nonlinear_acoustic_pulse,1.0,1.7827899745966935,0.05
B,1.5,2.5,0.36,200,0.01,piston,1069.7356535609586,1013.25,56.48565356095855,1.0557470057349703,353.4291735288517,4.255705413872328,95.18143131480814,0.2794667746172564,False,none,440.2748223812194,99.8183892714331,340.4564331097863,88054.96447624388,0.12229856177256095,1.878326857691879e-15,1.822298893843632e-16,0.7740950217226256,297.57017598209677,2.9134814499752957,133051.74766570338,kantrowitz_limit;nonlinear_acoustic_pulse,1.5,1.7827899745966935,0.05
B,1.5,2.5,0.36,200,0.01,piston,1060.0307969478622,1013.25,46.7807969478622,1.0461690569433626,353.4291735288517,4.255705413872328,86.87537582390324,0.254747083643801,False,none,423.12492512130615,82.66849201151983,340.4564331097863,84624.98502426123,0.11753470142258504,4.174059683759731e-15,0.0,0.7740950217226256,297.57017598209677,2.9134814499752957,133051.74766570338,kantrowitz_limit;nonlinear_acoustic_pulse,2.0,1.7827899745966935,0.05
B,1.5,2.5,0.36,200,0.01,piston,1046.8570990817407,1013.25,33.60709908174067,1.0331676280106001,353.4291735288517,4.255705413872328,73.93195428580144,0.21640577301793215,False,none,399.8450793755955,59.388646265809186,340.4564331097863,79969.0158751191,0.11106807760433209,4.800168636323691e-15,0.0,0.7740950217226256,297.57017598209677,2.9134814499752957,133051.74766570338,kantrowitz_limit;nonlinear_acoustic_pulse,3.0,1.7827899745966935,0.05
B,1.5,2.5,0.36,200,0.01,piston,1038.5577634128451,1013.25,25.307763412845134,1.024976820540681,353.4291735288517,4.255705413872328,64.32183749460167,0.18806209833771037,False,none,385.17894264411416,44.722509534327834,340.4564331097863,77035.78852882283,0.10699415073447616,3.756653715383758e-15,0.0,0.7740950217226256,297.57017598209677,2.9134814499752957,133051.74766570338,kantrowitz_limit;nonlinear_acoustic_pulse,4.0,1.7827899745966935,0.05
B,1.5,2.5,0.36,200,0.03,piston,3382.4715615223813,3039.75,342.7215615223813,1.1127466276905604,353.4291735288517,12.767116241616986,133.0707449486066,0.393661448716489,False,none,1627.0082905262225,605.6389911968637,1021.3692993293588,325401.6581052445,0.45194674736839513,2.3653004874638472e-15,1.201368755965444e-16,0.7740950217226256,892.7105279462904,2.9134814499752957,399155.2429971102,kantrowitz_limit;nonlinear_acoustic_pulse,0.0,1.7827899745966702,0.05
B,1.5,2.5,0.36,200,0.03,piston,3363.9468579461104,3039.75,324.1968579461104,1.1066524740344141,353.4291735288517,12.767116241616986,129.65593108120248,0.3832586524863079,False,none,1594.2724371520806,572.9031378227218,1021.3692993293588,318854.4874304161,0.4428534547644668,6.95676613959955e-16,0.0,0.7740950217226256,892.7105279462904,2.9134814499752957,399155.2429971102,kantrowitz_limit;nonlinear_acoustic_pulse,0.1,1.7827899745966702,0.05
B,1.5,2.5,0.36,200,0.03,piston,3338.860194246414,3039.75,299.1101942464138,1.0983996033379106,353.4291735288517,12.767116241616986,124.84198435465656,0.36863437458096665,False,none,1549.9406430621805,528.5713437328217,1021.3692993293588,309988.1286124361,0.43053906751727233,0.0,0.0,0.7740950217226256,892.7105279462904,2.9134814499752957,399155.2429971102,kantrowitz_limit;nonlinear_acoustic_pulse,0.25,1.7827899745966702,0.05
B,1.5,2.5,0.36,200,0.03,piston,3303.0881437292774,3039.75,263.33814372927736,1.086631513686743,353.4291735288517,12.767116241616986,117.54967717068952,0.34656788162745583,False,none,1486.7262118136612,465.3569124843023,1021.3692993293588,297345.24236273224,0.41297950328157257,4.1740596837597304e-16,0.0,0.7740950217226256,892.7105279462904,2.9134814499752957,399155.2429971102,kantrowitz_limit;nonlinear_acoustic_pulse,0.5,1.7827899745966702,0.05
B,1.5,2.5,0.36,200,0.03,piston,3248.437242808767,3039.75,208.68724280876722,1.0686527651315954,353.4291735288517,12.767116241616986,105.21125377193438,0.30945248143024795,False,none,1390.150098088946,368.780798759587,1021.3692993293588,278030.0196177892,0.3861528050247072,2.5044358102558383e-15,0.0,0.7740950217226256,892.7105279462904,2.9134814499752957,399155.2429971102,kantrowitz_limit;nonlinear_acoustic_pulse,1.0,1.7827899745966702,0.05
B,1.5,2.5,0.36,200,0.03,piston,3209.206960682876,3039.75,169.4569606828759,1.0557470057349703,353.4291735288517,12.767116241616986,95.18143131480814,0.2794667746172564,False,none,1320.8244671436585,299.4551678142997,1021.3692993293588,264164.8934287317,0.3668956853176829,1.808759196295883e-15,0.0,0.7740950217226256,892.7105279462904,2.9134814499752957,399155.2429971102,kantrowitz_limit;nonlinear_acoustic_pulse,1.5,1.7827899745966702,0.05
B,1.5,2.5,0.36,200,0.03,piston,3180.092390843586,3039.75,140.34239084358614,1.0461690569433626,353.4291735288517,12.767116241616986,86.87537582390324,0.254747083643801,False,none,1269.3747753639175,248.00547603455868,1021.3692993293588,253874.9550727835,0.35260410426775485,3.8957890381757484e-15,1.4668945481610146e-16,0.7740950217226256,892.7105279462904,2.9134814499752957,399155.2429971102,kantrowitz_limit;nonlinear_acoustic_pulse,2.0,1.7827899745966702,0.05
B,1.5,2.5,0.36,200,0.03,piston,3140.5712972452216,3039.75,100.82129724522156,1.0331676280106001,353.4291735288517,12.767116241616986,73.93195428580144,0.21640577301793215,False,none,1199.5352381267855,178.16593879742675,1021.3692993293588,239907.0476253571,0.333204232812996,4.591465652135703e-15,0.0,0.7740950217226256,892.7105279462904,2.9134814499752957,399155.2429971102,kantrowitz_limit;nonlinear_acoustic_pulse,3.0,1.7827899745966702,0.05
B,1.5,2.5,0.36,200,0.03,piston,3115.6732902385343,3039.75,75.92329023853426,1.0249768205406808,353.4291735288517,12.767116241616986,64.32183749460067,0.18806209833770743,False,none,1155.5368279323402,134.1675286029815,1021.3692993293588,231107.36558646805,0.32098245220342786,3.3392477470077843e-15,1.355759789634699e-16,0.7740950217226256,892.7105279462904,2.9134814499752957,399155.2429971102,kantrowitz_limit;nonlinear_acoustic_pulse,4.0,1.7827899745966702,0.05
B,1.5,2.5,0.36,200,0.1,piston,11274.905205074601,10132.5,1142.4052050746013,1.1127466276905602,353.4291735288517,42.55705413872328,133.07074494860612,0.39366144871648756,False,none,5423.360968420736,2018.7966373228735,3404.5643310978626,1084672.1936841472,1.5064891578946489,0.0,0.0,0.7740950217226256,2975.7017598209677,2.9134814499752957,1330517.476657034,kantrowitz_limit;nonlinear_acoustic_pulse,0.0,1.7827899745966702,0.05
B,1.5,2.5,0.36,200,0.1,piston,11213.156193153705,10132.5,1080.6561931537053,1.1066524740344146,353.4291735288517,42.55705413872328,129.65593108120297,0.38325865248630936,False,none,5314.241457173609,1909.6771260757462,3404.5643310978626,1062848.2914347218,1.4761781825482247,1.0017743241023354e-15,0.0,0.7740950217226256,2975.7017598209677,2.9134814499752957,1330517.476657034,kantrowitz_limit;nonlinear_acoustic_pulse,0.1,1.7827899745966702,0.05
B,1.5,2.5,0.36,200,0.1,piston,11129.53398082138,10132.5,997.0339808213794,1.0983996033379106,353.4291735288517,42.55705413872328,124.84198435465656,0.36863437458096665,False,none,5166.468810207269,1761.9044791094057,3404.5643310978626,1033293.7620414537,1.4351302250575746,1.6696238735038925e-16,0.0,0.7740950217226256,2975.7017598209677,2.9134814499752957,1330517.476657034,kantrowitz_limit;nonlinear_acoustic_pulse,0.25,1.7827899745966702,0.05
B,1.5,2.5,0.36,200,0.1,piston,11010.293812430924,10132.5,877.7938124309239,1.086631513686743,353.4291735288517,42.55705413872328,117.54967717068952,0.34656788162745583,False,none,4955.7540393788695,1551.1897082810067,3404.5643310978626,991150.8078757739,1.3765983442719083,5.008871620511677e-16,0.0,0.7740950217226256,2975.7017598209677,2.9134814499752957,1330517.476657034,kantrowitz_limit;nonlinear_acoustic_pulse,0.5,1.7827899745966702,0.05
B,1.5,2.5,0.36,200,0.1,piston,10828.124142695888,10132.5,695.6241426958877,1.0686527651315951,353.4291735288517,42.55705413872328,105.21125377193438,0.30945248143024795,False,none,4633.833660296481,1229.2693291986182,3404.5643310978626,926766.7320592962,1.2871760167490225,2.5044358102558387e-15,1.1837857565236331e-16,0.7740950217226256,2975.7017598209677,2.9134814499752957,1330517.476657034,kantrowitz_limit;nonlinear_acoustic_pulse,1.0,1.7827899745966702,0.05
B,1.5,2.5,0.36,200,0.1,piston,10697.356535609586,10132.5,564.856535609586,1.0557470057349703,353.4291735288517,42.55705413872328,95.18143131480814,0.2794667746172564,False,none,4402.748223812195,998.1838927143319,3404.5643310978626,880549.644762439,1.2229856177256095,1.8365862608542815e-15,0.0,0.7740950217226256,2975.7017598209677,2.9134814499752957,1330517.476657034,kantrowitz_limit;nonlinear_acoustic_pulse,1.5,1.7827899745966702,0.05
B,1.5,2.5,0.36,200,0.1,piston,10600.307969478621,10132.5,467.8079694786211,1.0461690569433626,353.4291735288517,42.55705413872328,86.87537582390324,0.254747083643801,False,none,4231.249251213059,826.6849201151967,3404.5643310978626,846249.8502426118,1.1753470142258498,4.0070972964093415e-15,0.0,0.7740950217226256,2975.7017598209677,2.9134814499752957,1330517.476657034,kantrowitz_limit;nonlinear_acoustic_pulse,2.0,1.7827899745966702,0.05
B,1.5,2.5,0.36,200,0.1,piston,10468.570990817405,10132.5,336.0709908174049,1.0331676280106001,353.4291735288517,42.55705413872328,73.93195428580144,0.21640577301793215,False,none,3998.450793755951,593.8864626580886,3404.5643310978626,799690.1587511902,1.1106807760433197,4.674946845810898e-15,1.2251428634385843e-16,0.7740950217226256,2975.7017598209677,2.9134814499752957,1330517.476657034,kantrowitz_limit;nonlinear_acoustic_pulse,3.0,1.7827899745966702,0.05
B,1.5,2.5,0.36,200,0.1,piston,10385.577634128447,10132.5,253.07763412844724,1.0249768205406806,353.4291735288517,42.55705413872328,64.32183749460067,0.18806209833770743,False,none,3851.789426441134,447.22509534327116,3404.5643310978626,770357.8852882268,1.0699415073447593,3.3392477470077847e-15,0.0,0.7740950217226256,2975.7017598209677,2.9134814499752957,1330517.476657034,kantrowitz_limit;nonlinear_acoustic_pulse,4.0,1.7827899745966702,0.05
B,1.5,2.5,0.36,250,0.001,piston,119.25715695369205,101.325,17.932156953692044,1.17697662920002,441.7864669110647,0.531963176734041,163.6926955758383,0.48814770185495465,False,none,84.88505473206925,31.68873705866515,53.1963176734041,21221.263683017314,0.023579181870019235,1.2522179051279192e-15,0.0,0.6881334287532772,37.196271997762096,2.9134814499752957,16631.468458212923,kantrowitz_limit;nonlinear_acoustic_pulse,0.0,3.12296870989293,0.05
B,1.5,2.5,0.36,250,0.001,piston,118.28366814833929,101.325,16.958668148339285,1.167369041681118,441.7864669110647,0.531963176734041,159.6153711078808,0.47543170131184953,False,none,83.16475801249219,29.96844033908808,53.1963176734041,20791.189503123045,0.023101321670136718,2.0870298418798654e-16,0.0,0.6881334287532772,37.196271997762096,2.9134814499752957,16631.468458212923,kantrowitz_limit;nonlinear_acoustic_pulse,0.1,3.12296870989293,0.05
B,1.5,2.5,0.36,250,0.001,piston,116.96611292813368,101.325,15.64111292813368,1.1543657826610776,441.7864669110647,0.531963176734041,153.8523316858437,0.45753312939358504,False,none,80.83644574971272,27.64012807630862,53.1963176734041,20209.111437428182,0.02245456826380909,8.348119367519462e-16,1.31619462726367e-16,0.6881334287532772,37.196271997762096,2.9134814499752957,16631.468458212923,kantrowitz_limit;nonlinear_acoustic_pulse,0.25,3.12296870989293,0.05
B,1.5,2.5,0.36,250,0.001,piston,115.08889337086752,101.325,13.763893370867521,1.1358390660830744,441.7864669110647,0.531963176734041,145.08946546147038,0.43047758063394587,False,none,77.51912496642885,24.322807293024745,53.1963176734041,19379.781241607212,0.02153309026845246,1.6696238735038924e-15,1.495706792091802e-16,0.6881334287532772,37.196271997762096,2.9134814499752957,16631.468458212923,kantrowitz_limit;nonlinear_acoustic_pulse,0.5,3.12296870989293,0.05
B,1.5,2.5,0.36,250,0.001,piston,112.22444659532648,101.325,10.89944659532648,1.1075691743925633,441.7864669110647,0.531963176734041,130.17687835443667,0.38484407492226674,False,none,72.45722968394458,19.260912010540473,53.1963176734041,18114.307420986144,0.02012700824554016,2.0870298418798654e-16,1.8887884463107666e-16,0.6881334287532772,37.196271997762096,2.9134814499752957,16631.468458212923,kantrowitz_limit;nonlinear_acoustic_pulse,1.0,3.12296870989293,0.05
B,1.5,2.5,0.36,250,0.001,piston,110.17084405196178,101.325,8.845844051961777,1.0873016930862254,441.7864669110647,0.531963176734041,117.97986633052165,0.34786683303413923,False,none,68.8282144356539,15.631896762249799,53.1963176734041,17207.053608913477,0.019118948454348306,1.878326857691879e-15,0.0,0.6881334287532772,37.196271997762096,2.9134814499752957,16631.468458212923,kantrowitz_limit;nonlinear_acoustic_pulse,1.5,3.12296870989293,0.05
B,1.5,2.5,0.36,250,0.001,piston,108.64817268606583,101.325,7.323172686065831,1.0722740951005756,441.7864669110647,0.531963176734041,107.83219354168843,0.3173146322706318,False,none,66.13743202363064,12.94111435022654,53.1963176734041,16534.35800590766,0.018371508895452957,0.0,0.0,0.6881334287532772,37.196271997762096,2.9134814499752957,16631.468458212923,kantrowitz_limit;nonlinear_acoustic_pulse,2.0,3.12296870989293,0.05
B,1.5,2.5,0.36,250,0.001,piston,106.58315180074923,101.325,5.258151800749232,1.051893923520841,441.7864669110647,0.531963176734041,91.94186257611948,0.26981395271014263,False,none,62.48823889954433,9.291921226140223,53.1963176734041,15622.059724886081,0.017357844138762315,3.3392477470077847e-15,0.0,0.6881334287532772,37.196271997762096,2.9134814499752957,16631.468458212923,kantrowitz_limit;nonlinear_acoustic_pulse,3.0,3.12296870989293,0.05
B,1.5,2.5,0.36,250,0.001,piston,105.28332617769094,101.325,3.9583261776909353,1.0390656420201425,441.7864669110647,0.531963176734041,80.08929532829632,0.23461960486214659,False,none,60.19125742109873,6.994939747694629,53.1963176734041,15047.814355274682,0.016719793728082983,3.756653715383758e-15,0.0,0.6881334287532772,37.196271997762096,2.9134814499752957,16631.468458212923,kantrowitz_limit;nonlinear_acoustic_pulse,4.0,3.12296870989293,0.05
B,1.5,2.5,0.36,250,0.003,piston,357.77147086107624,303.975,53.796470861076216,1.1769766292000203,441.7864669110647,1.5958895302021232,163.69269557583866,0.48814770185495576,False,none,254.65516419620792,95.0662111759956,159.58895302021233,63663.79104905198,0.07073754561005775,1.6696238735038922e-15,1.530713704517682e-16,0.6881334287532771,111.5888159932863,2.9134814499752957,49894.40537463877,kantrowitz_limit;nonlinear_acoustic_pulse,0.0,3.122968709892931,0.05
B,1.5,2.5,0.36,250,0.003,piston,354.8510044450179,303.975,50.876004445017884,1.1673690416811182,441.7864669110647,1.5958895302021232,159.6153711078808,0.47543170131184953,False,none,249.4942740374766,89.90532101726428,159.58895302021233,62373.56850936915,0.06930396501041017,4.1740596837597304e-16,0.0,0.6881334287532771,111.5888159932863,2.9134814499752957,49894.40537463877,kantrowitz_limit;nonlinear_acoustic_pulse,0.1,3.122968709892931,0.05
B,1.5,2.5,0.36,250,0.003,piston,350.89833878440106,303.975,46.92333878440104,1.1543657826610776,441.7864669110647,1.5958895302021232,153.8523316858437,0.45753312939358504,False,none,242.50933724913818,82.92038422892587,159.58895302021233,60627.33431228455,0.06736370479142727,6.95676613959955e-16,0.0,0.6881334287532771,111.5888159932863,2.9134814499752957,49894.40537463877,kantrowitz_limit;nonlinear_acoustic_pulse,0.25,3.122968709892931,0.05
B,1.5,2.5,0.36,250,0.003,piston,345.2666801126026,303.975,41.29168011260259,1.1358390660830746,441.7864669110647,1.5958895302021232,145.08946546147038,0.43047758063394587,False,none,232.55737489928663,72.96842187907428,159.58895302021233,58139.34372482166,0.06459927080535739,1.6696238735038922e-15,0.0,0.6881334287532771,111.5888159932863,2.9134814499752957,49894.40537463877,kantrowitz_limit;nonlinear_acoustic_pulse,0.5,3.122968709892931,0.05
B,1.5,2.5,0.36,250,0.003,piston,336.67333978597946,303.975,32.69833978597944,1.1075691743925633,441.7864669110647,1.5958895302021232,130.17687835443667,0.38484407492226674,False,none,217.37168905183376,57.782736031621425,159.58895302021233,54342.92226295844,0.060381024736620485,2.78270645583982e-16,0.0,0.6881334287532771,111.5888159932863,2.9134814499752957,49894.40537463877,kantrowitz_limit;nonlinear_acoustic_pulse,1.0,3.122968709892931,0.05
B,1.5,2.5,0.36,250,0.003,piston,330.51253215588537,303.975,26.537532155885344,1.0873016930862254,441.7864669110647,1.5958895302021232,117.97986633052165,0.34786683303413923,False,none,206.48464330696174,46.89569028674942,159.58895302021233,51621.16082674044,0.05735684536304493,1.808759196295883e-15,0.0,0.6881334287532771,111.5888159932863,2.9134814499752957,49894.40537463877,kantrowitz_limit;nonlinear_acoustic_pulse,1.5,3.122968709892931,0.05
B,1.5,2.5,0.36,250,0.003,piston,325.9445180581975,303.975,21.96951805819748,1.0722740951005756,441.7864669110647,1.5958895302021232,107.83219354168843,0.3173146322706318,False,none,198.41229607089193,38.82334305067959,159.58895302021233,49603.07401772298,0.05511452668635887,0.0,0.0,0.6881334287532771,111.5888159932863,2.9134814499752957,49894.40537463877,kantrowitz_limit;nonlinear_acoustic_pulse,2.0,3.122968709892931,0.05
B,1.5,2.5,0.36,250,0.003,piston,319.74945540224775,303.975,15.774455402247725,1.0518939235208413,441.7864669110647,1.5958895302021232,91.94186257611948,0.26981395271014263,False,none,187.46471669863305,27.875763678420718,159.58895302021233,46866.17917465826,0.05207353241628696,7.513307430767515e-15,1.3050687504242106e-16,0.6881334287532771,111.5888159932863,2.9134814499752957,49894.40537463877,kantrowitz_limit;nonlinear_acoustic_pulse,3.0,3.122968709892931,0.05
B,1.5,2.5,0.36,250,0.003,piston,315.8499785330728,303.975,11.874978533072749,1.0390656420201423,441.7864669110647,1.5958895302021232,80.08929532829632,0.23461960486214659,False,none,180.57377226329612,20.984819243083788,159.58895302021233,45143.44306582403,0.050159381184248925,3.4783830697997754e-15,0.0,0.6881334287532771,111.5888159932863,2.9134814499752957,49894.40537463877,kantrowitz_limit;nonlinear_acoustic_pulse,4.0,3.122968709892931,0.05
B,1.5,2.5,0.36,250,0.01,piston,1192.5715695369204,1013.25,179.32156953692038,1.17697662920002,441.7864669110647,5.31963176734041,163.6926955758383,0.48814770185495465,False,none,848.8505473206924,316.8873705866514,531.963176734041,212212.63683017308,0.23579181870019233,1.335699098803114e-15,1.836856445421222e-16,0.6881334287532772,371.96271997762096,2.9134814499752957,166314.68458212924,kantrowitz_limit;nonlinear_acoustic_pulse,0.0,3.1229687098929606,0.05
B,1.5,2.5,0.36,250,0.01,piston,1182.8366814833926,1013.25,169.58668148339257,1.1673690416811178,441.7864669110647,5.31963176734041,159.6153711078808,0.47543170131184953,False,none,831.6475801249212,299.6844033908803,531.963176734041,207911.8950312303,0.231013216701367,0.0,1.9422986399978504e-16,0.6881334287532772,371.96271997762096,2.9134814499752957,166314.68458212924,kantrowitz_limit;nonlinear_acoustic_pulse,0.1,3.1229687098929606,0.05
B,1.5,2.5,0.36,250,0.01,piston,1169.6611292813368,1013.25,156.4111292813368,1.1543657826610776,441.7864669110647,5.31963176734041,153.8523316858437,0.45753312939358504,False,none,808.3644574971272,276.4012807630862,531.963176734041,202091.1143742818,0.22454568263809088,8.348119367519462e-16,0.0,0.6881334287532772,371.96271997762096,2.9134814499752957,166314.68458212924,kantrowitz_limit;nonlinear_acoustic_pulse,0.25,3.1229687098929606,0.05
B,1.5,2.5,0.36,250,0.01,piston,1150.8889337086753,1013.25,137.63893370867527,1.1358390660830746,441.7864669110647,5.31963176734041,145.08946546147038,0.43047758063394587,False,none,775.1912496642885,243.22807293024755,531.963176734041,193797.81241607212,0.2153309026845246,1.8365862608542815e-15,0.0,0.6881334287532772,371.96271997762096,2.9134814499752957,166314.68458212924,kantrowitz_limit;nonlinear_acoustic_pulse,0.5,3.1229687098929606,0.05
B,1.5,2.5,0.36,250,0.01,piston,1122.2444659532648,1013.25,108.99446595326481,1.1075691743925633,441.7864669110647,5.31963176734041,130.17687835443667,0.38484407492226674,False,none,724.5722968394457,192.60912010540474,531.963176734041,181143.07420986143,0.2012700824554016,3.339247747007785e-16,0.0,0.6881334287532772,371.96271997762096,2.9134814499752957,166314.68458212924,kantrowitz_limit;nonlinear_acoustic_pulse,1.0,3.1229687098929606,0.05
B,1.5,2.5,0.36,250,0.01,piston,1101.7084405196179,1013.25,88.45844051961785,1.0873016930862254,441.7864669110647,5.31963176734041,117.97986633052165,0.34786683303413923,False,none,688.2821443565391,156.31896762249812,531.963176734041,172070.53608913478,0.19118948454348308,1.8365862608542815e-15,1.8618233538375127e-16,0.6881334287532772,371.96271997762096,2.9134814499752957,166314.68458212924,kantrowitz_limit;nonlinear_acoustic_pulse,1.5,3.1229687098929606,0.05
B,1.5,2.5,0.36,250,0.01,piston,1086.4817268606582,1013.25,73.23172686065823,1.0722740951005756,441.7864669110647,5.31963176734041,107.83219354168843,0.3173146322706318,False,none,661.3743202363062,129.41114350226525,531.963176734041,165343.58005907654,0.18371508895452948,0.0,0.0,0.6881334287532772,371.96271997762096,2.9134814499752957,166314.68458212924,kantrowitz_limit;nonlinear_acoustic_pulse,2.0,3.1229687098929606,0.05
B,1.5,2.5,0.36,250,0.01,piston,1065.8315180074921,1013.25,52.58151800749215,1.051893923520841,441.7864669110647,5.31963176734041,91.94186257611948,0.26981395271014263,False,none,624.8823889954429,92.91921226140192,531.963176734041,156220.59724886072,0.17357844138762302,3.3392477470077847e-15,1.5660825005090607e-16,0.6881334287532772,371.96271997762096,2.9134814499752957,166314.68458212924,kantrowitz_limit;nonlinear_acoustic_pulse,3.0,3.1229687098929606,0.05
B,1.5,2.5,0.36,250,0.01,piston,1052.8332617769095,1013.25,39.58326177690947,1.0390656420201425,441.7864669110647,5.31963176734041,80.0892953282971,0.23461960486214894,False,none,601.9125742109875,69.9493974769465,531.963176734041,150478.1435527469,0.16719793728082985,3.840134909058952e-15,0.0,0.6881334287532772,371.96271997762096,2.9134814499752957,166314.68458212924,kantrowitz_limit;nonlinear_acoustic_pulse,4.0,3.1229687098929606,0.05
B,1.5,2.5,0.36,250,0.03,piston,3577.714708610761,3039.75,537.9647086107611,1.17697662920002,441.7864669110647,15.958895302021233,163.6926955758383,0.48814770185495465,False,none,2546.5516419620776,950.6621117599543,1595.8895302021233,636637.9104905194,0.7073754561005771,1.2243908405695209e-15,1.2245709636141482e-16,0.688133428753277,1115.8881599328631,2.9134814499752957,498944.0537463877,kantrowitz_limit;nonlinear_acoustic_pulse,0.0,3.122968709892931,0.05
B,1.5,2.5,0.36,250,0.03,piston,3548.5100444501777,3039.75,508.7600444501777,1.1673690416811178,441.7864669110647,15.958895302021233,159.6153711078808,0.47543170131184953,False,none,2494.942740374764,899.0532101726409,1595.8895302021233,623735.685093691,0.6930396501041012,0.0,0.0,0.688133428753277,1115.8881599328631,2.9134814499752957,498944.0537463877,kantrowitz_limit;nonlinear_acoustic_pulse,0.1,3.122968709892931,0.05
B,1.5,2.5,0.36,250,0.03,piston,3508.9833878440104,3039.75,469.2333878440104,1.1543657826610776,441.7864669110647,15.958895302021233,153.8523316858437,0.45753312939358504,False,none,2425.093372491382,829.2038422892587,1595.8895302021233,606273.3431228455,0.6736370479142728,6.678495494015569e-16,1.4039409357479146e-16,0.688133428753277,1115.8881599328631,2.9134814499752957,498944.0537463877,kantrowitz_limit;nonlinear_acoustic_pulse,0.25,3.122968709892931,0.05
B,1.5,2.5,0.36,250,0.03,piston,3452.666801126026,3039.75,412.9168011260258,1.1358390660830746,441.7864669110647,15.958895302021233,145.08946546147038,0.43047758063394587,False,none,2325.573748992866,729.6842187907426,1595.8895302021233,581393.4372482165,0.6459927080535739,1.5583156152702993e-15,0.0,0.688133428753277,1115.8881599328631,2.9134814499752957,498944.0537463877,kantrowitz_limit;nonlinear_acoustic_pulse,0.5,3.122968709892931,0.05
B,1.5,2.5,0.36,250,0.03,piston,3366.7333978597944,3039.75,326.9833978597944,1.1075691743925633,441.7864669110647,15.958895302021233,130.17687835443667,0.38484407492226674,False,none,2173.7168905183376,577.8273603162143,1595.8895302021233,543429.2226295844,0.6038102473662049,2.2261651646718563e-16,0.0,0.688133428753277,1115.8881599328631,2.9134814499752957,498944.0537463877,kantrowitz_limit;nonlinear_acoustic_pulse,1.0,3.122968709892931,0.05
B,1.5,2.5,0.36,250,0.03,piston,3305.1253215588536,3039.75,265.37532155885356,1.0873016930862254,441.7864669110647,15.958895302021233,117.97986633052165,0.34786683303413923,False,none,2064.846433069618,468.9569028674944,1595.8895302021233,516211.6082674045,0.5735684536304494,1.780932131737485e-15,0.0,0.688133428753277,1115.8881599328631,2.9134814499752957,498944.0537463877,kantrowitz_limit;nonlinear_acoustic_pulse,1.5,3.122968709892931,0.05
B,1.5,2.5,0.36,250,0.03,piston,3259.4451805819754,3039.75,219.69518058197536,1.0722740951005758,441.7864669110647,15.958895302021233,107.83219354168843,0.3173146322706318,False,none,1984.1229607089203,388.23343050679694,1595.8895302021233,496030.7401772301,0.551145266863589,0.0,1.4992954325824946e-16,0.688133428753277,1115.8881599328631,2.9134814499752957,498944.0537463877,kantrowitz_limit;nonlinear_acoustic_pulse,2.0,3.122968709892931,0.05
B,1.5,2.5,0.36,250,0.03,piston,3197.494554022477,3039.75,157.74455402247713,1.0518939235208413,441.7864669110647,15.958895302021233,91.94186257611948,0.26981395271014263,False,none,1874.6471669863304,278.75763678420697,1595.8895302021233,468661.7917465826,0.5207353241628695,3.2279394887741912e-15,2.0881100006787387e-16,0.688133428753277,1115.8881599328631,2.9134814499752957,498944.0537463877,kantrowitz_limit;nonlinear_acoustic_pulse,3.0,3.122968709892931,0.05
B,1.5,2.5,0.36,250,0.03,piston,3158.4997853307273,3039.75,118.74978533072726,1.0390656420201423,441.7864669110647,15.958895302021233,80.08929532829632,0.23461960486214659,False,none,1805.7377226329609,209.84819243083749,1595.8895302021233,451434.4306582402,0.5015938118424891,3.2279394887741912e-15,0.0,0.688133428753277,1115.8881599328631,2.9134814499752957,498944.0537463877,kantrowitz_limit;nonlinear_acoustic_pulse,4.0,3.122968709892931,0.05
B,1.5,2.5,0.36,250,0.1,piston,11925.715695369207,10132.5,1793.2156953692065,1.1769766292000203,441.7864669110647,53.1963176734041,163.69269557583866,0.48814770185495576,False,none,8488.50547320693,3168.8737058665192,5319.631767340411,2122126.3683017325,2.357918187001925,1.6028389185637366e-15,0.0,0.6881334287532771,3719.6271997762096,2.9134814499752957,1663146.8458212924,kantrowitz_limit;nonlinear_acoustic_pulse,0.0,3.122968709892931,0.05
B,1.5,2.5,0.36,250,0.1,piston,11828.36681483393,10132.5,1695.8668148339293,1.1673690416811182,441.7864669110647,53.1963176734041,159.6153711078808,0.47543170131184953,False,none,8316.47580124922,2996.8440339088093,5319.631767340411,2079118.950312305,2.310132167013672,2.671398197606228e-16,1.5538389119982772e-16,0.6881334287532771,3719.6271997762096,2.9134814499752957,1663146.8458212924,kantrowitz_limit;nonlinear_acoustic_pulse,0.1,3.122968709892931,0.05
B,1.5,2.5,0.36,250,0.1,piston,11696.611292813368,10132.5,1564.111292813368,1.1543657826610776,441.7864669110647,53.1963176734041,153.8523316858437,0.45753312939358504,False,none,8083.644574971273,2764.0128076308624,5319.631767340411,2020911.1437428182,2.2454568263809094,9.349893691621798e-16,0.0,0.6881334287532771,3719.6271997762096,2.9134814499752957,1663146.8458212924,kantrowitz_limit;nonlinear_acoustic_pulse,0.25,3.122968709892931,0.05
B,1.5,2.5,0.36,250,0.1,piston,11508.889337086752,10132.5,1376.3893370867518,1.1358390660830744,441.7864669110647,53.1963176734041,145.08946546147038,0.43047758063394587,False,none,7751.912496642884,2432.280729302474,5319.631767340411,1937978.1241607212,2.1533090268452457,1.6028389185637366e-15,0.0,0.6881334287532771,3719.6271997762096,2.9134814499752957,1663146.8458212924,kantrowitz_limit;nonlinear_acoustic_pulse,0.5,3.122968709892931,0.05
B,1.5,2.5,0.36,250,0.1,piston,11222.444659532648,10132.5,1089.944659532648,1.1075691743925633,441.7864669110647,53.1963176734041,130.17687835443667,0.38484407492226674,False,none,7245.722968394459,1926.0912010540474,5319.631767340411,1811430.7420986148,2.0127008245540163,4.0070972964093414e-16,1.2088246056388907e-16,0.6881334287532771,3719.6271997762096,2.9134814499752957,1663146.8458212924,kantrowitz_limit;nonlinear_acoustic_pulse,1.0,3.122968709892931,0.05
B,1.5,2.5,0.36,250,0.1,piston,11017.084405196178,10132.5,884.5844051961776,1.0873016930862254,441.7864669110647,53.1963176734041,117.97986633052165,0.34786683303413923,False,none,6882.821443565391,1563.1896762249796,5319.631767340411,1720705.3608913478,1.9118948454348308,1.6028389185637366e-15,1.4894586830700117e-16,0.6881334287532771,3719.6271997762096,2.9134814499752957,1663146.8458212924,kantrowitz_limit;nonlinear_acoustic_pulse,1.5,3.122968709892931,0.05
B,1.5,2.5,0.36,250,0.1,piston,10864.817268606585,10132.5,732.3172686065845,1.0722740951005758,441.7864669110647,53.1963176734041,107.83219354168843,0.3173146322706318,False,none,6613.743202363067,1294.1114350226565,5319.631767340411,1653435.8005907668,1.8371508895452964,0.0,1.7991545190989936e-16,0.6881334287532771,3719.6271997762096,2.9134814499752957,1663146.8458212924,kantrowitz_limit;nonlinear_acoustic_pulse,2.0,3.122968709892931,0.05
B,1.5,2.5,0.36,250,0.1,piston,10658.315180074924,10132.5,525.8151800749238,1.0518939235208413,441.7864669110647,53.1963176734041,91.94186257611948,0.26981395271014263,False,none,6248.823889954434,929.1921226140232,5319.631767340411,1562205.9724886084,1.7357844138762317,3.3392477470077847e-15,0.0,0.6881334287532771,3719.6271997762096,2.9134814499752957,1663146.8458212924,kantrowitz_limit;nonlinear_acoustic_pulse,3.0,3.122968709892931,0.05
B,1.5,2.5,0.36,250,0.1,piston,10528.33261776909,10132.5,395.8326177690906,1.039065642020142,441.7864669110647,53.1963176734041,80.08929532829632,0.23461960486214659,False,none,6019.125742109869,699.4939747694577,5319.631767340411,1504781.4355274672,1.671979372808297,3.3392477470077847e-15,1.6642791221368772e-16,0.6881334287532771,3719.6271997762096,2.9134814499752957,1663146.8458212924,kantrowitz_limit;nonlinear_acoustic_pulse,4.0,3.122968709892931,0.05
B,1.5,2.5,0.36,300,0.001,piston,127.29317763056451,101.325,25.96817763056451,1.2562859869781842,530.1437602932776,0.6383558120808492,192.80528076981193,0.5803455840908995,False,none,122.49225523980606,45.88955779010415,76.6026974497019,36747.67657194182,0.03402562645550168,1.0435149209399327e-15,1.3212805491725702e-16,0.6491635937596485,44.635526397314514,2.9134814499752957,19957.76214985551,kantrowitz_limit;nonlinear_acoustic_pulse,0.0,4.4631474451891915,0.05
B,1.5,2.5,0.36,300,0.001,piston,125.8759408626878,101.325,24.550940862687796,1.242298947571555,530.1437602932776,0.6383558120808492,188.1640035843575,0.5654701394039823,False,none,119.98779114197922,43.38509369227731,76.6026974497019,35996.33734259377,0.033329941983883116,3.4783830697997757e-16,1.397553282891448e-16,0.6491635937596485,44.635526397314514,2.9134814499752957,19957.76214985551,kantrowitz_limit;nonlinear_acoustic_pulse,0.1,4.4631474451891915,0.05
B,1.5,2.5,0.36,300,0.001,piston,123.95915959752715,101.325,22.634159597527145,1.2233817872936308,530.1437602932776,0.6383558120808492,181.58502245667395,0.5445040822026973,False,none,116.60055905007263,39.99786160037073,76.6026974497019,34980.16771502179,0.032389044180575734,1.7391915348998879e-16,0.0,0.6491635937596485,44.635526397314514,2.9134814499752957,19957.76214985551,kantrowitz_limit;nonlinear_acoustic_pulse,0.25,4.4631474451891915,0.05
B,1.5,2.5,0.36,300,0.001,piston,121.23088777192497,101.325,19.905887771924967,1.1964558378675052,530.1437602932776,0.6383558120808492,171.54013001807687,0.5127504950795566,False,none,111.77930476764949,35.176607317947585,76.6026974497019,33533.79143029485,0.031049806879902636,6.956766139599551e-16,1.723673336946836e-16,0.6491635937596485,44.635526397314514,2.9134814499752957,19957.76214985551,kantrowitz_limit;nonlinear_acoustic_pulse,0.5,4.4631474451891915,0.05
B,1.5,2.5,0.36,300,0.001,piston,117.07398768721448,101.325,15.74898768721448,1.1554304237573598,530.1437602932776,0.6383558120808492,154.33544834675797,0.4590302908430136,False,none,104.43345596074329,27.830758511041378,76.6026974497019,31330.036788222988,0.02900929332242869,0.0,0.0,0.6491635937596485,44.635526397314514,2.9134814499752957,19957.76214985551,kantrowitz_limit;nonlinear_acoustic_pulse,1.0,4.4631474451891915,0.05
B,1.5,2.5,0.36,300,0.001,piston,114.09839133817971,101.325,12.773391338179707,1.1260635710651834,530.1437602932776,0.6383558120808492,140.16598030628538,0.41535649494352733,False,none,99.17514316876914,22.572445719067236,76.6026974497019,29752.54295063074,0.02754865088021365,8.69595767449944e-16,0.0,0.6491635937596485,44.635526397314514,2.9134814499752957,19957.76214985551,kantrowitz_limit;nonlinear_acoustic_pulse,1.5,4.4631474451891915,0.05
B,1.5,2.5,0.36,300,0.001,piston,111.8945811831472,101.325,10.569581183147193,1.1043136558909172,530.1437602932776,0.6383558120808492,128.3146853682804,0.3791793553836918,False,none,95.28068916023098,18.677991710529074,76.6026974497019,28584.206748069293,0.02646685810006416,0.0,1.6231129410988937e-16,0.6491635937596485,44.635526397314514,2.9134814499752957,19957.76214985551,kantrowitz_limit;nonlinear_acoustic_pulse,2.0,4.4631474451891915,0.05
B,1.5,2.5,0.36,300,0.001,piston,108.90919288799998,101.325,7.584192887999976,1.074850164204293,530.1437602932776,0.6383558120808492,109.65178147683639,0.3227797081050021,False,none,90.00507257114803,13.402375121446132,76.6026974497019,27001.52177134441,0.02500140904754112,1.9131106883898764e-15,0.0,0.6491635937596485,44.635526397314514,2.9134814499752957,19957.76214985551,kantrowitz_limit;nonlinear_acoustic_pulse,3.0,4.4631474451891915,0.05
B,1.5,2.5,0.36,300,0.001,piston,107.03203550458001,101.325,5.707035504580006,1.0563240612344438,530.1437602932776,0.6383558120808492,95.65587856437486,0.28088174739053345,False,none,86.68786165811953,10.085164208417623,76.6026974497019,26006.35849743586,0.02407996157169987,3.478383069799776e-15,1.5030241170388592e-16,0.6491635937596485,44.635526397314514,2.9134814499752957,19957.76214985551,kantrowitz_limit;nonlinear_acoustic_pulse,4.0,4.4631474451891915,0.05
B,1.5,2.5,0.36,300,0.003,piston,381.87953289169354,303.975,77.90453289169352,1.2562859869781842,530.1437602932776,1.915067436242548,192.80528076981193,0.5803455840908995,False,none,367.47676571941815,137.66867337031243,229.80809234910572,110243.02971582544,0.10207687936650504,1.0435149209399325e-15,0.0,0.6491635937596485,133.90657919194356,2.9134814499752957,59873.286449566534,kantrowitz_limit;nonlinear_acoustic_pulse,0.0,4.4631474451891915,0.05
B,1.5,2.5,0.36,300,0.003,piston,377.6278225880636,303.975,73.6528225880636,1.2422989475715556,530.1437602932776,1.915067436242548,188.16400358435777,0.5654701394039833,False,none,359.963373425938,130.1552810768323,229.80809234910572,107989.0120277814,0.09998982595164944,8.116227162866143e-16,0.0,0.6491635937596485,133.90657919194356,2.9134814499752957,59873.286449566534,kantrowitz_limit;nonlinear_acoustic_pulse,0.1,4.4631474451891915,0.05
B,1.5,2.5,0.36,300,0.003,piston,371.8774787925815,303.975,67.90247879258146,1.223381787293631,530.1437602932776,1.915067436242548,181.58502245667395,0.5445040822026973,False,none,349.801677150218,119.99358480111223,229.80809234910572,104940.50314506539,0.09716713254172722,1.1594610232665918e-16,2.0212073910015626e-16,0.6491635937596485,133.90657919194356,2.9134814499752957,59873.286449566534,kantrowitz_limit;nonlinear_acoustic_pulse,0.25,4.4631474451891915,0.05
B,1.5,2.5,0.36,300,0.003,piston,363.69266331577484,303.975,59.717663315774814,1.196455837867505,530.1437602932776,1.915067436242548,171.54013001807652,0.5127504950795555,False,none,335.3379143029483,105.5298219538426,229.80809234910572,100601.3742908845,0.09314942063970787,3.478383069799775e-16,1.149115557964559e-16,0.6491635937596485,133.90657919194356,2.9134814499752957,59873.286449566534,kantrowitz_limit;nonlinear_acoustic_pulse,0.5,4.4631474451891915,0.05
B,1.5,2.5,0.36,300,0.003,piston,351.2219630616435,303.975,47.2469630616435,1.15543042375736,530.1437602932776,1.915067436242548,154.33544834675837,0.45903029084301483,False,none,313.30036788223,83.49227553312424,229.80809234910572,93990.11036466899,0.0870278799672861,1.7391915348998875e-15,0.0,0.6491635937596485,133.90657919194356,2.9134814499752957,59873.286449566534,kantrowitz_limit;nonlinear_acoustic_pulse,1.0,4.4631474451891915,0.05
B,1.5,2.5,0.36,300,0.003,piston,342.29517401453916,303.975,38.320174014539134,1.1260635710651834,530.1437602932776,1.915067436242548,140.16598030628538,0.41535649494352733,False,none,297.52542950630743,67.71733715720173,229.80809234910572,89257.62885189222,0.08264595264064095,8.116227162866143e-16,1.7907668158137816e-16,0.6491635937596485,133.90657919194356,2.9134814499752957,59873.286449566534,kantrowitz_limit;nonlinear_acoustic_pulse,1.5,4.4631474451891915,0.05
B,1.5,2.5,0.36,300,0.003,piston,335.68374354944166,303.975,31.708743549441635,1.1043136558909175,530.1437602932776,1.915067436242548,128.3146853682804,0.3791793553836918,False,none,285.84206748069306,56.033975131587326,229.80809234910572,85752.62024420792,0.07940057430019251,0.0,2.1641505881318544e-16,0.6491635937596485,133.90657919194356,2.9134814499752957,59873.286449566534,kantrowitz_limit;nonlinear_acoustic_pulse,2.0,4.4631474451891915,0.05
B,1.5,2.5,0.36,300,0.003,piston,326.72757866399996,303.975,22.75257866399994,1.074850164204293,530.1437602932776,1.915067436242548,109.65178147683639,0.3227797081050021,False,none,270.01521771344414,40.207125364338424,229.80809234910572,81004.56531403324,0.07500422714262338,1.971083739553206e-15,0.0,0.6491635937596485,133.90657919194356,2.9134814499752957,59873.286449566534,kantrowitz_limit;nonlinear_acoustic_pulse,3.0,4.4631474451891915,0.05
B,1.5,2.5,0.36,300,0.003,piston,321.09610651374004,303.975,17.121106513740017,1.0563240612344438,530.1437602932776,1.915067436242548,95.65587856437486,0.28088174739053345,False,none,260.0635849743586,30.25549262525287,229.80809234910572,78019.07549230759,0.07223988471509961,3.478383069799775e-15,0.0,0.6491635937596485,133.90657919194356,2.9134814499752957,59873.286449566534,kantrowitz_limit;nonlinear_acoustic_pulse,4.0,4.4631474451891915,0.05
B,1.5,2.5,0.36,300,0.01,piston,1272.9317763056451,1013.25,259.68177630564514,1.2562859869781842,530.1437602932776,6.383558120808493,192.80528076981193,0.5803455840908995,False,none,1224.9225523980608,458.8955779010416,766.0269744970192,367476.76571941824,0.3402562645550169,1.113082582335928e-15,2.114048878676112e-16,0.6491635937596486,446.35526397314516,2.9134814499752957,199577.6214985551,kantrowitz_limit;nonlinear_acoustic_pulse,0.0,4.463147445189227,0.05
B,1.5,2.5,0.36,300,0.01,piston,1258.7594086268787,1013.25,245.50940862687867,1.2422989475715556,530.1437602932776,6.383558120808493,188.16400358435777,0.5654701394039833,False,none,1199.8779114197935,433.85093692277434,766.0269744970192,359963.373425938,0.3332994198388315,6.95676613959955e-16,1.1180426263131552e-16,0.6491635937596486,446.35526397314516,2.9134814499752957,199577.6214985551,kantrowitz_limit;nonlinear_acoustic_pulse,0.1,4.463147445189227,0.05
B,1.5,2.5,0.36,300,0.01,piston,1239.5915959752715,1013.25,226.3415959752715,1.2233817872936308,530.1437602932776,6.383558120808493,181.58502245667395,0.5445040822026973,False,none,1166.0055905007266,399.9786160037074,766.0269744970192,349801.677150218,0.3238904418057574,0.0,1.212724434600938e-16,0.6491635937596486,446.35526397314516,2.9134814499752957,199577.6214985551,kantrowitz_limit;nonlinear_acoustic_pulse,0.25,4.463147445189227,0.05
B,1.5,2.5,0.36,300,0.01,piston,1212.3088777192493,1013.25,199.05887771924927,1.1964558378675048,530.1437602932776,6.383558120808493,171.54013001807652,0.5127504950795555,False,none,1117.7930476764943,351.76607317947514,766.0269744970192,335337.9143029483,0.3104980687990262,2.78270645583982e-16,0.0,0.6491635937596486,446.35526397314516,2.9134814499752957,199577.6214985551,kantrowitz_limit;nonlinear_acoustic_pulse,0.5,4.463147445189227,0.05
B,1.5,2.5,0.36,300,0.01,piston,1170.739876872145,1013.25,157.48987687214503,1.15543042375736,530.1437602932776,6.383558120808493,154.33544834675837,0.45903029084301483,False,none,1044.3345596074334,278.3075851104142,766.0269744970192,313300.36788223,0.2900929332242871,1.808759196295883e-15,0.0,0.6491635937596486,446.35526397314516,2.9134814499752957,199577.6214985551,kantrowitz_limit;nonlinear_acoustic_pulse,1.0,4.463147445189227,0.05
B,1.5,2.5,0.36,300,0.01,piston,1140.9839133817968,1013.25,127.73391338179681,1.1260635710651832,530.1437602932776,6.383558120808493,140.16598030628538,0.41535649494352733,False,none,991.7514316876911,225.7244571906719,766.0269744970192,297525.42950630735,0.27548650880213643,5.56541291167964e-16,0.0,0.6491635937596486,446.35526397314516,2.9134814499752957,199577.6214985551,kantrowitz_limit;nonlinear_acoustic_pulse,1.5,4.463147445189227,0.05
B,1.5,2.5,0.36,300,0.01,piston,1118.9458118314722,1013.25,105.69581183147216,1.1043136558909175,530.1437602932776,6.383558120808493,128.3146853682804,0.3791793553836918,False,none,952.8068916023103,186.77991710529116,766.0269744970192,285842.0674806931,0.2646685810006418,1.39135322791991e-16,0.0,0.6491635937596486,446.35526397314516,2.9134814499752957,199577.6214985551,kantrowitz_limit;nonlinear_acoustic_pulse,2.0,4.463147445189227,0.05
B,1.5,2.5,0.36,300,0.01,piston,1089.09192888,1013.25,75.84192888000007,1.0748501642042931,530.1437602932776,6.383558120808493,109.65178147683639,0.3227797081050021,False,none,900.050725711481,134.02375121446187,766.0269744970192,270015.2177134443,0.2500140904754114,2.0870298418798653e-15,1.8096189539172544e-16,0.6491635937596486,446.35526397314516,2.9134814499752957,199577.6214985551,kantrowitz_limit;nonlinear_acoustic_pulse,3.0,4.463147445189227,0.05
B,1.5,2.5,0.36,300,0.01,piston,1070.3203550457997,1013.25,57.070355045799715,1.0563240612344433,530.1437602932776,6.383558120808493,95.65587856437422,0.2808817473905315,False,none,866.8786165811948,100.85164208417564,766.0269744970192,260063.58497435844,0.24079961571699857,3.0609771014238024e-15,0.0,0.6491635937596486,446.35526397314516,2.9134814499752957,199577.6214985551,kantrowitz_limit;nonlinear_acoustic_pulse,4.0,4.463147445189227,0.05
B,1.5,2.5,0.36,300,0.03,piston,3818.7953289169354,3039.75,779.0453289169354,1.2562859869781842,530.1437602932776,19.15067436242548,192.80528076981193,0.5803455840908995,False,none,3674.767657194182,1376.6867337031247,2298.080923491057,1102430.2971582545,1.0207687936650505,9.275688186132733e-16,1.409365919117408e-16,0.6491635937596484,1339.0657919194357,2.9134814499752957,598732.8644956653,kantrowitz_limit;nonlinear_acoustic_pulse,0.0,4.463147445189192,0.05
B,1.5,2.5,0.36,300,0.03,piston,3776.2782258806355,3039.75,736.5282258806355,1.2422989475715553,530.1437602932776,19.15067436242548,188.16400358435777,0.5654701394039833,False,none,3599.6337342593793,1301.5528107683222,2298.080923491057,1079890.1202778139,0.9998982595164942,5.56541291167964e-16,1.4907235017508748e-16,0.6491635937596484,1339.0657919194357,2.9134814499752957,598732.8644956653,kantrowitz_limit;nonlinear_acoustic_pulse,0.1,4.463147445189192,0.05
B,1.5,2.5,0.36,300,0.03,piston,3718.7747879258145,3039.75,679.0247879258145,1.2233817872936308,530.1437602932776,19.15067436242548,181.58502245667395,0.5445040822026973,False,none,3498.0167715021794,1199.9358480111223,2298.080923491057,1049405.031450654,0.9716713254172721,0.0,0.0,0.6491635937596484,1339.0657919194357,2.9134814499752957,598732.8644956653,kantrowitz_limit;nonlinear_acoustic_pulse,0.25,4.463147445189192,0.05
B,1.5,2.5,0.36,300,0.03,piston,3636.926633157748,3039.75,597.1766331577478,1.1964558378675048,530.1437602932776,19.15067436242548,171.54013001807652,0.5127504950795555,False,none,3353.3791430294823,1055.2982195384254,2298.080923491057,1006013.7429088447,0.9314942063970784,1.8551376372265467e-16,0.0,0.6491635937596484,1339.0657919194357,2.9134814499752957,598732.8644956653,kantrowitz_limit;nonlinear_acoustic_pulse,0.5,4.463147445189192,0.05
B,1.5,2.5,0.36,300,0.03,piston,3512.219630616435,3039.75,472.4696306164351,1.15543042375736,530.1437602932776,19.15067436242548,154.33544834675837,0.45903029084301483,False,none,3133.0036788222997,834.9227553312426,2298.080923491057,939901.1036466899,0.870278799672861,1.669623873503892e-15,0.0,0.6491635937596484,1339.0657919194357,2.9134814499752957,598732.8644956653,kantrowitz_limit;nonlinear_acoustic_pulse,1.0,4.463147445189192,0.05
B,1.5,2.5,0.36,300,0.03,piston,3422.9517401453904,3039.75,383.20174014539043,1.1260635710651832,530.1437602932776,19.15067436242548,140.16598030628538,0.41535649494352733,False,none,2975.2542950630727,677.1733715720158,2298.080923491057,892576.2885189218,0.8264595264064091,5.56541291167964e-16,0.0,0.6491635937596484,1339.0657919194357,2.9134814499752957,598732.8644956653,kantrowitz_limit;nonlinear_acoustic_pulse,1.5,4.463147445189192,0.05
B,1.5,2.5,0.36,300,0.03,piston,3356.8374354944167,3039.75,317.0874354944167,1.1043136558909177,530.1437602932776,19.15067436242548,128.3146853682804,0.3791793553836918,False,none,2858.420674806931,560.3397513158739,2298.080923491057,857526.2024420793,0.7940057430019253,0.0,1.7313204705054817e-16,0.6491635937596484,1339.0657919194357,2.9134814499752957,598732.8644956653,kantrowitz_limit;nonlinear_acoustic_pulse,2.0,4.463147445189192,0.05
B,1.5,2.5,0.36,300,0.03,piston,3267.2757866399993,3039.75,227.5257866399993,1.074850164204293,530.1437602932776,19.15067436242548,109.65178147683639,0.3227797081050021,False,none,2700.152177134441,402.071253643384,2298.080923491057,810045.6531403323,0.7500422714262336,1.669623873503892e-15,1.206412635944841e-16,0.6491635937596484,1339.0657919194357,2.9134814499752957,598732.8644956653,kantrowitz_limit;nonlinear_acoustic_pulse,3.0,4.463147445189192,0.05
B,1.5,2.5,0.36,300,0.03,piston,3210.961065137399,3039.75,171.21106513739915,1.0563240612344433,530.1437602932776,19.15067436242548,95.65587856437422,0.2808817473905315,False,none,2600.635849743584,302.5549262525269,2298.080923491057,780190.7549230752,0.7223988471509956,3.1537339832851293e-15,0.0,0.6491635937596484,1339.0657919194357,2.9134814499752957,598732.8644956653,kantrowitz_limit;nonlinear_acoustic_pulse,4.0,4.463147445189192,0.05
B,1.5,2.5,0.36,300,0.1,piston,12729.317763056455,10132.5,2596.817763056455,1.2562859869781846,530.1437602932776,63.83558120808493,192.80528076981193,0.5803455840908995,False,none,12249.225523980615,4588.955779010422,7660.269744970192,3674767.657194184,3.4025626455501707,1.2243908405695209e-15,1.6912391029408874e-16,0.6491635937596486,4463.5526397314525,2.9134814499752957,1995776.2149855508,kantrowitz_limit;nonlinear_acoustic_pulse,0.0,4.463147445189192,0.05
B,1.5,2.5,0.36,300,0.1,piston,12587.594086268786,10132.5,2455.0940862687858,1.2422989475715556,530.1437602932776,63.83558120808493,188.16400358435777,0.5654701394039833,False,none,11998.779114197932,4338.509369227741,7660.269744970192,3599633.7342593796,3.3329941983883145,5.56541291167964e-16,1.7888682021010493e-16,0.6491635937596486,4463.5526397314525,2.9134814499752957,1995776.2149855508,kantrowitz_limit;nonlinear_acoustic_pulse,0.1,4.463147445189192,0.05
B,1.5,2.5,0.36,300,0.1,piston,12395.915959752716,10132.5,2263.415959752716,1.223381787293631,530.1437602932776,63.83558120808493,181.58502245667395,0.5445040822026973,False,none,11660.055905007268,3999.7861600370757,7660.269744970192,3498016.7715021805,3.2389044180575746,0.0,0.0,0.6491635937596486,4463.5526397314525,2.9134814499752957,1995776.2149855508,kantrowitz_limit;nonlinear_acoustic_pulse,0.25,4.463147445189192,0.05
B,1.5,2.5,0.36,300,0.1,piston,12123.088777192494,10132.5,1990.5887771924936,1.196455837867505,530.1437602932776,63.83558120808493,171.54013001807652,0.5127504950795555,False,none,11177.930476764945,3517.660731794753,7660.269744970192,3353379.1430294835,3.1049806879902624,2.2261651646718563e-16,2.2063018712919538e-16,0.6491635937596486,4463.5526397314525,2.9134814499752957,1995776.2149855508,kantrowitz_limit;nonlinear_acoustic_pulse,0.5,4.463147445189192,0.05
B,1.5,2.5,0.36,300,0.1,piston,11707.39876872145,10132.5,1574.8987687214503,1.15543042375736,530.1437602932776,63.83558120808493,154.33544834675837,0.45903029084301483,False,none,10443.345596074334,2783.0758511041417,7660.269744970192,3133003.6788223004,2.9009293322428706,1.6696238735038922e-15,1.394324457964364e-16,0.6491635937596486,4463.5526397314525,2.9134814499752957,1995776.2149855508,kantrowitz_limit;nonlinear_acoustic_pulse,1.0,4.463147445189192,0.05
B,1.5,2.5,0.36,300,0.1,piston,11409.839133817968,10132.5,1277.339133817968,1.1260635710651832,530.1437602932776,63.83558120808493,140.16598030628538,0.41535649494352733,False,none,9917.51431687691,2257.244571906719,7660.269744970192,2975254.295063073,2.754865088021364,5.56541291167964e-16,1.7191361431812343e-16,0.6491635937596486,4463.5526397314525,2.9134814499752957,1995776.2149855508,kantrowitz_limit;nonlinear_acoustic_pulse,1.5,4.463147445189192,0.05
B,1.5,2.5,0.36,300,0.1,piston,11189.458118314722,10132.5,1056.958118314722,1.1043136558909175,530.1437602932776,63.83558120808493,128.3146853682804,0.3791793553836918,False,none,9528.068916023105,1867.7991710529125,7660.269744970192,2858420.6748069315,2.646685810006418,0.0,2.0775845646065784e-16,0.6491635937596486,4463.5526397314525,2.9134814499752957,1995776.2149855508,kantrowitz_limit;nonlinear_acoustic_pulse,2.0,4.463147445189192,0.05
B,1.5,2.5,0.36,300,0.1,piston,10890.919288799998,10132.5,758.419288799998,1.074850164204293,530.1437602932776,63.83558120808493,109.65178147683639,0.3227797081050021,False,none,9000.507257114805,1340.237512144614,7660.269744970192,2700152.177134441,2.5001409047541125,1.8922403899710777e-15,1.4476951631338088e-16,0.6491635937596486,4463.5526397314525,2.9134814499752957,1995776.2149855508,kantrowitz_limit;nonlinear_acoustic_pulse,3.0,4.463147445189192,0.05
B,1.5,2.5,0.36,300,0.1,piston,10703.203550458,10132.5,570.7035504579999,1.0563240612344436,530.1437602932776,63.83558120808493,95.65587856437486,0.28088174739053345,False,none,8668.786165811953,1008.5164208417611,7660.269744970192,2600635.849743586,2.407996157169987,3.3392477470077843e-15,1.9238708698097418e-16,0.6491635937596486,4463.5526397314525,2.9134814499752957,1995776.2149855508,kantrowitz_limit;nonlinear_acoustic_pulse,4.0,4.463147445189192,0.05
B,1.5,2.5,0.36,350,0.001,piston,136.9072279109421,101.325,35.58222791094211,1.3511692860690068,618.5010536754905,0.7447484474276574,220.30840777371176,0.6700637947562994,False,none,167.1437696542696,62.87898701439755,104.26478263987204,58500.319378994354,0.04642882490396377,8.944413608056567e-16,0.0,0.6402051558925153,52.07478079686694,2.9134814499752957,23284.05584149809,kantrowitz_limit;nonlinear_acoustic_pulse,0.0,5.803326180485453,0.05
B,1.5,2.5,0.36,350,0.001,piston,134.95321195866296,101.325,33.62821195866296,1.3318846480006215,618.5010536754905,0.7447484474276574,215.20045885764088,0.6531852890169045,False,none,163.69073843888853,59.42595579901649,104.26478263987204,57291.758453610986,0.04546964956635793,1.1925884810742089e-15,0.0,0.6402051558925153,52.07478079686694,2.9134814499752957,23284.05584149809,kantrowitz_limit;nonlinear_acoustic_pulse,0.1,5.803326180485453,0.05
B,1.5,2.5,0.36,350,0.001,piston,132.31261739854767,101.325,30.98761739854767,1.3058240059072062,618.5010536754905,0.7447484474276574,207.938368220362,0.6293639148345381,False,none,159.0244226738569,54.759640033984844,104.26478263987204,55658.547935849914,0.04417345074273803,0.0,0.0,0.6402051558925153,52.07478079686694,2.9134814499752957,23284.05584149809,kantrowitz_limit;nonlinear_acoustic_pulse,0.25,5.803326180485453,0.05
B,1.5,2.5,0.36,350,0.001,piston,128.5584348568702,101.325,27.233434856870204,1.2687731049284008,618.5010536754905,0.7447484474276574,196.80242314823982,0.5932146071541161,False,none,152.39023450894933,48.125451869077295,104.26478263987204,53336.58207813227,0.042330620696930374,0.0,0.0,0.6402051558925153,52.07478079686694,2.9134814499752957,23284.05584149809,kantrowitz_limit;nonlinear_acoustic_pulse,0.5,5.803326180485453,0.05
B,1.5,2.5,0.36,350,0.001,piston,122.84832027706489,101.325,21.523320277064883,1.2124186555841587,618.5010536754905,0.7447484474276574,177.59818839576326,0.5318646933460912,False,none,142.29962912547114,38.03484648559909,104.26478263987204,49804.8701939149,0.03952767475707532,5.962942405371044e-16,0.0,0.6402051558925153,52.07478079686694,2.9134814499752957,23284.05584149809,kantrowitz_limit;nonlinear_acoustic_pulse,1.0,5.803326180485453,0.05
B,1.5,2.5,0.36,350,0.001,piston,118.76831924983006,101.325,17.443319249830054,1.1721521761641258,618.5010536754905,0.7447484474276574,161.6634915688965,0.4818136155366521,False,none,135.08967217020876,30.82488953033673,104.26478263987204,47281.385259573064,0.037524908936169096,8.944413608056567e-16,0.0,0.6402051558925153,52.07478079686694,2.9134814499752957,23284.05584149809,kantrowitz_limit;nonlinear_acoustic_pulse,1.5,5.803326180485453,0.05
B,1.5,2.5,0.36,350,0.001,piston,115.75057533589845,101.325,14.425575335898444,1.1423693593476283,618.5010536754905,0.7447484474276574,148.25833670586354,0.4402399584352778,False,none,129.7568784830959,25.492095843223872,104.26478263987204,45414.90746908357,0.03604357735641553,2.981471202685522e-16,2.0387152996449482e-16,0.6402051558925153,52.07478079686694,2.9134814499752957,23284.05584149809,kantrowitz_limit;nonlinear_acoustic_pulse,2.0,5.803326180485453,0.05
B,1.5,2.5,0.36,350,0.001,piston,111.66806821919609,101.325,10.343068219196084,1.1020781467475558,618.5010536754905,0.7447484474276574,127.0159758117494,0.3752329329023709,False,none,122.54249290218706,18.277710262315022,104.26478263987204,42889.87251576547,0.03403958136171863,5.962942405371044e-16,0.0,0.6402051558925153,52.07478079686694,2.9134814499752957,23284.05584149809,kantrowitz_limit;nonlinear_acoustic_pulse,3.0,5.803326180485453,0.05
B,1.5,2.5,0.36,350,0.001,piston,109.10429150609464,101.325,7.779291506094637,1.0767756378593105,618.5010536754905,0.7447484474276574,110.98876324578042,0.32679890045857124,False,none,118.01192547806725,13.747142838195218,104.26478263987204,41304.17391732354,0.03278109041057424,0.0,0.0,0.6402051558925153,52.07478079686694,2.9134814499752957,23284.05584149809,kantrowitz_limit;nonlinear_acoustic_pulse,4.0,5.803326180485453,0.05
B,1.5,2.5,0.36,350,0.003,piston,410.72168373282636,303.975,106.74668373282634,1.3511692860690068,618.5010536754905,2.2342453422829727,220.30840777371176,0.6700637947562994,False,none,501.4313089628089,188.63696104319268,312.7943479196162,175500.9581369831,0.13928647471189134,7.950589873828058e-16,0.0,0.6402051558925153,156.2243423906008,2.9134814499752957,69852.16752449429,kantrowitz_limit;nonlinear_acoustic_pulse,0.0,5.803326180485453,0.05
B,1.5,2.5,0.36,350,0.003,piston,404.8596358759889,303.975,100.88463587598886,1.3318846480006212,618.5010536754905,2.2342453422829727,215.20045885764088,0.6531852890169045,False,none,491.0722153166656,178.27786739704945,312.7943479196162,171875.27536083298,0.13640894869907377,0.0,0.0,0.6402051558925153,156.2243423906008,2.9134814499752957,69852.16752449429,kantrowitz_limit;nonlinear_acoustic_pulse,0.1,5.803326180485453,0.05
B,1.5,2.5,0.36,350,0.003,piston,396.93785219564313,303.975,92.96285219564311,1.3058240059072066,618.5010536754905,2.2342453422829727,207.93836822036232,0.629363914834539,False,none,477.0732680215709,164.27892010195472,312.7943479196162,166975.64380754982,0.13252035222821415,1.9876474684570144e-16,0.0,0.6402051558925153,156.2243423906008,2.9134814499752957,69852.16752449429,kantrowitz_limit;nonlinear_acoustic_pulse,0.25,5.803326180485453,0.05
B,1.5,2.5,0.36,350,0.003,piston,385.67530457061065,303.975,81.70030457061063,1.2687731049284008,618.5010536754905,2.2342453422829727,196.80242314823982,0.5932146071541161,False,none,457.1707035268481,144.37635560723191,312.7943479196162,160009.74623439685,0.12699186209079114,0.0,1.4398791435622756e-16,0.6402051558925153,156.2243423906008,2.9134814499752957,69852.16752449429,kantrowitz_limit;nonlinear_acoustic_pulse,0.5,5.803326180485453,0.05
B,1.5,2.5,0.36,350,0.003,piston,368.54496083119477,303.975,64.56996083119475,1.212418655584159,618.5010536754905,2.2342453422829727,177.5981883957636,0.5318646933460923,False,none,426.89888737641365,114.10453945679744,312.7943479196162,149414.61058174478,0.11858302427122601,7.950589873828058e-16,0.0,0.6402051558925153,156.2243423906008,2.9134814499752957,69852.16752449429,kantrowitz_limit;nonlinear_acoustic_pulse,1.0,5.803326180485453,0.05
B,1.5,2.5,0.36,350,0.003,piston,356.3049577494902,303.975,52.32995774949018,1.1721521761641258,618.5010536754905,2.2342453422829727,161.6634915688965,0.4818136155366521,False,none,405.26901651062644,92.47466859101021,312.7943479196162,141844.15577871926,0.11257472680850734,5.962942405371043e-16,0.0,0.6402051558925153,156.2243423906008,2.9134814499752957,69852.16752449429,kantrowitz_limit;nonlinear_acoustic_pulse,1.5,5.803326180485453,0.05
B,1.5,2.5,0.36,350,0.003,piston,347.25172600769537,303.975,43.276726007695345,1.1423693593476283,618.5010536754905,2.2342453422829727,148.25833670586354,0.4402399584352778,False,none,389.27063544928785,76.47628752967164,312.7943479196162,136244.72240725075,0.10813073206924663,1.9876474684570144e-16,1.3591435330966317e-16,0.6402051558925153,156.2243423906008,2.9134814499752957,69852.16752449429,kantrowitz_limit;nonlinear_acoustic_pulse,2.0,5.803326180485453,0.05
B,1.5,2.5,0.36,350,0.003,piston,335.0042046575883,303.975,31.029204657588252,1.1020781467475558,618.5010536754905,2.2342453422829727,127.0159758117494,0.3752329329023709,False,none,367.62747870656125,54.83313078694506,312.7943479196162,128669.61754729644,0.10211874408515591,5.962942405371043e-16,0.0,0.6402051558925153,156.2243423906008,2.9134814499752957,69852.16752449429,kantrowitz_limit;nonlinear_acoustic_pulse,3.0,5.803326180485453,0.05
B,1.5,2.5,0.36,350,0.003,piston,327.31287451828393,303.975,23.33787451828391,1.0767756378593105,618.5010536754905,2.2342453422829727,110.98876324578042,0.32679890045857124,False,none,354.03577643420186,41.24142851458566,312.7943479196162,123912.52175197065,0.09834327123172273,0.0,0.0,0.6402051558925153,156.2243423906008,2.9134814499752957,69852.16752449429,kantrowitz_limit;nonlinear_acoustic_pulse,4.0,5.803326180485453,0.05
B,1.5,2.5,0.36,350,0.01,piston,1369.072279109421,1013.25,355.82227910942106,1.3511692860690068,618.5010536754905,7.447484474276574,220.30840777371176,0.6700637947562994,False,none,1671.437696542696,628.7898701439755,1042.6478263987206,585003.1937899436,0.4642882490396377,8.348119367519463e-16,0.0,0.6402051558925153,520.7478079686693,2.9134814499752957,232840.55841498091,kantrowitz_limit;nonlinear_acoustic_pulse,0.0,5.803326180485493,0.05
B,1.5,2.5,0.36,350,0.01,piston,1349.5321195866293,1013.25,336.2821195866293,1.331884648000621,618.5010536754905,7.447484474276574,215.20045885764088,0.6531852890169045,False,none,1636.907384388885,594.2595579901644,1042.6478263987206,572917.5845361097,0.45469649566357917,0.0,0.0,0.6402051558925153,520.7478079686693,2.9134814499752957,232840.55841498091,kantrowitz_limit;nonlinear_acoustic_pulse,0.1,5.803326180485493,0.05
B,1.5,2.5,0.36,350,0.01,piston,1323.126173985477,1013.25,309.87617398547695,1.3058240059072064,618.5010536754905,7.447484474276574,207.93836822036232,0.629363914834539,False,none,1590.2442267385695,547.596400339849,1042.6478263987206,556585.4793584993,0.4417345074273804,3.5777654432226268e-16,1.5185235193903133e-16,0.6402051558925153,520.7478079686693,2.9134814499752957,232840.55841498091,kantrowitz_limit;nonlinear_acoustic_pulse,0.25,5.803326180485493,0.05
B,1.5,2.5,0.36,350,0.01,piston,1285.5843485687021,1013.25,272.3343485687021,1.2687731049284008,618.5010536754905,7.447484474276574,196.80242314823982,0.5932146071541161,False,none,1523.9023450894936,481.25451869077307,1042.6478263987206,533365.8207813228,0.42330620696930377,1.192588481074209e-16,0.0,0.6402051558925153,520.7478079686693,2.9134814499752957,232840.55841498091,kantrowitz_limit;nonlinear_acoustic_pulse,0.5,5.803326180485493,0.05
B,1.5,2.5,0.36,350,0.01,piston,1228.4832027706489,1013.25,215.23320277064886,1.2124186555841587,618.5010536754905,7.447484474276574,177.59818839576326,0.5318646933460912,False,none,1422.9962912547114,380.3484648559909,1042.6478263987206,498048.701939149,0.39527674757075315,7.1555308864452535e-16,0.0,0.6402051558925153,520.7478079686693,2.9134814499752957,232840.55841498091,kantrowitz_limit;nonlinear_acoustic_pulse,1.0,5.803326180485493,0.05
B,1.5,2.5,0.36,350,0.01,piston,1187.683192498301,1013.25,174.43319249830097,1.1721521761641263,618.5010536754905,7.447484474276574,161.6634915688965,0.4818136155366521,False,none,1350.8967217020886,308.24889530336804,1042.6478263987206,472813.85259573103,0.37524908936169127,1.1925884810742089e-15,0.0,0.6402051558925153,520.7478079686693,2.9134814499752957,232840.55841498091,kantrowitz_limit;nonlinear_acoustic_pulse,1.5,5.803326180485493,0.05
B,1.5,2.5,0.36,350,0.01,piston,1157.505753358984,1013.25,144.25575335898407,1.142369359347628,618.5010536754905,7.447484474276574,148.25833670586354,0.4402399584352778,False,none,1297.5687848309585,254.92095843223808,1042.6478263987206,454149.0746908355,0.3604357735641551,0.0,0.0,0.6402051558925153,520.7478079686693,2.9134814499752957,232840.55841498091,kantrowitz_limit;nonlinear_acoustic_pulse,2.0,5.803326180485493,0.05
B,1.5,2.5,0.36,350,0.01,piston,1116.6806821919606,1013.25,103.43068219196061,1.1020781467475556,618.5010536754905,7.447484474276574,127.0159758117494,0.3752329329023709,False,none,1225.4249290218704,182.7771026231498,1042.6478263987206,428898.72515765467,0.34039581361718624,4.770353924296836e-16,1.1373662251939744e-16,0.6402051558925153,520.7478079686693,2.9134814499752957,232840.55841498091,kantrowitz_limit;nonlinear_acoustic_pulse,3.0,5.803326180485493,0.05
B,1.5,2.5,0.36,350,0.01,piston,1091.0429150609461,1013.25,77.79291506094614,1.0767756378593103,618.5010536754905,7.447484474276574,110.98876324577984,0.3267989004585695,False,none,1180.1192547806722,137.4714283819518,1042.6478263987206,413041.73917323526,0.32781090410574226,0.0,1.5122015222304634e-16,0.6402051558925153,520.7478079686693,2.9134814499752957,232840.55841498091,kantrowitz_limit;nonlinear_acoustic_pulse,4.0,5.803326180485493,0.05
B,1.5,2.5,0.36,350,0.03,piston,4107.216837328264,3039.75,1067.4668373282639,1.351169286069007,618.5010536754905,22.342453422829724,220.30840777371202,0.6700637947563003,False,none,5014.313089628089,1886.3696104319276,3127.943479196161,1755009.5813698312,1.3928647471189137,1.1130825823359282e-15,0.0,0.6402051558925151,1562.243423906008,2.9134814499752957,698521.6752449429,kantrowitz_limit;nonlinear_acoustic_pulse,0.0,5.803326180485454,0.05
B,1.5,2.5,0.36,350,0.03,piston,4048.596358759888,3039.75,1008.8463587598881,1.3318846480006212,618.5010536754905,22.342453422829724,215.20045885764088,0.6531852890169045,False,none,4910.722153166655,1782.7786739704934,3127.943479196161,1718752.7536083292,1.3640894869907374,0.0,0.0,0.6402051558925151,1562.243423906008,2.9134814499752957,698521.6752449429,kantrowitz_limit;nonlinear_acoustic_pulse,0.1,5.803326180485454,0.05
B,1.5,2.5,0.36,350,0.03,piston,3969.3785219564297,3039.75,929.6285219564297,1.3058240059072062,618.5010536754905,22.342453422829724,207.938368220362,0.6293639148345381,False,none,4770.732680215706,1642.7892010195446,3127.943479196161,1669756.438075497,1.3252035222821406,0.0,0.0,0.6402051558925151,1562.243423906008,2.9134814499752957,698521.6752449429,kantrowitz_limit;nonlinear_acoustic_pulse,0.25,5.803326180485454,0.05
B,1.5,2.5,0.36,350,0.03,piston,3856.753045706106,3039.75,817.0030457061061,1.2687731049284008,618.5010536754905,22.342453422829724,196.80242314823982,0.5932146071541161,False,none,4571.7070352684805,1443.7635560723188,3127.943479196161,1600097.4623439682,1.2699186209079112,0.0,1.1519033148498203e-16,0.6402051558925151,1562.243423906008,2.9134814499752957,698521.6752449429,kantrowitz_limit;nonlinear_acoustic_pulse,0.5,5.803326180485454,0.05
B,1.5,2.5,0.36,350,0.03,piston,3685.4496083119466,3039.75,645.6996083119466,1.2124186555841587,618.5010536754905,22.342453422829724,177.59818839576326,0.5318646933460912,False,none,4268.988873764134,1141.0453945679728,3127.943479196161,1494146.105817447,1.1858302427122596,6.360471899062446e-16,0.0,0.6402051558925151,1562.243423906008,2.9134814499752957,698521.6752449429,kantrowitz_limit;nonlinear_acoustic_pulse,1.0,5.803326180485454,0.05
B,1.5,2.5,0.36,350,0.03,piston,3563.0495774949018,3039.75,523.2995774949018,1.1721521761641258,618.5010536754905,22.342453422829724,161.6634915688965,0.4818136155366521,False,none,4052.6901651062635,924.7466859101021,3127.943479196161,1418441.5577871923,1.1257472680850733,7.950589873828059e-16,1.7984125290076922e-16,0.6402051558925151,1562.243423906008,2.9134814499752957,698521.6752449429,kantrowitz_limit;nonlinear_acoustic_pulse,1.5,5.803326180485454,0.05
B,1.5,2.5,0.36,350,0.03,piston,3472.5172600769524,3039.75,432.7672600769524,1.142369359347628,618.5010536754905,22.342453422829724,148.25833670586354,0.4402399584352778,False,none,3892.706354492876,764.7628752967146,3127.943479196161,1362447.2240725067,1.0813073206924655,0.0,0.0,0.6402051558925151,1562.243423906008,2.9134814499752957,698521.6752449429,kantrowitz_limit;nonlinear_acoustic_pulse,2.0,5.803326180485454,0.05
B,1.5,2.5,0.36,350,0.03,piston,3350.0420465758825,3039.75,310.2920465758825,1.1020781467475558,618.5010536754905,22.342453422829724,127.0159758117494,0.3752329329023709,False,none,3676.2747870656117,548.3313078694506,3127.943479196161,1286696.175472964,1.0211874408515589,6.360471899062446e-16,0.0,0.6402051558925151,1562.243423906008,2.9134814499752957,698521.6752449429,kantrowitz_limit;nonlinear_acoustic_pulse,3.0,5.803326180485454,0.05
B,1.5,2.5,0.36,350,0.03,piston,3273.1287451828393,3039.75,233.37874518283934,1.0767756378593105,618.5010536754905,22.342453422829724,110.98876324578042,0.32679890045857124,False,none,3540.357764342018,412.414285145857,3127.943479196161,1239125.2175197063,0.9834327123172273,1.5901179747656116e-16,0.0,0.6402051558925151,1562.243423906008,2.9134814499752957,698521.6752449429,kantrowitz_limit;nonlinear_acoustic_pulse,4.0,5.803326180485454,0.05
B,1.5,2.5,0.36,350,0.1,piston,13690.722791094211,10132.5,3558.222791094211,1.3511692860690068,618.5010536754905,74.47484474276574,220.30840777371176,0.6700637947562994,False,none,16714.37696542696,6287.898701439755,10426.478263987205,5850031.937899436,4.642882490396378,9.54070784859367e-16,0.0,0.6402051558925153,5207.4780796866935,2.9134814499752957,2328405.5841498096,kantrowitz_limit;nonlinear_acoustic_pulse,0.0,5.803326180485454,0.05
B,1.5,2.5,0.36,350,0.1,piston,13495.321195866294,10132.5,3362.821195866294,1.3318846480006212,618.5010536754905,74.47484474276574,215.20045885764088,0.6531852890169045,False,none,16369.073843888851,5942.595579901646,10426.478263987205,5729175.845361098,4.546964956635792,0.0,0.0,0.6402051558925153,5207.4780796866935,2.9134814499752957,2328405.5841498096,kantrowitz_limit;nonlinear_acoustic_pulse,0.1,5.803326180485454,0.05
B,1.5,2.5,0.36,350,0.1,piston,13231.261739854766,10132.5,3098.7617398547663,1.3058240059072062,618.5010536754905,74.47484474276574,207.938368220362,0.6293639148345381,False,none,15902.442267385688,5475.964003398483,10426.478263987205,5565854.793584991,4.417345074273802,0.0,0.0,0.6402051558925153,5207.4780796866935,2.9134814499752957,2328405.5841498096,kantrowitz_limit;nonlinear_acoustic_pulse,0.25,5.803326180485454,0.05
B,1.5,2.5,0.36,350,0.1,piston,12855.84348568702,10132.5,2723.343485687021,1.2687731049284008,618.5010536754905,74.47484474276574,196.80242314823982,0.5932146071541161,False,none,15239.023450894934,4812.54518690773,10426.478263987205,5333658.207813227,4.233062069693037,0.0,1.3822839778197845e-16,0.6402051558925153,5207.4780796866935,2.9134814499752957,2328405.5841498096,kantrowitz_limit;nonlinear_acoustic_pulse,0.5,5.803326180485454,0.05
B,1.5,2.5,0.36,350,0.1,piston,12284.832027706489,10132.5,2152.3320277064886,1.2124186555841587,618.5010536754905,74.47484474276574,177.59818839576326,0.5318646933460912,False,none,14229.962912547115,3803.484648559909,10426.478263987205,4980487.01939149,3.9527674757075317,7.632566278874937e-16,1.7490024856324834e-16,0.6402051558925153,5207.4780796866935,2.9134814499752957,2328405.5841498096,kantrowitz_limit;nonlinear_acoustic_pulse,1.0,5.803326180485454,0.05
B,1.5,2.5,0.36,350,0.1,piston,11876.831924983006,10132.5,1744.3319249830056,1.1721521761641258,618.5010536754905,74.47484474276574,161.6634915688965,0.4818136155366521,False,none,13508.967217020878,3082.488953033673,10426.478263987205,4728138.525957307,3.7524908936169106,7.632566278874937e-16,0.0,0.6402051558925153,5207.4780796866935,2.9134814499752957,2328405.5841498096,kantrowitz_limit;nonlinear_acoustic_pulse,1.5,5.803326180485454,0.05
B,1.5,2.5,0.36,350,0.1,piston,11575.057533589841,10132.5,1442.5575335898411,1.142369359347628,618.5010536754905,74.47484474276574,148.25833670586354,0.4402399584352778,False,none,12975.687848309586,2549.2095843223815,10426.478263987205,4541490.7469083555,3.6043577356415515,1.9081415697187343e-16,0.0,0.6402051558925153,5207.4780796866935,2.9134814499752957,2328405.5841498096,kantrowitz_limit;nonlinear_acoustic_pulse,2.0,5.803326180485454,0.05
B,1.5,2.5,0.36,350,0.1,piston,11166.806821919608,10132.5,1034.3068219196084,1.1020781467475558,618.5010536754905,74.47484474276574,127.0159758117494,0.3752329329023709,False,none,12254.249290218706,1827.771026231502,10426.478263987205,4288987.2515765475,3.403958136171863,7.632566278874937e-16,1.8197859603103552e-16,0.6402051558925153,5207.4780796866935,2.9134814499752957,2328405.5841498096,kantrowitz_limit;nonlinear_acoustic_pulse,3.0,5.803326180485454,0.05
B,1.5,2.5,0.36,350,0.1,piston,10910.429150609465,10132.5,777.9291506094651,1.0767756378593107,618.5010536754905,74.47484474276574,110.98876324578042,0.32679890045857124,False,none,11801.19254780673,1374.7142838195243,10426.478263987205,4130417.3917323556,3.2781090410574247,1.9081415697187343e-16,0.0,0.6402051558925153,5207.4780796866935,2.9134814499752957,2328405.5841498096,kantrowitz_limit;nonlinear_acoustic_pulse,4.0,5.803326180485454,0.05
B,1.5,3.0,0.25,50,0.001,piston,101.57376262314388,101.325,0.24876262314387532,1.0024550962067,88.35729338221293,0.1063926353468082,20.31096847491114,0.059196362630273225,False,none,2.5674525484492094,0.43959984151304526,2.127852706936164,128.37262742246048,0.0007131812634581137,3.3001159374725374e-14,0.0,3.017541442125089,5.166148888578069,2.9134814499752957,4989.440537463877,low_reynolds_or_rarefaction_check,0.0,0.0,0.05
B,1.5,3.0,0.25,50,0.001,piston,101.56572130262413,101.325,0.24072130262412372,1.0023757345435393,88.35729338221293,0.1063926353468082,19.980501546742065,0.058232557418235874,False,none,2.5532423621223272,0.4253896551861633,2.127852706936164,127.66211810611637,0.0007092339894784242,2.5957433658380827e-14,0.0,3.017541442125089,5.166148888578069,2.9134814499752957,4989.440537463877,low_reynolds_or_rarefaction_check,0.1,0.0,0.05
B,1.5,3.0,0.25,50,0.001,piston,101.55437120814831,101.325,0.22937120814830791,1.0022637178203633,88.35729338221293,0.1063926353468082,19.504471152959855,0.056844273925857634,False,none,2.5331850895720174,0.4053323826358534,2.127852706936164,126.65925447860087,0.000703662524881116,7.956801272166987e-14,1.7529878346740548e-16,3.017541442125089,5.166148888578069,2.9134814499752957,4989.440537463877,low_reynolds_or_rarefaction_check,0.25,0.0,0.05
B,1.5,3.0,0.25,50,0.001,piston,101.53716196891867,101.325,0.21216196891866446,1.0020938758343811,88.35729338221293,0.1063926353468082,18.759538941718656,0.0546719029182238,False,none,2.5027738535820516,0.37492114664588755,2.127852706936164,125.13869267910258,0.0006952149593283477,4.852344382370687e-14,0.0,3.017541442125089,5.166148888578069,2.9134814499752957,4989.440537463877,low_reynolds_or_rarefaction_check,0.5,0.0,0.05
B,1.5,3.0,0.25,50,0.001,piston,101.50808280843908,101.325,0.18308280843908165,1.0018068868338423,88.35729338221293,0.1063926353468082,17.42818527403174,0.050789791184411036,False,none,2.451386735305993,0.32353402836982853,2.127852706936164,122.56933676529964,0.0006809407598072203,8.348119367519461e-14,0.0,3.017541442125089,5.166148888578069,2.9134814499752957,4989.440537463877,low_reynolds_or_rarefaction_check,1.0,0.0,0.05
B,1.5,3.0,0.25,50,0.001,piston,101.48459694488653,101.325,0.15959694488653042,1.0015750993820531,88.35729338221293,0.1063926353468082,16.27320068136185,0.04742232942082672,False,none,2.4098837885810447,0.2820310816448807,2.127852706936164,120.49418942905223,0.0006694121634947347,2.2826888895561027e-14,0.0,3.017541442125089,5.166148888578069,2.9134814499752957,4989.440537463877,low_reynolds_or_rarefaction_check,1.5,0.0,0.05
B,1.5,3.0,0.25,50,0.001,piston,101.46535669761886,101.325,0.14035669761885572,1.0013852129051948,88.35729338221293,0.1063926353468082,15.261728969998753,0.044473558053074076,False,none,2.3758834651295198,0.24803075819335563,2.127852706936164,118.79417325647599,0.0006599676292026443,1.0148182606140845e-13,1.4323681887997683e-16,3.017541442125089,5.166148888578069,2.9134814499752957,4989.440537463877,low_reynolds_or_rarefaction_check,2.0,0.0,0.05
B,1.5,3.0,0.25,50,0.001,piston,101.43601265207707,101.325,0.1110126520770649,1.0010956096923471,88.35729338221293,0.1063926353468082,13.574185755811436,0.03955432539698648,False,none,2.3240282563103793,0.19617554937421505,2.127852706936164,116.20141281551896,0.000645563404530661,1.5926646480845724e-13,0.0,3.017541442125089,5.166148888578069,2.9134814499752957,4989.440537463877,low_reynolds_or_rarefaction_check,3.0,0.0,0.05
B,1.5,3.0,0.25,50,0.001,piston,101.41499407653906,101.325,0.08999407653905678,1.0008881724800303,88.35729338221293,0.1063926353468082,12.22259561274342,0.035614822168414176,False,none,2.2868853674046195,0.15903266046845532,2.127852706936164,114.34426837023098,0.0006352459353901721,1.4609208893159057e-13,1.1169761193504004e-16,3.017541442125089,5.166148888578069,2.9134814499752957,4989.440537463877,low_reynolds_or_rarefaction_check,4.0,0.0,0.05
B,1.5,3.0,0.25,50,0.003,piston,304.72128786943165,303.975,0.746287869431626,1.0024550962067,88.35729338221293,0.3191779060404246,20.31096847491114,0.059196362630273225,False,none,7.702357645347629,1.3187995245391357,6.383558120808493,385.11788226738145,0.0021395437903743413,3.304463916309787e-14,0.0,3.0175414421250895,15.498446665734209,2.9134814499752957,14968.321612391634,,0.0,0.0,0.05
B,1.5,3.0,0.25,50,0.003,piston,304.6971639078724,303.975,0.722163907872357,1.0023757345435393,88.35729338221293,0.3191779060404246,19.980501546742065,0.058232557418235874,False,none,7.659727086366957,1.2761689655584647,6.383558120808493,382.9863543183479,0.002127701968435266,2.5913953870008327e-14,0.0,3.0175414421250895,15.498446665734209,2.9134814499752957,14968.321612391634,,0.1,0.0,0.05
B,1.5,3.0,0.25,50,0.003,piston,304.663113624445,303.975,0.6881136244449522,1.0022637178203633,88.35729338221293,0.3191779060404246,19.504471152959855,0.056844273925857634,False,none,7.599555268716103,1.2159971479076106,6.383558120808493,379.9777634358052,0.002110987574643362,7.965497229841487e-14,0.0,3.0175414421250895,15.498446665734209,2.9134814499752957,14968.321612391634,,0.25,0.0,0.05
B,1.5,3.0,0.25,50,0.003,piston,304.611485906756,303.975,0.6364859067559792,1.0020938758343811,88.35729338221293,0.3191779060404246,18.759538941718656,0.0546719029182238,False,none,7.50832156074613,1.1247634399376374,6.383558120808493,375.4160780373065,0.002085644877985036,4.834952467021688e-14,1.2634527590966084e-16,3.0175414421250895,15.498446665734209,2.9134814499752957,14968.321612391634,,0.5,0.0,0.05
B,1.5,3.0,0.25,50,0.003,piston,304.5242484253172,303.975,0.5492484253171597,1.0018068868338421,88.35729338221293,0.3191779060404246,17.42818527403174,0.050789791184411036,False,none,7.354160205917828,0.9706020851093349,6.383558120808493,367.70801029589137,0.0020428222794216188,8.330727452170463e-14,0.0,3.0175414421250895,15.498446665734209,2.9134814499752957,14968.321612391634,,1.0,0.0,0.05
B,1.5,3.0,0.25,50,0.003,piston,304.4537908346596,303.975,0.4787908346596055,1.0015750993820531,88.35729338221293,0.3191779060404246,16.27320068136185,0.04742232942082672,False,none,7.22965136574316,0.8460932449346673,6.383558120808493,361.482568287158,0.002008236490484211,2.278340910718853e-14,0.0,3.0175414421250895,15.498446665734209,2.9134814499752957,14968.321612391634,,1.5,0.0,0.05
B,1.5,3.0,0.25,50,0.003,piston,304.39607009285663,303.975,0.4210700928566098,1.0013852129051948,88.35729338221293,0.3191779060404246,15.261728969998753,0.044473558053074076,False,none,7.127650395388635,0.7440922745801423,6.383558120808493,356.3825197694317,0.001979902887607954,1.0156878563815345e-13,0.0,3.0175414421250895,15.498446665734209,2.9134814499752957,14968.321612391634,,2.0,0.0,0.05
B,1.5,3.0,0.25,50,0.003,piston,304.3080379562312,303.975,0.3330379562311805,1.001095609692347,88.35729338221293,0.3191779060404246,13.574185755811436,0.03955432539698648,False,none,6.972084768931113,0.5885266481226201,6.383558120808493,348.60423844655566,0.001936690213591976,1.5913602544333975e-13,1.207324660704332e-16,3.0175414421250895,15.498446665734209,2.9134814499752957,14968.321612391634,,3.0,0.0,0.05
B,1.5,3.0,0.25,50,0.003,piston,304.2449822296171,303.975,0.26998222961708507,1.0008881724800298,88.35729338221293,0.3191779060404246,12.22259561274342,0.035614822168414176,False,none,6.860656102213708,0.47709798140521525,6.383558120808493,343.0328051106854,0.0019057378061704746,1.4591816977810058e-13,0.0,3.0175414421250895,15.498446665734209,2.9134814499752957,14968.321612391634,,4.0,0.0,0.05
B,1.5,3.0,0.25,50,0.01,piston,1015.7376262314388,1013.25,2.487626231438753,1.0024550962067,88.35729338221293,1.063926353468082,20.31096847491114,0.059196362630273225,False,none,25.674525484492097,4.395998415130453,21.278527069361644,1283.7262742246048,0.007131812634581138,3.297507150170187e-14,1.2930718688423634e-16,3.017541442125089,51.66148888578069,2.9134814499752957,49894.40537463877,,0.0,0.0,0.05
B,1.5,3.0,0.25,50,0.01,piston,1015.6572130262413,1013.25,2.4072130262412657,1.0023757345435393,88.35729338221293,1.063926353468082,19.980501546742065,0.058232557418235874,False,none,25.532423621223327,4.253896551861683,21.278527069361644,1276.6211810611662,0.0070923398947842576,2.6087873023498318e-14,0.0,3.017541442125089,51.66148888578069,2.9134814499752957,49894.40537463877,,0.1,0.0,0.05
B,1.5,3.0,0.25,50,0.01,piston,1015.5437120814831,1013.25,2.293712081483136,1.0022637178203633,88.35729338221293,1.063926353468082,19.504471152959855,0.056844273925857634,False,none,25.33185089572028,4.053323826358635,21.278527069361644,1266.592544786014,0.007036625248811189,7.972453995981086e-14,1.402390267739209e-16,3.017541442125089,51.66148888578069,2.9134814499752957,49894.40537463877,,0.25,0.0,0.05
B,1.5,3.0,0.25,50,0.01,piston,1015.3716196891866,1013.25,2.1216196891865593,1.002093875834381,88.35729338221293,1.063926353468082,18.759538941718656,0.0546719029182238,False,none,25.02773853582037,3.749211466458725,21.278527069361644,1251.3869267910184,0.006952149593283436,4.821038934742489e-14,0.0,3.017541442125089,51.66148888578069,2.9134814499752957,49894.40537463877,,0.5,0.0,0.05
B,1.5,3.0,0.25,50,0.01,piston,1015.0808280843905,1013.25,1.8308280843905322,1.0018068868338421,88.35729338221293,1.063926353468082,17.42818527403174,0.050789791184411036,False,none,24.513867353059428,3.235340283697783,21.278527069361644,1225.6933676529713,0.006809407598072063,8.327249069100662e-14,0.0,3.017541442125089,51.66148888578069,2.9134814499752957,49894.40537463877,,1.0,0.0,0.05
B,1.5,3.0,0.25,50,0.01,piston,1014.8459694488654,1013.25,1.5959694488653895,1.0015750993820531,88.35729338221293,1.063926353468082,16.27320068136185,0.04742232942082672,False,none,24.098837885810603,2.820310816448958,21.278527069361644,1204.9418942905302,0.00669412163494739,2.2748625276490534e-14,0.0,3.017541442125089,51.66148888578069,2.9134814499752957,49894.40537463877,,1.5,0.0,0.05
B,1.5,3.0,0.25,50,0.01,piston,1014.6535669761886,1013.25,1.4035669761885856,1.0013852129051948,88.35729338221293,1.063926353468082,15.261728969998753,0.044473558053074076,False,none,23.75883465129525,2.4803075819336065,21.278527069361644,1187.9417325647626,0.006599676292026458,1.0142965031536146e-13,1.1458945510397914e-16,3.017541442125089,51.66148888578069,2.9134814499752957,49894.40537463877,,2.0,0.0,0.05
B,1.5,3.0,0.25,50,0.01,piston,1014.3601265207706,1013.25,1.1101265207705637,1.001095609692347,88.35729338221293,1.063926353468082,13.574185755811436,0.03955432539698648,False,none,23.240282563103644,1.9617554937419999,21.278527069361644,1162.014128155182,0.0064556340453065676,1.5903167395124574e-13,0.0,3.017541442125089,51.66148888578069,2.9134814499752957,49894.40537463877,,3.0,0.0,0.05
B,1.5,3.0,0.25,50,0.01,piston,1014.1499407653903,1013.25,0.8999407653902836,1.0008881724800298,88.35729338221293,1.063926353468082,12.22259561274342,0.035614822168414176,False,none,22.868853674045695,1.5903266046840507,21.278527069361644,1143.4426837022847,0.006352459353901582,1.4567468296321462e-13,0.0,3.017541442125089,51.66148888578069,2.9134814499752957,49894.40537463877,,4.0,0.0,0.05
B,1.5,3.0,0.25,50,0.03,piston,3047.2128786943163,3039.75,7.4628786943162595,1.0024550962067,88.35729338221293,3.1917790604042464,20.31096847491114,0.059196362630273225,False,none,77.02357645347628,13.187995245391358,63.835581208084925,3851.178822673814,0.02139543790374341,3.297507150170187e-14,0.0,3.0175414421250895,154.9844666573421,2.9134814499752957,149683.2161239163,,0.0,0.0,0.05
B,1.5,3.0,0.25,50,0.03,piston,3046.971639078724,3039.75,7.221639078723911,1.0023757345435393,88.35729338221293,3.1917790604042464,19.980501546742065,0.058232557418235874,False,none,76.59727086367018,12.761689655585249,63.835581208084925,3829.8635431835087,0.021277019684352826,1.0824728113216901e-13,0.0,3.0175414421250895,154.9844666573421,2.9134814499752957,149683.2161239163,,0.1,0.0,0.05
B,1.5,3.0,0.25,50,0.03,piston,3046.6311362444494,3039.75,6.881136244449408,1.0022637178203633,88.35729338221293,3.1917790604042464,19.504471152959855,0.056844273925857634,False,none,75.99555268716082,12.159971479075905,63.835581208084925,3799.7776343580413,0.02110987574643356,7.958540463701886e-14,0.0,3.0175414421250895,154.9844666573421,2.9134814499752957,149683.2161239163,,0.25,0.0,0.05
B,1.5,3.0,0.25,50,0.03,piston,3046.11485906756,3039.75,6.364859067559792,1.0020938758343811,88.35729338221293,3.1917790604042464,18.759538941718656,0.0546719029182238,False,none,75.0832156074613,11.247634399376375,63.835581208084925,3754.160780373065,0.02085644877985036,4.8279957008820884e-14,0.0,3.0175414421250895,154.9844666573421,2.9134814499752957,149683.2161239163,,0.5,0.0,0.05
B,1.5,3.0,0.25,50,0.03,piston,3045.2424842531723,3039.75,5.492484253172279,1.0018068868338423,88.35729338221293,3.1917790604042464,17.42818527403174,0.050789791184411036,False,none,73.54160205917948,9.706020851094555,63.835581208084925,3677.0801029589743,0.020428222794216522,8.334205835240262e-14,1.171302220196606e-16,3.0175414421250895,154.9844666573421,2.9134814499752957,149683.2161239163,,1.0,0.0,0.05
B,1.5,3.0,0.25,50,0.03,piston,3044.537908346597,3039.75,4.787908346596851,1.0015750993820534,88.35729338221293,3.1917790604042464,16.27320068136185,0.04742232942082672,False,none,72.29651365743301,8.46093244934808,63.835581208084925,3614.8256828716503,0.0200823649048425,2.3096463583470508e-14,1.3436679515196423e-16,3.0175414421250895,154.9844666573421,2.9134814499752957,149683.2161239163,,1.5,0.0,0.05
B,1.5,3.0,0.25,50,0.03,piston,3043.960700928566,3039.75,4.210700928565984,1.0013852129051948,88.35729338221293,3.1917790604042464,15.261728969998753,0.044473558053074076,False,none,71.27650395388615,7.440922745801221,63.835581208084925,3563.8251976943075,0.019799028876079486,1.0129051499256947e-13,1.527859401386306e-16,3.0175414421250895,154.9844666573421,2.9134814499752957,149683.2161239163,,2.0,0.0,0.05
B,1.5,3.0,0.25,50,0.03,piston,3043.080379562312,3039.75,3.3303795623119186,1.0010956096923471,88.35729338221293,3.1917790604042464,13.574185755811436,0.03955432539698648,False,none,69.72084768931133,5.8852664812264015,63.835581208084925,3486.0423844655666,0.019366902135919812,1.5903167395124574e-13,0.0,3.0175414421250895,154.9844666573421,2.9134814499752957,149683.2161239163,,3.0,0.0,0.05
B,1.5,3.0,0.25,50,0.03,piston,3042.4498222961715,3039.75,2.699822296171533,1.00088817248003,88.35729338221293,3.1917790604042464,12.22259561274342,0.035614822168414176,False,none,68.60656102213828,4.770979814053358,63.835581208084925,3430.328051106914,0.01905737806170508,1.4595295360879859e-13,0.0,3.0175414421250895,154.9844666573421,2.9134814499752957,149683.2161239163,,4.0,0.0,0.05
B,1.5,3.0,0.25,50,0.1,piston,10157.376262314388,10132.5,24.87626231438844,1.0024550962067,88.35729338221293,10.63926353468082,20.31096847491114,0.059196362630273225,False,none,256.74525484492256,43.95998415130614,212.7852706936164,12837.262742246128,0.07131812634581182,3.305855269537707e-14,0.0,3.0175414421250886,516.6148888578069,2.9134814499752957,498944.0537463877,,0.0,0.0,0.05
B,1.5,3.0,0.25,50,0.1,piston,10156.572130262413,10132.5,24.07213026241334,1.0023757345435393,88.35729338221293,10.63926353468082,19.980501546742065,0.058232557418235874,False,none,255.32423621223444,42.538965518618035,212.7852706936164,12766.211810611721,0.0709233989478429,1.0835858939040262e-13,0.0,3.0175414421250886,516.6148888578069,2.9134814499752957,498944.0537463877,,0.1,0.0,0.05
B,1.5,3.0,0.25,50,0.1,piston,10155.437120814831,10132.5,22.93712081483136,1.0022637178203633,88.35729338221293,10.63926353468082,19.504471152959855,0.056844273925857634,False,none,253.31850895720277,40.53323826358635,212.7852706936164,12665.925447860138,0.07036625248811187,7.964105876613567e-14,1.1219122141913674e-16,3.0175414421250886,516.6148888578069,2.9134814499752957,498944.0537463877,,0.25,0.0,0.05
B,1.5,3.0,0.25,50,0.1,piston,10153.716196891866,10132.5,21.216196891866275,1.0020938758343811,88.35729338221293,10.63926353468082,18.759538941718656,0.0546719029182238,False,none,250.27738535820487,37.49211466458845,212.7852706936164,12513.869267910244,0.06952149593283469,4.841909233161288e-14,1.2129146487327265e-16,3.0175414421250886,516.6148888578069,2.9134814499752957,498944.0537463877,,0.5,0.0,0.05
B,1.5,3.0,0.25,50,0.1,piston,10150.808280843909,10132.5,18.308280843908506,1.0018068868338423,88.35729338221293,10.63926353468082,17.42818527403174,0.050789791184411036,False,none,245.13867353059987,32.353402836983456,212.7852706936164,12256.933676529994,0.06809407598072219,8.364815606254501e-14,0.0,3.0175414421250886,516.6148888578069,2.9134814499752957,498944.0537463877,,1.0,0.0,0.05
B,1.5,3.0,0.25,50,0.1,piston,10148.459694488656,10132.5,15.959694488656169,1.0015750993820534,88.35729338221293,10.63926353468082,16.27320068136185,0.04742232942082672,False,none,240.98837885811002,28.2031081644936,212.7852706936164,12049.4189429055,0.066941216349475,2.3040809454353714e-14,1.6124015418235707e-16,3.0175414421250886,516.6148888578069,2.9134814499752957,498944.0537463877,,1.5,0.0,0.05
B,1.5,3.0,0.25,50,0.1,piston,10146.535669761886,10132.5,14.03566976188631,1.0013852129051948,88.35729338221293,10.63926353468082,15.261728969998753,0.044473558053074076,False,none,237.58834651295328,24.80307581933687,212.7852706936164,11879.417325647664,0.0659967629202648,1.0151313150903666e-13,0.0,3.0175414421250886,516.6148888578069,2.9134814499752957,498944.0537463877,,2.0,0.0,0.05
B,1.5,3.0,0.25,50,0.1,piston,10143.601265207706,10132.5,11.101265207706092,1.0010956096923471,88.35729338221293,10.63926353468082,13.574185755811436,0.03955432539698648,False,none,232.40282563103722,19.617554937420802,212.7852706936164,11620.141281551862,0.0645563404530659,1.5911515514492095e-13,0.0,3.0175414421250886,516.6148888578069,2.9134814499752957,498944.0537463877,,3.0,0.0,0.05
B,1.5,3.0,0.25,50,0.1,piston,10141.499407653906,10132.5,8.999407653906019,1.0008881724800303,88.35729338221293,10.63926353468082,12.22259561274342,0.035614822168414176,False,none,228.68853674046255,15.903266046846134,212.7852706936164,11434.426837023128,0.06352459353901738,1.4625905131894098e-13,0.0,3.0175414421250886,516.6148888578069,2.9134814499752957,498944.0537463877,,4.0,0.0,0.05
B,1.5,3.0,0.25,100,0.001,piston,102.32057470295021,101.325,0.9955747029502078,1.0098255583809543,176.71458676442586,0.2127852706936164,40.53700398588819,0.1182688918426772,False,none,10.270736549994277,1.75932572224962,8.511410827744657,1027.0736549994276,0.0028529823749984104,1.3435254607101633e-14,0.0,1.566889385475188,10.332297777156137,2.9134814499752957,9978.881074927755,low_reynolds_or_rarefaction_check,0.0,0.0,0.05
B,1.5,3.0,0.25,100,0.001,piston,102.28837605663277,101.325,0.963376056632768,1.00950778244888,176.71458676442586,0.2127852706936164,39.88013601193426,0.11634721284679188,False,none,10.213836845210674,1.7024260174660173,8.511410827744657,1021.3836845210674,0.002837176901447409,1.9565904767623737e-15,0.0,1.566889385475188,10.332297777156137,2.9134814499752957,9978.881074927755,low_reynolds_or_rarefaction_check,0.1,0.0,0.05
B,1.5,3.0,0.25,100,0.001,piston,102.24293045522086,101.325,0.9179304552208549,1.0090592692348468,176.71458676442586,0.2127852706936164,38.93370183697767,0.11357885366544435,False,none,10.133527838473004,1.622117010728347,8.511410827744657,1013.3527838473004,0.002814868844020279,2.0739859053681163e-14,0.0,1.566889385475188,10.332297777156137,2.9134814499752957,9978.881074927755,low_reynolds_or_rarefaction_check,0.25,0.0,0.05
B,1.5,3.0,0.25,100,0.001,piston,102.174029102667,101.325,0.8490291026670036,1.008379265755411,176.71458676442586,0.2127852706936164,37.45211076671014,0.10924617937327918,False,none,10.011769098032365,1.5003582702877085,8.511410827744657,1001.1769098032365,0.002781046971675657,2.2696449530443536e-14,1.894328174360239e-16,1.566889385475188,10.332297777156137,2.9134814499752957,9978.881074927755,low_reynolds_or_rarefaction_check,0.5,0.0,0.05
B,1.5,3.0,0.25,100,0.001,piston,102.05761507429865,101.325,0.7326150742986499,1.0072303486237222,176.71458676442586,0.2127852706936164,34.802642774777034,0.1015012645546248,False,none,9.806048528865407,1.2946377011207506,8.511410827744657,980.6048528865407,0.00272390236912928,2.3348646356030995e-14,2.1953407818882232e-16,1.566889385475188,10.332297777156137,2.9134814499752957,9978.881074927755,low_reynolds_or_rarefaction_check,1.0,0.0,0.05
B,1.5,3.0,0.25,100,0.001,piston,101.96360344088096,101.325,0.6386034408809564,1.0063025259401033,176.71458676442586,0.2127852706936164,32.50264298994563,0.09478087845894075,False,none,9.639916259360843,1.1285054316161869,8.511410827744657,963.9916259360843,0.0026777545164891232,1.1869982225691735e-14,1.259263297904553e-16,1.566889385475188,10.332297777156137,2.9134814499752957,9978.881074927755,low_reynolds_or_rarefaction_check,1.5,0.0,0.05
B,1.5,3.0,0.25,100,0.001,piston,101.8865935702116,101.325,0.5615935702115991,1.0055424976087994,176.71458676442586,0.2127852706936164,30.48734878449711,0.088894488456551,False,none,9.50382858463967,0.9924177568950131,8.511410827744657,950.3828584639671,0.0026399523846221307,1.408745143268909e-14,0.0,1.566889385475188,10.332297777156137,2.9134814499752957,9978.881074927755,low_reynolds_or_rarefaction_check,2.0,0.0,0.05
B,1.5,3.0,0.25,100,0.001,piston,101.76915492440828,101.325,0.44415492440828075,1.0043834682892503,176.71458676442586,0.2127852706936164,27.122950214464,0.07907160408718987,False,none,9.296297367006598,0.7848865392619414,8.511410827744657,929.6297367006598,0.0025823048241684996,7.956801272166987e-15,1.8105616550087624e-16,1.566889385475188,10.332297777156137,2.9134814499752957,9978.881074927755,low_reynolds_or_rarefaction_check,3.0,0.0,0.05
B,1.5,3.0,0.25,100,0.001,piston,101.68504485237098,101.325,0.36004485237097583,1.0035533664186624,176.71458676442586,0.2127852706936164,24.42662489436954,0.07120258943770832,False,none,9.147662600778613,0.6362517730339571,8.511410827744657,914.7662600778613,0.0025410173891051704,1.1087346034986786e-14,0.0,1.566889385475188,10.332297777156137,2.9134814499752957,9978.881074927755,low_reynolds_or_rarefaction_check,4.0,0.0,0.05
B,1.5,3.0,0.25,100,0.003,piston,306.96172410885066,303.975,2.9867241088506375,1.0098255583809546,176.71458676442586,0.6383558120808492,40.53700398588819,0.1182688918426772,False,none,30.812209649982854,5.277977166748885,25.53423248323397,3081.2209649982856,0.008558947124995237,1.3565693972219126e-14,0.0,1.5668893854751877,30.996893331468417,2.9134814499752957,29936.643224783267,,0.0,0.0,0.05
B,1.5,3.0,0.25,100,0.003,piston,306.8651281698983,303.975,2.8901281698982757,1.0095077824488798,176.71458676442586,0.6383558120808492,39.88013601193426,0.11634721284679188,False,none,30.641510535631973,5.1072780523980015,25.53423248323397,3064.1510535631974,0.008511530704342215,1.739191534899888e-15,0.0,1.5668893854751877,30.996893331468417,2.9134814499752957,29936.643224783267,,0.1,0.0,0.05
B,1.5,3.0,0.25,100,0.003,piston,306.7287913656626,303.975,2.7537913656625506,1.0090592692348468,176.71458676442586,0.6383558120808492,38.93370183697767,0.11357885366544435,False,none,30.400583515418987,4.866351032185015,25.53423248323397,3040.0583515418984,0.00844460653206083,2.0870298418798653e-14,1.1680912142354235e-16,1.5668893854751877,30.996893331468417,2.9134814499752957,29936.643224783267,,0.25,0.0,0.05
B,1.5,3.0,0.25,100,0.003,piston,306.52208730800106,303.975,2.547087308001039,1.008379265755411,176.71458676442586,0.6383558120808492,37.45211076671014,0.10924617937327918,False,none,30.035307294097148,4.501074810863176,25.53423248323397,3003.5307294097147,0.008343140915026985,2.278340910718853e-14,1.2628854495734786e-16,1.5668893854751877,30.996893331468417,2.9134814499752957,29936.643224783267,,0.5,0.0,0.05
B,1.5,3.0,0.25,100,0.003,piston,306.172845222896,303.975,2.197845222895978,1.0072303486237222,176.71458676442586,0.6383558120808492,34.802642774777034,0.1015012645546248,False,none,29.418145586596275,3.8839131033623024,25.53423248323397,2941.8145586596274,0.008171707107387854,2.3653004874638473e-14,0.0,1.5668893854751877,30.996893331468417,2.9134814499752957,29936.643224783267,,1.0,0.0,0.05
B,1.5,3.0,0.25,100,0.003,piston,305.8908103226429,303.975,1.9158103226428693,1.0063025259401033,176.71458676442586,0.6383558120808492,32.50264298994563,0.09478087845894075,False,none,28.919748778082532,3.38551629484856,25.53423248323397,2891.974877808253,0.00803326354946737,1.1826502437319236e-14,1.679017730539404e-16,1.5668893854751877,30.996893331468417,2.9134814499752957,29936.643224783267,,1.5,0.0,0.05
B,1.5,3.0,0.25,100,0.003,piston,305.65978071063483,303.975,1.6847807106348114,1.0055424976087994,176.71458676442586,0.6383558120808492,30.48734878449711,0.088894488456551,False,none,28.511485753919036,2.9772532706850643,25.53423248323397,2851.1485753919037,0.0079198571538664,1.408745143268909e-14,0.0,1.5668893854751877,30.996893331468417,2.9134814499752957,29936.643224783267,,2.0,0.0,0.05
B,1.5,3.0,0.25,100,0.003,piston,305.30746477322486,303.975,1.3324647732248422,1.0043834682892503,176.71458676442586,0.6383558120808492,27.122950214464,0.07907160408718987,False,none,27.888892101019795,2.354659617785824,25.53423248323397,2788.8892101019796,0.007746914472505499,7.826361907049495e-15,0.0,1.5668893854751877,30.996893331468417,2.9134814499752957,29936.643224783267,,3.0,0.0,0.05
B,1.5,3.0,0.25,100,0.003,piston,305.055134557113,303.975,1.080134557112956,1.0035533664186627,176.71458676442586,0.6383558120808492,24.42662489436954,0.07120258943770832,False,none,27.442987802335892,1.9087553191019215,25.53423248323397,2744.2987802335892,0.007623052167315526,1.1304744976849271e-14,1.4890179556265264e-16,1.5668893854751877,30.996893331468417,2.9134814499752957,29936.643224783267,,4.0,0.0,0.05
B,1.5,3.0,0.25,100,0.01,piston,1023.2057470295022,1013.25,9.955747029502163,1.0098255583809546,176.71458676442586,2.127852706936164,40.53700398588819,0.1182688918426772,False,none,102.70736549994292,17.59325722249635,85.11410827744658,10270.736549994292,0.028529823749984147,1.3565693972219126e-14,1.2923910141692878e-16,1.566889385475188,103.32297777156138,2.9134814499752957,99788.81074927755,,0.0,0.0,0.05
B,1.5,3.0,0.25,100,0.01,piston,1022.8837605663276,1013.25,9.633760566327624,1.00950778244888,176.71458676442586,2.127852706936164,39.88013601193426,0.11634721284679188,False,none,102.13836845210665,17.02426017466007,85.11410827744658,10213.836845210664,0.02837176901447407,1.878326857691879e-15,1.3355862346468873e-16,1.566889385475188,103.32297777156138,2.9134814499752957,99788.81074927755,,0.1,0.0,0.05
B,1.5,3.0,0.25,100,0.01,piston,1022.4293045522086,1013.25,9.179304552208578,1.0090592692348468,176.71458676442586,2.127852706936164,38.93370183697767,0.11357885366544435,False,none,101.33527838473009,16.22117010728352,85.11410827744658,10133.527838473008,0.028148688440202803,2.0870298418798653e-14,0.0,1.566889385475188,103.32297777156138,2.9134814499752957,99788.81074927755,,0.25,0.0,0.05
B,1.5,3.0,0.25,100,0.01,piston,1021.7402910266699,1013.25,8.490291026669865,1.0083792657554107,176.71458676442586,2.127852706936164,37.45211076671014,0.10924617937327918,False,none,100.11769098032336,15.003582702876782,85.11410827744658,10011.769098032337,0.02781046971675649,2.2539922292302547e-14,1.5154625394882216e-16,1.566889385475188,103.32297777156138,2.9134814499752957,99788.81074927755,,0.5,0.0,0.05
B,1.5,3.0,0.25,100,0.01,piston,1020.5761507429866,1013.25,7.326150742986556,1.0072303486237222,176.71458676442586,2.127852706936164,34.802642774777034,0.1015012645546248,False,none,98.06048528865418,12.946377011207607,85.11410827744658,9806.048528865418,0.027239023691292826,2.358343721324248e-14,0.0,1.566889385475188,103.32297777156138,2.9134814499752957,99788.81074927755,,1.0,0.0,0.05
B,1.5,3.0,0.25,100,0.01,piston,1019.6360344088096,1013.25,6.386034408809564,1.0063025259401033,176.71458676442586,2.127852706936164,32.50264298994563,0.09478087845894075,False,none,96.39916259360844,11.285054316161867,85.11410827744658,9639.916259360843,0.026777545164891232,1.1687367114527247e-14,0.0,1.566889385475188,103.32297777156138,2.9134814499752957,99788.81074927755,,1.5,0.0,0.05
B,1.5,3.0,0.25,100,0.01,piston,1018.8659357021162,1013.25,5.6159357021161895,1.0055424976087997,176.71458676442586,2.127852706936164,30.48734878449711,0.088894488456551,False,none,95.03828584639706,9.924177568950482,85.11410827744658,9503.828584639707,0.026399523846221407,1.4191802924783084e-14,1.1455542480145166e-16,1.566889385475188,103.32297777156138,2.9134814499752957,99788.81074927755,,2.0,0.0,0.05
B,1.5,3.0,0.25,100,0.01,piston,1017.6915492440828,1013.25,4.4415492440828075,1.0043834682892503,176.71458676442586,2.127852706936164,27.122950214464,0.07907160408718987,False,none,92.96297367006599,7.848865392619414,85.11410827744658,9296.297367006599,0.025823048241684996,7.930713399143488e-15,0.0,1.566889385475188,103.32297777156138,2.9134814499752957,99788.81074927755,,3.0,0.0,0.05
B,1.5,3.0,0.25,100,0.01,piston,1016.8504485237097,1013.25,3.6004485237097015,1.0035533664186624,176.71458676442586,2.127852706936164,24.42662489436954,0.07120258943770832,False,none,91.47662600778605,6.36251773033947,85.11410827744658,9147.662600778605,0.02541017389105168,1.08525551777753e-14,0.0,1.566889385475188,103.32297777156138,2.9134814499752957,99788.81074927755,,4.0,0.0,0.05
B,1.5,3.0,0.25,100,0.03,piston,3069.6172410885065,3039.75,29.86724108850649,1.0098255583809546,176.71458676442586,6.383558120808493,40.53700398588819,0.1182688918426772,False,none,308.12209649982873,52.77977166748905,255.3423248323397,30812.209649982873,0.08558947124995242,1.3496126310823128e-14,0.0,1.566889385475188,309.9689333146842,2.9134814499752957,299366.4322478326,,0.0,0.0,0.05
B,1.5,3.0,0.25,100,0.03,piston,3068.651281698983,3039.75,28.901281698982984,1.00950778244888,176.71458676442586,6.383558120808493,39.88013601193426,0.11634721284679188,False,none,306.4151053563201,51.07278052398042,255.3423248323397,30641.510535632013,0.08511530704342225,1.6696238735038922e-15,0.0,1.566889385475188,309.9689333146842,2.9134814499752957,299366.4322478326,,0.1,0.0,0.05
B,1.5,3.0,0.25,100,0.03,piston,3067.2879136566257,3039.75,27.537913656625733,1.0090592692348468,176.71458676442586,6.383558120808493,38.93370183697767,0.11357885366544435,False,none,304.00583515419027,48.66351032185056,255.3423248323397,30400.583515419028,0.0844460653206084,2.0731163096006662e-14,0.0,1.566889385475188,309.9689333146842,2.9134814499752957,299366.4322478326,,0.25,0.0,0.05
B,1.5,3.0,0.25,100,0.03,piston,3065.2208730800094,3039.75,25.47087308000937,1.0083792657554107,176.71458676442586,6.383558120808493,37.45211076671014,0.10924617937327918,False,none,300.35307294096964,45.01074810862995,255.3423248323397,30035.307294096965,0.08343140915026935,2.226165164671856e-14,2.0206167193176472e-16,1.566889385475188,309.9689333146842,2.9134814499752957,299366.4322478326,,0.5,0.0,0.05
B,1.5,3.0,0.25,100,0.03,piston,3061.7284522289597,3039.75,21.978452228959668,1.0072303486237222,176.71458676442586,6.383558120808493,34.802642774777034,0.1015012645546248,False,none,294.1814558659625,38.83913103362282,255.3423248323397,29418.14558659625,0.08171707107387848,2.3513869551846482e-14,0.0,1.566889385475188,309.9689333146842,2.9134814499752957,299366.4322478326,,1.0,0.0,0.05
B,1.5,3.0,0.25,100,0.03,piston,3058.908103226429,3039.75,19.15810322642892,1.0063025259401033,176.71458676442586,6.383558120808493,32.50264298994563,0.09478087845894075,False,none,289.1974877808257,33.855162948486004,255.3423248323397,28919.748778082572,0.08033263549467382,1.1687367114527245e-14,0.0,1.566889385475188,309.9689333146842,2.9134814499752957,299366.4322478326,,1.5,0.0,0.05
B,1.5,3.0,0.25,100,0.03,piston,3056.5978071063487,3039.75,16.847807106348682,1.0055424976087997,176.71458676442586,6.383558120808493,30.48734878449711,0.088894488456551,False,none,285.11485753919135,29.77253270685165,255.3423248323397,28511.485753919136,0.07919857153866426,1.4191802924783084e-14,0.0,1.566889385475188,309.9689333146842,2.9134814499752957,299366.4322478326,,2.0,0.0,0.05
B,1.5,3.0,0.25,100,0.03,piston,3053.0746477322486,3039.75,13.32464773224865,1.0043834682892503,176.71458676442586,6.383558120808493,27.122950214464,0.07907160408718987,False,none,278.8889210101983,23.546596177858643,255.3423248323397,27888.892101019832,0.07746914472505509,7.930713399143488e-15,0.0,1.566889385475188,309.9689333146842,2.9134814499752957,299366.4322478326,,3.0,0.0,0.05
B,1.5,3.0,0.25,100,0.03,piston,3050.5513455711293,3039.75,10.801345571129332,1.0035533664186624,176.71458676442586,6.383558120808493,24.42662489436954,0.07120258943770832,False,none,274.4298780233585,19.087553191018813,255.3423248323397,27442.987802335854,0.07623052167315515,1.099169050056729e-14,0.0,1.566889385475188,309.9689333146842,2.9134814499752957,299366.4322478326,,4.0,0.0,0.05
B,1.5,3.0,0.25,100,0.1,piston,10232.057470295022,10132.5,99.55747029502163,1.0098255583809546,176.71458676442586,21.27852706936164,40.53700398588819,0.1182688918426772,False,none,1027.0736549994292,175.9325722249635,851.1410827744656,102707.36549994293,0.28529823749984146,1.3690915762731917e-14,0.0,1.566889385475188,1033.2297777156139,2.9134814499752957,997888.1074927754,,0.0,0.0,0.05
B,1.5,3.0,0.25,100,0.1,piston,10228.837605663277,10132.5,96.33760566327692,1.00950778244888,176.71458676442586,21.27852706936164,39.88013601193426,0.11634721284679188,False,none,1021.3836845210676,170.24260174660193,851.1410827744656,102138.36845210676,0.283717690144741,1.8365862608542815e-15,0.0,1.566889385475188,1033.2297777156139,2.9134814499752957,997888.1074927754,,0.1,0.0,0.05
B,1.5,3.0,0.25,100,0.1,piston,10224.293045522089,10132.5,91.7930455220885,1.0090592692348472,176.71458676442586,21.27852706936164,38.93370183697767,0.11357885366544435,False,none,1013.3527838473057,162.21170107284001,851.1410827744656,101335.27838473057,0.28148688440202935,2.1204223193499433e-14,1.1213675656659638e-16,1.566889385475188,1033.2297777156139,2.9134814499752957,997888.1074927754,,0.25,0.0,0.05
B,1.5,3.0,0.25,100,0.1,piston,10217.402910266701,10132.5,84.90291026670093,1.008379265755411,176.71458676442586,21.27852706936164,37.45211076671014,0.10924617937327918,False,none,1001.1769098032375,150.03582702877185,851.1410827744656,100117.69098032375,0.278104697167566,2.2706884679652937e-14,1.212370031590545e-16,1.566889385475188,1033.2297777156139,2.9134814499752957,997888.1074927754,,0.5,0.0,0.05
B,1.5,3.0,0.25,100,0.1,piston,10205.761507429866,10132.5,73.26150742986647,1.0072303486237224,176.71458676442586,21.27852706936164,34.802642774777034,0.1015012645546248,False,none,980.6048528865433,129.46377011207767,851.1410827744656,98060.48528865434,0.2723902369129287,2.3541696616404884e-14,0.0,1.566889385475188,1033.2297777156139,2.9134814499752957,997888.1074927754,,1.0,0.0,0.05
B,1.5,3.0,0.25,100,0.1,piston,10196.360344088096,10132.5,63.8603440880961,1.0063025259401033,176.71458676442586,21.27852706936164,32.50264298994563,0.09478087845894075,False,none,963.9916259360851,112.85054316161948,851.1410827744656,96399.16259360852,0.26777545164891253,1.1854329501877635e-14,0.0,1.566889385475188,1033.2297777156139,2.9134814499752957,997888.1074927754,,1.5,0.0,0.05
B,1.5,3.0,0.25,100,0.1,piston,10188.659357021163,10132.5,56.15935702116258,1.0055424976087997,176.71458676442586,21.27852706936164,30.48734878449711,0.088894488456551,False,none,950.3828584639716,99.24177568950603,851.1410827744656,95038.28584639716,0.26399523846221434,1.4358765312133476e-14,0.0,1.566889385475188,1033.2297777156139,2.9134814499752957,997888.1074927754,,2.0,0.0,0.05
B,1.5,3.0,0.25,100,0.1,piston,10176.915492440829,10132.5,44.41549244082853,1.0043834682892503,176.71458676442586,21.27852706936164,27.122950214464,0.07907160408718987,False,none,929.6297367006606,78.48865392619494,851.1410827744656,92962.97367006606,0.25823048241685015,7.847232205468295e-15,0.0,1.566889385475188,1033.2297777156139,2.9134814499752957,997888.1074927754,,3.0,0.0,0.05
B,1.5,3.0,0.25,100,0.1,piston,10168.504485237097,10132.5,36.00448523709747,1.0035533664186624,176.71458676442586,21.27852706936164,24.42662489436954,0.07120258943770832,False,none,914.7662600778611,63.62517730339551,851.1410827744656,91476.62600778611,0.25410173891051696,1.101951756512569e-14,1.4294572374015074e-16,1.566889385475188,1033.2297777156139,2.9134814499752957,997888.1074927754,,4.0,0.0,0.05
B,1.5,3.0,0.25,150,0.001,piston,103.56701414484564,101.325,2.2420141448456405,1.0221269592385456,265.0718801466388,0.3191779060404246,60.59551521954858,0.17709674315671367,False,none,23.112640393689425,3.96196603126395,19.150674362425477,3466.896059053414,0.0064201778871359515,1.565272381409899e-15,0.0,1.1113585006373248,15.498446665734207,2.9134814499752957,14968.321612391634,,0.0,0.0,0.05
B,1.5,3.0,0.25,150,0.001,piston,103.4944415862993,101.325,2.1694415862992997,1.0214107237730008,265.0718801466388,0.3191779060404246,59.620195006263295,0.1742288195781085,False,none,22.984394096749888,3.8337197343244127,19.150674362425477,3447.659114512483,0.006384553915763857,4.3479788372497196e-15,1.9769631167652404e-16,1.1113585006373248,15.498446665734207,2.9134814499752957,14968.321612391634,,0.1,0.0,0.05
B,1.5,3.0,0.25,150,0.001,piston,103.39201875759706,101.325,2.0670187575970544,1.0203998890461097,265.0718801466388,0.3191779060404246,58.21436689345676,0.17009648951603346,False,none,22.80339801825628,3.6527236558308043,19.150674362425477,3420.5097027384422,0.006334277227293412,1.0261230055909338e-14,0.0,1.1113585006373248,15.498446665734207,2.9134814499752957,14968.321612391634,,0.25,0.0,0.05
B,1.5,3.0,0.25,150,0.001,piston,103.23674837510791,101.325,1.911748375107905,1.0188674895150052,265.0718801466388,0.3191779060404246,56.01232706171625,0.16362721758614177,False,none,22.52901260347304,3.3783382410475604,19.150674362425477,3379.3518905209557,0.006258059056520288,4.5218979907397085e-15,1.1217234589903372e-16,1.1113585006373248,15.498446665734207,2.9134814499752957,14968.321612391634,,0.5,0.0,0.05
B,1.5,3.0,0.25,150,0.001,piston,102.97445044594728,101.325,1.6494504459472807,1.0162788102240048,265.0718801466388,0.3191779060404246,52.07073995220692,0.1520574997543716,False,none,22.065493901865192,2.914819539439717,19.150674362425477,3309.824085279779,0.00612930386162922,5.73933206516963e-15,0.0,1.1113585006373248,15.498446665734207,2.9134814499752957,14968.321612391634,,1.0,0.0,0.05
B,1.5,3.0,0.25,150,0.001,piston,102.76266788654907,101.325,1.4376678865490646,1.014188678870457,265.0718801466388,0.3191779060404246,48.64534741070133,0.14201286039052058,False,none,21.69124322718551,2.540568864760034,19.150674362425477,3253.686484077826,0.006025345340884863,2.2609489953698543e-15,1.4916191841724148e-16,1.1113585006373248,15.498446665734207,2.9134814499752957,14968.321612391634,,1.5,0.0,0.05
B,1.5,3.0,0.25,150,0.001,piston,102.58921192237808,101.325,1.264211922378081,1.0124768016025472,265.0718801466388,0.3191779060404246,45.641316280363554,0.13321088557064403,False,none,21.384721236882505,2.23404687445703,19.150674362425477,3207.708185532376,0.0059402003435784735,3.4783830697997757e-16,1.6962765198506534e-16,1.1113585006373248,15.498446665734207,2.9134814499752957,14968.321612391634,,2.0,0.0,0.05
B,1.5,3.0,0.25,150,0.001,piston,102.32474024540639,101.325,0.999740245406386,1.0098666690886393,265.0718801466388,0.3191779060404246,40.6211878906397,0.11851519216402238,False,none,20.91736120581303,1.766686843387552,19.150674362425477,3137.6041808719547,0.005810378112725841,1.6522319581548935e-14,0.0,1.1113585006373248,15.498446665734207,2.9134814499752957,14968.321612391634,,3.0,0.0,0.05
B,1.5,3.0,0.25,150,0.001,piston,102.1353582228602,101.325,0.8103582228602022,1.0079976138451536,265.0718801466388,0.3191779060404246,36.5937087728209,0.10673648571900136,False,none,20.58269554726443,1.4320211848389515,19.150674362425477,3087.4043320896644,0.005717415429795675,5.565412911679641e-15,1.3231512555498205e-16,1.1113585006373248,15.498446665734207,2.9134814499752957,14968.321612391634,,4.0,0.0,0.05
B,1.5,3.0,0.25,150,0.003,piston,310.70104243453693,303.975,6.726042434536907,1.0221269592385456,265.0718801466388,0.957533718121274,60.59551521954858,0.17709674315671367,False,none,69.33792118106825,11.885898093791825,57.45202308727643,10400.688177160238,0.01926053366140785,1.5072993302465693e-15,1.2753133932274053e-16,1.1113585006373248,46.49533999720263,2.9134814499752957,44904.9648371749,,0.0,0.0,0.05
B,1.5,3.0,0.25,150,0.003,piston,310.48332475889794,303.975,6.508324758897913,1.0214107237730008,265.0718801466388,0.957533718121274,59.620195006263295,0.1742288195781085,False,none,68.9531822902497,11.501159202973264,57.45202308727643,10342.977343537455,0.01915366174729158,4.17405968375973e-15,0.0,1.1113585006373248,46.49533999720263,2.9134814499752957,44904.9648371749,,0.1,0.0,0.05
B,1.5,3.0,0.25,150,0.003,piston,310.1760562727912,303.975,6.201056272791163,1.0203998890461097,265.0718801466388,0.957533718121274,58.21436689345676,0.17009648951603346,False,none,68.41019405476884,10.958170967492412,57.45202308727643,10261.529108215325,0.019002831681880234,1.0087310902419349e-14,1.3832823994547975e-16,1.1113585006373248,46.49533999720263,2.9134814499752957,44904.9648371749,,0.25,0.0,0.05
B,1.5,3.0,0.25,150,0.003,piston,309.7102451253238,303.975,5.735245125323786,1.0188674895150054,265.0718801466388,0.957533718121274,56.01232706171625,0.16362721758614177,False,none,67.58703781041923,10.135014723142806,57.45202308727643,10138.055671562885,0.0187741771695609,4.7537901953930265e-15,1.4956312786537642e-16,1.1113585006373248,46.49533999720263,2.9134814499752957,44904.9648371749,,0.5,0.0,0.05
B,1.5,3.0,0.25,150,0.003,piston,308.9233513378419,303.975,4.948351337841871,1.0162788102240048,265.0718801466388,0.957533718121274,52.07073995220692,0.1520574997543716,False,none,66.19648170559563,8.7444586183192,57.45202308727643,9929.472255839344,0.018387911584887676,5.6813590140062994e-15,1.7334686675505608e-16,1.1113585006373248,46.49533999720263,2.9134814499752957,44904.9648371749,,1.0,0.0,0.05
B,1.5,3.0,0.25,150,0.003,piston,308.2880036596472,303.975,4.3130036596471655,1.014188678870457,265.0718801466388,0.957533718121274,48.64534741070133,0.14201286039052058,False,none,65.07372968155649,7.621706594280053,57.45202308727643,9761.059452233472,0.01807603602265458,2.2029759442065244e-15,0.0,1.1113585006373248,46.49533999720263,2.9134814499752957,44904.9648371749,,1.5,0.0,0.05
B,1.5,3.0,0.25,150,0.003,piston,307.76763576713427,303.975,3.792635767134243,1.0124768016025472,265.0718801466388,0.957533718121274,45.641316280363554,0.13321088557064403,False,none,64.15416371064752,6.70214062337109,57.45202308727643,9623.12455659713,0.017820601030735423,4.637844093066367e-16,1.130851013233769e-16,1.1113585006373248,46.49533999720263,2.9134814499752957,44904.9648371749,,2.0,0.0,0.05
B,1.5,3.0,0.25,150,0.003,piston,306.9742207362192,303.975,2.999220736219172,1.0098666690886395,265.0718801466388,0.957533718121274,40.6211878906397,0.11851519216402238,False,none,62.75208361743911,5.300060530162681,57.45202308727643,9412.812542615868,0.017431134338177532,1.6464346530385603e-14,0.0,1.1113585006373248,46.49533999720263,2.9134814499752957,44904.9648371749,,3.0,0.0,0.05
B,1.5,3.0,0.25,150,0.003,piston,306.40607466858063,303.975,2.4310746685806066,1.0079976138451536,265.0718801466388,0.957533718121274,36.5937087728209,0.10673648571900136,False,none,61.748086641793286,4.296063554516855,57.45202308727643,9262.212996268992,0.017152246289387024,5.449466809352981e-15,0.0,1.1113585006373248,46.49533999720263,2.9134814499752957,44904.9648371749,,4.0,0.0,0.05
B,1.5,3.0,0.25,150,0.01,piston,1035.6701414484564,1013.25,22.420141448456434,1.0221269592385458,265.0718801466388,3.1917790604042464,60.59551521954858,0.17709674315671367,False,none,231.12640393689435,39.61966031263955,191.5067436242548,34668.96059053415,0.06420177887135954,1.5304885507119012e-15,0.0,1.1113585006373248,154.98446665734207,2.9134814499752957,149683.2161239163,,0.0,0.0,0.05
B,1.5,3.0,0.25,150,0.01,piston,1034.944415862993,1013.25,21.694415862993083,1.0214107237730008,265.0718801466388,3.1917790604042464,59.620195006263295,0.1742288195781085,False,none,229.84394096749907,38.33719734324428,191.5067436242548,34476.59114512486,0.06384553915763863,4.174059683759731e-15,1.5815704934121861e-16,1.1113585006373248,154.98446665734207,2.9134814499752957,149683.2161239163,,0.1,0.0,0.05
B,1.5,3.0,0.25,150,0.01,piston,1033.9201875759704,1013.25,20.67018757597043,1.0203998890461095,265.0718801466388,3.1917790604042464,58.21436689345676,0.17009648951603346,False,none,228.03398018256263,36.52723655830784,191.5067436242548,34205.09702738439,0.06334277227293407,0.0,0.0,1.1113585006373248,154.98446665734207,2.9134814499752957,149683.2161239163,,0.25,0.0,0.05
B,1.5,3.0,0.25,150,0.01,piston,1032.3674837510794,1013.25,19.117483751079362,1.0188674895150056,265.0718801466388,3.1917790604042464,56.01232706171625,0.16362721758614177,False,none,225.29012603473095,33.78338241047616,191.5067436242548,33793.51890520964,0.06258059056520304,4.7306009749276944e-15,0.0,1.1113585006373248,154.98446665734207,2.9134814499752957,149683.2161239163,,0.5,0.0,0.05
B,1.5,3.0,0.25,150,0.01,piston,1029.7445044594726,1013.25,16.494504459472637,1.0162788102240046,265.0718801466388,3.1917790604042464,52.070739952205685,0.15205749975436797,False,none,220.65493901865165,29.148195394396865,191.5067436242548,33098.240852797746,0.06129303861629212,5.426277588887649e-15,2.0801624010607064e-16,1.1113585006373248,154.98446665734207,2.9134814499752957,149683.2161239163,,1.0,0.0,0.05
B,1.5,3.0,0.25,150,0.01,piston,1027.626678865491,1013.25,14.37667886549093,1.0141886788704573,265.0718801466388,3.1917790604042464,48.64534741070133,0.14201286039052058,False,none,216.91243227185564,25.405688647600847,191.5067436242548,32536.864840778344,0.06025345340884879,1.641796808945494e-14,1.1932953473379082e-16,1.1113585006373248,154.98446665734207,2.9134814499752957,149683.2161239163,,1.5,0.0,0.05
B,1.5,3.0,0.25,150,0.01,piston,1025.8921192237808,1013.25,12.64211922378081,1.0124768016025472,265.0718801466388,3.1917790604042464,45.641316280363554,0.13321088557064403,False,none,213.8472123688251,22.340468744570302,191.5067436242548,32077.081855323766,0.05940200343578475,2.78270645583982e-16,0.0,1.1113585006373248,154.98446665734207,2.9134814499752957,149683.2161239163,,2.0,0.0,0.05
B,1.5,3.0,0.25,150,0.01,piston,1023.247402454064,1013.25,9.997402454063945,1.0098666690886395,265.0718801466388,3.1917790604042464,40.6211878906397,0.11851519216402238,False,none,209.17361205813046,17.66686843387567,191.5067436242548,31376.04180871957,0.05810378112725846,1.641796808945494e-14,1.7160081410334544e-16,1.1113585006373248,154.98446665734207,2.9134814499752957,149683.2161239163,,3.0,0.0,0.05
B,1.5,3.0,0.25,150,0.01,piston,1021.353582228602,1013.25,8.103582228602022,1.0079976138451536,265.0718801466388,3.1917790604042464,36.5937087728209,0.10673648571900136,False,none,205.8269554726443,14.320211848389516,191.5067436242548,30874.043320896646,0.05717415429795675,5.426277588887649e-15,2.1170420088797127e-16,1.1113585006373248,154.98446665734207,2.9134814499752957,149683.2161239163,,4.0,0.0,0.05
B,1.5,3.0,0.25,150,0.03,piston,3107.0104243453693,3039.75,67.2604243453693,1.0221269592385458,265.0718801466388,9.57533718121274,60.59551521954858,0.17709674315671367,False,none,693.3792118106829,118.85898093791864,574.5202308727643,104006.88177160244,0.19260533661407858,1.2985963460585826e-15,0.0,1.1113585006373248,464.95339997202626,2.9134814499752957,449049.648371749,,0.0,0.0,0.05
B,1.5,3.0,0.25,150,0.03,piston,3104.833247588979,3039.75,65.0832475889788,1.0214107237730006,265.0718801466388,9.57533718121274,59.620195006263295,0.1742288195781085,False,none,689.5318229024963,115.01159202973203,574.5202308727643,103429.77343537445,0.19153661747291564,3.8957890381757484e-15,0.0,1.1113585006373248,464.95339997202626,2.9134814499752957,449049.648371749,,0.1,0.0,0.05
B,1.5,3.0,0.25,150,0.03,piston,3101.760562727911,3039.75,62.01056272791084,1.0203998890461092,265.0718801466388,9.57533718121274,58.21436689345565,0.17009648951603018,False,none,684.101940547687,109.58170967492272,574.5202308727643,102615.29108215305,0.19002831681880195,0.0,0.0,1.1113585006373248,464.95339997202626,2.9134814499752957,449049.648371749,,0.25,0.0,0.05
B,1.5,3.0,0.25,150,0.03,piston,3097.102451253237,3039.75,57.35245125323718,1.0188674895150052,265.0718801466388,9.57533718121274,56.01232706171625,0.16362721758614177,False,none,675.8703781041911,101.35014723142686,574.5202308727643,101380.55671562867,0.18774177169560863,4.452330329343712e-15,1.1965050229230258e-16,1.1113585006373248,464.95339997202626,2.9134814499752957,449049.648371749,,0.5,0.0,0.05
B,1.5,3.0,0.25,150,0.03,piston,3089.2335133784186,3039.75,49.48351337841859,1.0162788102240048,265.0718801466388,9.57533718121274,52.07073995220692,0.1520574997543716,False,none,661.964817055956,87.4445861831918,574.5202308727643,99294.7225583934,0.18387911584887667,5.56541291167964e-15,1.386774934040452e-16,1.1113585006373248,464.95339997202626,2.9134814499752957,449049.648371749,,1.0,0.0,0.05
B,1.5,3.0,0.25,150,0.03,piston,3082.8800365964726,3039.75,43.130036596472564,1.0141886788704573,265.0718801466388,9.57533718121274,48.64534741070133,0.14201286039052058,False,none,650.7372968155664,76.21706594280214,574.5202308727643,97610.59452233497,0.18076036022654624,2.226165164671856e-15,1.5910604631172194e-16,1.1113585006373248,464.95339997202626,2.9134814499752957,449049.648371749,,1.5,0.0,0.05
B,1.5,3.0,0.25,150,0.03,piston,3077.6763576713433,3039.75,37.92635767134334,1.0124768016025474,265.0718801466388,9.57533718121274,45.641316280363554,0.13321088557064403,False,none,641.5416371064767,67.02140623371251,574.5202308727643,96231.2455659715,0.17820601030735464,5.56541291167964e-16,0.0,1.1113585006373248,464.95339997202626,2.9134814499752957,449049.648371749,,2.0,0.0,0.05
B,1.5,3.0,0.25,150,0.03,piston,3069.742207362192,3039.75,29.992207362191948,1.0098666690886395,265.0718801466388,9.57533718121274,40.6211878906397,0.11851519216402238,False,none,627.5208361743914,53.00060530162721,574.5202308727643,94128.12542615872,0.1743113433817754,1.6325211207593612e-14,1.144005427355632e-16,1.1113585006373248,464.95339997202626,2.9134814499752957,449049.648371749,,3.0,0.0,0.05
B,1.5,3.0,0.25,150,0.03,piston,3064.060746685806,3039.75,24.310746685805952,1.0079976138451536,265.0718801466388,9.57533718121274,36.5937087728209,0.10673648571900136,False,none,617.4808664179326,42.960635545168344,574.5202308727643,92622.12996268988,0.17152246289387016,5.379899147956986e-15,0.0,1.1113585006373248,464.95339997202626,2.9134814499752957,449049.648371749,,4.0,0.0,0.05
B,1.5,3.0,0.25,150,0.1,piston,10356.701414484567,10132.5,224.20141448456707,1.022126959238546,265.0718801466388,31.917790604042466,60.59551521954858,0.17709674315671367,False,none,2311.264039368948,396.1966031264003,1915.067436242548,346689.6059053422,0.6420177887135967,1.0908209306892095e-14,1.2243008574982901e-16,1.1113585006373248,1549.844666573421,2.9134814499752957,1496832.1612391633,,0.0,0.0,0.05
B,1.5,3.0,0.25,150,0.1,piston,10349.444158629929,10132.5,216.944158629929,1.0214107237730006,265.0718801466388,31.917790604042466,59.620195006263295,0.1742288195781085,False,none,2298.4394096749875,383.3719734324396,1915.067436242548,344765.9114512481,0.6384553915763854,4.007097296409341e-15,1.2652563947297596e-16,1.1113585006373248,1549.844666573421,2.9134814499752957,1496832.1612391633,,0.1,0.0,0.05
B,1.5,3.0,0.25,150,0.1,piston,10339.201875759705,10132.5,206.70187575970522,1.0203998890461097,265.0718801466388,31.917790604042466,58.21436689345676,0.17009648951603346,False,none,2280.339801825628,365.27236558308005,1915.067436242548,342050.9702738442,0.6334277227293411,1.1130825823359281e-16,0.0,1.1113585006373248,1549.844666573421,2.9134814499752957,1496832.1612391633,,0.25,0.0,0.05
B,1.5,3.0,0.25,150,0.1,piston,10323.674837510793,10132.5,191.1748375107927,1.0188674895150054,265.0718801466388,31.917790604042466,56.01232706171625,0.16362721758614177,False,none,2252.901260347308,337.83382410475997,1915.067436242548,337935.18905209616,0.62580590565203,4.7862551040444905e-15,0.0,1.1113585006373248,1549.844666573421,2.9134814499752957,1496832.1612391633,,0.5,0.0,0.05
B,1.5,3.0,0.25,150,0.1,piston,10297.445044594726,10132.5,164.9450445947259,1.0162788102240046,265.0718801466388,31.917790604042466,52.070739952205685,0.15205749975436797,False,none,2206.5493901865157,291.4819539439679,1915.067436242548,330982.40852797736,0.6129303861629211,5.454104653446047e-15,0.0,1.1113585006373248,1549.844666573421,2.9134814499752957,1496832.1612391633,,1.0,0.0,0.05
B,1.5,3.0,0.25,150,0.1,piston,10276.266788654906,10132.5,143.76678865490612,1.014188678870457,265.0718801466388,31.917790604042466,48.64534741070133,0.14201286039052058,False,none,2169.124322718551,254.05688647600283,1915.067436242548,325368.64840778266,0.6025345340884863,2.1148569064382634e-15,0.0,1.1113585006373248,1549.844666573421,2.9134814499752957,1496832.1612391633,,1.5,0.0,0.05
B,1.5,3.0,0.25,150,0.1,piston,10258.921192237809,10132.5,126.42119223780901,1.0124768016025472,265.0718801466388,31.917790604042466,45.641316280363554,0.13321088557064403,False,none,2138.4721236882524,223.4046874457046,1915.067436242548,320770.8185532379,0.5940200343578479,4.452330329343713e-16,0.0,1.1113585006373248,1549.844666573421,2.9134814499752957,1496832.1612391633,,2.0,0.0,0.05
B,1.5,3.0,0.25,150,0.1,piston,10232.47402454064,10132.5,99.97402454063922,1.0098666690886395,265.0718801466388,31.917790604042466,40.6211878906397,0.11851519216402238,False,none,2091.736120581304,176.6686843387563,1915.067436242548,313760.4180871956,0.5810378112725845,1.6362313960338143e-14,1.3728065128267668e-16,1.1113585006373248,1549.844666573421,2.9134814499752957,1496832.1612391633,,3.0,0.0,0.05
B,1.5,3.0,0.25,150,0.1,piston,10213.53582228602,10132.5,81.03582228601954,1.0079976138451536,265.0718801466388,31.917790604042466,36.5937087728209,0.10673648571900136,False,none,2058.269554726442,143.20211848389394,1915.067436242548,308740.4332089663,0.5717415429795673,5.231488136978862e-15,1.6936336071037846e-16,1.1113585006373248,1549.844666573421,2.9134814499752957,1496832.1612391633,,4.0,0.0,0.05
B,1.5,3.0,0.25,200,0.001,piston,105.31572748895896,101.325,3.990727488958953,1.0393854180997677,353.4291735288517,0.4255705413872328,80.40842744414837,0.23556484921965157,False,none,41.097840901986785,7.052197591008163,34.045643310978626,8219.568180397357,0.011416066917218552,3.3914234930547814e-15,1.6120767498995115e-16,0.9071426035812019,20.664595554312275,2.9134814499752957,19957.76214985551,kantrowitz_limit;nonlinear_acoustic_pulse,0.0,0.0,0.05
B,1.5,3.0,0.25,200,0.001,piston,105.18639527544221,101.325,3.861395275442206,1.038109008393212,353.4291735288517,0.4255705413872328,79.12613863954284,0.23176756220680017,False,none,40.869292015317384,6.8236487043387575,34.045643310978626,8173.8584030634765,0.01135258111536594,3.2609841279372897e-15,1.6660710808475418e-16,0.9071426035812019,20.664595554312275,2.9134814499752957,19957.76214985551,kantrowitz_limit;nonlinear_acoustic_pulse,0.1,0.0,0.05
B,1.5,3.0,0.25,200,0.001,piston,105.00388432906689,101.325,3.6788843290668893,1.0363077653991304,353.4291735288517,0.4255705413872328,77.27684572206988,0.22629466897235193,False,none,40.546768550630404,6.501125239651774,34.045643310978626,8109.353710126081,0.011262991264064002,1.9565904767623737e-15,0.0,0.9071426035812019,20.664595554312275,2.9134814499752957,19957.76214985551,kantrowitz_limit;nonlinear_acoustic_pulse,0.25,0.0,0.05
B,1.5,3.0,0.25,200,0.001,piston,104.72724191357524,101.325,3.4022419135752386,1.033577517035038,353.4291735288517,0.4255705413872328,74.37786048639809,0.21772331918234358,False,none,40.0579010492792,6.012257738300578,34.045643310978626,8011.580209855841,0.01112719473591089,2.6087873023498317e-15,1.890917566580416e-16,0.9071426035812019,20.664595554312275,2.9134814499752957,19957.76214985551,kantrowitz_limit;nonlinear_acoustic_pulse,0.5,0.0,0.05
B,1.5,3.0,0.25,200,0.001,piston,104.26001849592464,101.325,2.9350184959246377,1.0289663804186986,353.4291735288517,0.4255705413872328,69.18197680471346,0.20238430166279295,False,none,39.232249117511316,5.1866058065326905,34.045643310978626,7846.449823502263,0.010897846977086477,6.261089525639596e-15,0.0,0.9071426035812019,20.664595554312275,2.9134814499752957,19957.76214985551,kantrowitz_limit;nonlinear_acoustic_pulse,1.0,0.0,0.05
B,1.5,3.0,0.25,200,0.001,piston,103.88287550800324,101.325,2.557875508003235,1.0252442685221144,353.4291735288517,0.4255705413872328,64.65985613786715,0.18905743248382711,False,none,38.565782444895,4.520139133916376,34.045643310978626,7713.156488979,0.010712717345804167,8.087240637284479e-15,1.2575590524258328e-16,0.9071426035812019,20.664595554312275,2.9134814499752957,19957.76214985551,kantrowitz_limit;nonlinear_acoustic_pulse,1.5,0.0,0.05
B,1.5,3.0,0.25,200,0.001,piston,103.57405038752103,101.325,2.2490503875210237,1.0221964015546117,353.4291735288517,0.4255705413872328,60.68919720787823,0.17737226001785103,False,none,38.02004340941012,3.9744000984314956,34.045643310978626,7604.008681882025,0.01056112316928059,6.521968255874579e-16,0.0,0.9071426035812019,20.664595554312275,2.9134814499752957,19957.76214985551,kantrowitz_limit;nonlinear_acoustic_pulse,2.0,0.0,0.05
B,1.5,3.0,0.25,200,0.001,piston,103.10329255974213,101.325,1.7782925597421269,1.0175503830223749,353.4291735288517,0.4255705413872328,54.04441469993739,0.1578492390248511,False,none,37.188145659389455,3.1425023484108303,34.045643310978626,7437.629131877891,0.010330040460941516,1.0304709844281835e-14,0.0,0.9071426035812019,20.664595554312275,2.9134814499752957,19957.76214985551,kantrowitz_limit;nonlinear_acoustic_pulse,3.0,0.0,0.05
B,1.5,3.0,0.25,200,0.001,piston,102.76627818687061,101.325,1.4412781868706048,1.0142243097643286,353.4291735288517,0.4255705413872328,48.705837766152186,0.14219016661722744,False,none,36.59259210303283,2.546948792054199,34.045643310978626,7318.518420606566,0.01016460891750912,4.565377779112205e-15,1.115912087399329e-16,0.9071426035812019,20.664595554312275,2.9134814499752957,19957.76214985551,kantrowitz_limit;nonlinear_acoustic_pulse,4.0,0.0,0.05
B,1.5,3.0,0.25,200,0.003,piston,315.9471824668769,303.975,11.972182466876859,1.0393854180997677,353.4291735288517,1.2767116241616985,80.40842744414837,0.23556484921965157,False,none,123.29352270596037,21.15659277302449,102.13692993293589,24658.704541192074,0.03424820075165566,3.304463916309787e-15,2.149435666532682e-16,0.9071426035812019,61.993786662936834,2.9134814499752957,59873.286449566534,kantrowitz_limit;nonlinear_acoustic_pulse,0.0,0.0,0.05
B,1.5,3.0,0.25,200,0.003,piston,315.55918582632665,303.975,11.584185826326632,1.038109008393212,353.4291735288517,1.2767116241616985,79.12613863954284,0.23176756220680017,False,none,122.60787604595218,20.4709461130163,102.13692993293589,24521.575209190436,0.034057743346097825,3.304463916309787e-15,1.11071405389836e-16,0.9071426035812019,61.993786662936834,2.9134814499752957,59873.286449566534,kantrowitz_limit;nonlinear_acoustic_pulse,0.1,0.0,0.05
B,1.5,3.0,0.25,200,0.003,piston,315.0116529872007,303.975,11.036652987200682,1.0363077653991304,353.4291735288517,1.2767116241616985,77.27684572206988,0.22629466897235193,False,none,121.64030565189123,19.503375718955347,102.13692993293589,24328.061130378246,0.033788973792192006,2.0870298418798653e-15,1.1658170294194116e-16,0.9071426035812019,61.993786662936834,2.9134814499752957,59873.286449566534,kantrowitz_limit;nonlinear_acoustic_pulse,0.25,0.0,0.05
B,1.5,3.0,0.25,200,0.003,piston,314.1817257407257,303.975,10.206725740725688,1.033577517035038,353.4291735288517,1.2767116241616985,74.37786048639809,0.21772331918234358,False,none,120.17370314783757,18.036773214901682,102.13692993293589,24034.740629567514,0.033381584207732656,2.6087873023498317e-15,0.0,0.9071426035812019,61.993786662936834,2.9134814499752957,59873.286449566534,kantrowitz_limit;nonlinear_acoustic_pulse,0.5,0.0,0.05
B,1.5,3.0,0.25,200,0.003,piston,312.78005548777395,303.975,8.805055487773927,1.0289663804186986,353.4291735288517,1.2767116241616985,69.18197680471346,0.20238430166279295,False,none,117.69674735253398,15.559817419598097,102.13692993293589,23539.349470506793,0.03269354093125944,6.261089525639596e-15,0.0,0.9071426035812019,61.993786662936834,2.9134814499752957,59873.286449566534,kantrowitz_limit;nonlinear_acoustic_pulse,1.0,0.0,0.05
B,1.5,3.0,0.25,200,0.003,piston,311.64862652400967,303.975,7.673626524009649,1.0252442685221141,353.4291735288517,1.2767116241616985,64.65985613786616,0.18905743248382417,False,none,115.6973473346849,13.560417401749026,102.13692993293589,23139.469466936982,0.03213815203741247,7.826361907049495e-15,1.6767454032344559e-16,0.9071426035812019,61.993786662936834,2.9134814499752957,59873.286449566534,kantrowitz_limit;nonlinear_acoustic_pulse,1.5,0.0,0.05
B,1.5,3.0,0.25,200,0.003,piston,310.7221511625632,303.975,6.747151162563171,1.0221964015546119,353.4291735288517,1.2767116241616985,60.689197207879296,0.17737226001785417,False,none,114.06013022823055,11.923200295294663,102.13692993293589,22812.02604564611,0.03168336950784182,1.2174340744299214e-15,1.9069852876074065e-16,0.9071426035812019,61.993786662936834,2.9134814499752957,59873.286449566534,kantrowitz_limit;nonlinear_acoustic_pulse,2.0,0.0,0.05
B,1.5,3.0,0.25,200,0.003,piston,309.3098776792264,303.975,5.334877679226395,1.0175503830223749,353.4291735288517,1.2767116241616985,54.04441469993739,0.1578492390248511,False,none,111.5644369781684,9.427507045232517,102.13692993293589,22312.88739563368,0.030990121382824556,1.0261230055909338e-14,1.205905624638142e-16,0.9071426035812019,61.993786662936834,2.9134814499752957,59873.286449566534,kantrowitz_limit;nonlinear_acoustic_pulse,3.0,0.0,0.05
B,1.5,3.0,0.25,200,0.003,piston,308.29883456061185,303.975,4.323834560611829,1.0142243097643286,353.4291735288517,1.2767116241616985,48.705837766152186,0.14219016661722744,False,none,109.77777630909851,7.640846376162622,102.13692993293589,21955.555261819703,0.030493826752527365,4.6958171442296974e-15,0.0,0.9071426035812019,61.993786662936834,2.9134814499752957,59873.286449566534,kantrowitz_limit;nonlinear_acoustic_pulse,4.0,0.0,0.05
B,1.5,3.0,0.25,200,0.01,piston,1053.1572748895896,1013.25,39.907274889589644,1.0393854180997677,353.4291735288517,4.255705413872328,80.40842744414837,0.23556484921965157,False,none,410.97840901986814,70.52197591008182,340.4564331097863,82195.68180397362,0.11416066917218559,3.547950731195771e-15,1.2896613999196055e-16,0.9071426035812018,206.64595554312277,2.9134814499752957,199577.6214985551,kantrowitz_limit;nonlinear_acoustic_pulse,0.0,0.0,0.05
B,1.5,3.0,0.25,200,0.01,piston,1051.8639527544221,1013.25,38.613952754422144,1.038109008393212,353.4291735288517,4.255705413872328,79.12613863954284,0.23176756220680017,False,none,408.69292015317404,68.23648704338773,340.4564331097863,81738.58403063481,0.11352581115365945,3.3392477470077847e-15,0.0,0.9071426035812018,206.64595554312277,2.9134814499752957,199577.6214985551,kantrowitz_limit;nonlinear_acoustic_pulse,0.1,0.0,0.05
B,1.5,3.0,0.25,200,0.01,piston,1050.0388432906689,1013.25,36.788843290668865,1.0363077653991304,353.4291735288517,4.255705413872328,77.27684572206988,0.22629466897235193,False,none,405.467685506304,65.01125239651769,340.4564331097863,81093.53710126081,0.11262991264064,2.0870298418798653e-15,0.0,0.9071426035812018,206.64595554312277,2.9134814499752957,199577.6214985551,kantrowitz_limit;nonlinear_acoustic_pulse,0.25,0.0,0.05
B,1.5,3.0,0.25,200,0.01,piston,1047.2724191357524,1013.25,34.02241913575244,1.033577517035038,353.4291735288517,4.255705413872328,74.37786048639809,0.21772331918234358,False,none,400.5790104927922,60.122577383005876,340.4564331097863,80115.80209855843,0.11127194735910893,2.713138794443825e-15,1.51273405326433e-16,0.9071426035812018,206.64595554312277,2.9134814499752957,199577.6214985551,kantrowitz_limit;nonlinear_acoustic_pulse,0.5,0.0,0.05
B,1.5,3.0,0.25,200,0.01,piston,1042.6001849592465,1013.25,29.350184959246462,1.0289663804186988,353.4291735288517,4.255705413872328,69.18197680471346,0.20238430166279295,False,none,392.3224911751134,51.86605806532706,340.4564331097863,78464.49823502268,0.10897846977086482,6.261089525639596e-15,0.0,0.9071426035812018,206.64595554312277,2.9134814499752957,199577.6214985551,kantrowitz_limit;nonlinear_acoustic_pulse,1.0,0.0,0.05
B,1.5,3.0,0.25,200,0.01,piston,1038.8287550800321,1013.25,25.578755080032124,1.0252442685221141,353.4291735288517,4.255705413872328,64.65985613786616,0.18905743248382417,False,none,385.65782444894967,45.20139133916336,340.4564331097863,77131.56488978994,0.10712717345804157,7.722010414955501e-15,0.0,0.9071426035812018,206.64595554312277,2.9134814499752957,199577.6214985551,kantrowitz_limit;nonlinear_acoustic_pulse,1.5,0.0,0.05
B,1.5,3.0,0.25,200,0.01,piston,1035.7405038752106,1013.25,22.490503875210607,1.0221964015546119,353.4291735288517,4.255705413872328,60.689197207879296,0.17737226001785417,False,none,380.2004340941019,39.744000984315605,340.4564331097863,76040.08681882039,0.10561123169280609,1.0435149209399327e-15,1.144191172564442e-16,0.9071426035812018,206.64595554312277,2.9134814499752957,199577.6214985551,kantrowitz_limit;nonlinear_acoustic_pulse,2.0,0.0,0.05
B,1.5,3.0,0.25,200,0.01,piston,1031.0329255974214,1013.25,17.782925597421354,1.0175503830223749,353.4291735288517,4.255705413872328,54.04441469993739,0.1578492390248511,False,none,371.88145659389477,31.425023484108454,340.4564331097863,74376.29131877895,0.10330040460941521,1.022644622521134e-14,0.0,0.9071426035812018,206.64595554312277,2.9134814499752957,199577.6214985551,kantrowitz_limit;nonlinear_acoustic_pulse,3.0,0.0,0.05
B,1.5,3.0,0.25,200,0.01,piston,1027.6627818687061,1013.25,14.412781868706134,1.0142243097643289,353.4291735288517,4.255705413872328,48.705837766152186,0.14219016661722744,False,none,365.9259210303284,25.46948792054214,340.4564331097863,73185.18420606568,0.10164608917509123,4.800168636323691e-15,0.0,0.9071426035812018,206.64595554312277,2.9134814499752957,199577.6214985551,kantrowitz_limit;nonlinear_acoustic_pulse,4.0,0.0,0.05
B,1.5,3.0,0.25,200,0.03,piston,3159.4718246687685,3039.75,119.72182466876848,1.0393854180997675,353.4291735288517,12.767116241616986,80.40842744414837,0.23556484921965157,False,none,1232.9352270596034,211.56592773024468,1021.3692993293588,246587.0454119207,0.3424820075165565,3.200112424215793e-15,1.7195485332261474e-16,0.9071426035812019,619.9378666293684,2.9134814499752957,598732.8644956652,kantrowitz_limit;nonlinear_acoustic_pulse,0.0,0.0,0.05
B,1.5,3.0,0.25,200,0.03,piston,3155.591858263266,3039.75,115.8418582632662,1.038109008393212,353.4291735288517,12.767116241616986,79.12613863954284,0.23176756220680017,False,none,1226.0787604595216,204.7094611301628,1021.3692993293588,245215.75209190432,0.34057743346097824,3.0609771014238024e-15,0.0,0.9071426035812019,619.9378666293684,2.9134814499752957,598732.8644956652,kantrowitz_limit;nonlinear_acoustic_pulse,0.1,0.0,0.05
B,1.5,3.0,0.25,200,0.03,piston,3150.1165298720066,3039.75,110.3665298720066,1.0363077653991304,353.4291735288517,12.767116241616986,77.27684572206988,0.22629466897235193,False,none,1216.4030565189119,195.03375718955309,1021.3692993293588,243280.61130378238,0.33788973792191995,1.9478945190878742e-15,0.0,0.9071426035812019,619.9378666293684,2.9134814499752957,598732.8644956652,kantrowitz_limit;nonlinear_acoustic_pulse,0.25,0.0,0.05
B,1.5,3.0,0.25,200,0.03,piston,3141.817257407257,3039.75,102.06725740725688,1.033577517035038,353.4291735288517,12.767116241616986,74.37786048639809,0.21772331918234358,False,none,1201.7370314783757,180.36773214901683,1021.3692993293588,240347.40629567514,0.33381584207732656,2.3653004874638472e-15,0.0,0.9071426035812019,619.9378666293684,2.9134814499752957,598732.8644956652,kantrowitz_limit;nonlinear_acoustic_pulse,0.5,0.0,0.05
B,1.5,3.0,0.25,200,0.03,piston,3127.800554877739,3039.75,88.05055487773916,1.0289663804186986,353.4291735288517,12.767116241616986,69.18197680471346,0.20238430166279295,False,none,1176.9674735253395,155.5981741959808,1021.3692993293588,235393.49470506792,0.3269354093125943,5.982818880055614e-15,1.1690300435368748e-16,0.9071426035812019,619.9378666293684,2.9134814499752957,598732.8644956652,kantrowitz_limit;nonlinear_acoustic_pulse,1.0,0.0,0.05
B,1.5,3.0,0.25,200,0.03,piston,3116.486265240097,3039.75,76.73626524009705,1.0252442685221144,353.4291735288517,12.767116241616986,64.65985613786715,0.18905743248382711,False,none,1156.9734733468501,135.60417401749126,1021.3692993293588,231394.69466937002,0.32138152037412504,7.930713399143488e-15,1.3413963225875548e-16,0.9071426035812019,619.9378666293684,2.9134814499752957,598732.8644956652,kantrowitz_limit;nonlinear_acoustic_pulse,1.5,0.0,0.05
B,1.5,3.0,0.25,200,0.03,piston,3107.2215116256316,3039.75,67.47151162563159,1.0221964015546119,353.4291735288517,12.767116241616986,60.689197207879296,0.17737226001785417,False,none,1140.6013022823051,119.23200295294642,1021.3692993293588,228120.26045646102,0.3168336950784181,8.348119367519461e-16,0.0,0.9071426035812019,619.9378666293684,2.9134814499752957,598732.8644956652,kantrowitz_limit;nonlinear_acoustic_pulse,2.0,0.0,0.05
B,1.5,3.0,0.25,200,0.03,piston,3093.098776792264,3039.75,53.348776792263834,1.0175503830223749,353.4291735288517,12.767116241616986,54.04441469993739,0.1578492390248511,False,none,1115.6443697816837,94.27507045232497,1021.3692993293588,223128.87395633676,0.3099012138282455,1.0156878563815344e-14,0.0,0.9071426035812019,619.9378666293684,2.9134814499752957,598732.8644956652,kantrowitz_limit;nonlinear_acoustic_pulse,3.0,0.0,0.05
B,1.5,3.0,0.25,200,0.03,piston,3082.9883456061184,3039.75,43.2383456061184,1.0142243097643289,353.4291735288517,12.767116241616986,48.705837766152186,0.14219016661722744,False,none,1097.7777630909852,76.40846376162642,1021.3692993293588,219555.55261819705,0.3049382675252737,4.452330329343712e-15,1.1903062265592772e-16,0.9071426035812019,619.9378666293684,2.9134814499752957,598732.8644956652,kantrowitz_limit;nonlinear_acoustic_pulse,4.0,0.0,0.05
B,1.5,3.0,0.25,200,0.1,piston,10531.572748895895,10132.5,399.0727488958946,1.0393854180997675,353.4291735288517,42.55705413872328,80.40842744414837,0.23556484921965157,False,none,4109.784090198677,705.219759100815,3404.5643310978626,821956.8180397354,1.1416066917218548,3.3392477470077847e-15,0.0,0.907142603581202,2066.4595554312277,2.9134814499752957,1995776.2149855508,kantrowitz_limit;nonlinear_acoustic_pulse,0.0,0.0,0.05
B,1.5,3.0,0.25,200,0.1,piston,10518.639527544221,10132.5,386.139527544221,1.038109008393212,353.4291735288517,42.55705413872328,79.12613863954284,0.23176756220680017,False,none,4086.929201531739,682.3648704338765,3404.5643310978626,817385.8403063478,1.1352581115365943,3.1722853596573955e-15,0.0,0.907142603581202,2066.4595554312277,2.9134814499752957,1995776.2149855508,kantrowitz_limit;nonlinear_acoustic_pulse,0.1,0.0,0.05
B,1.5,3.0,0.25,200,0.1,piston,10500.38843290669,10132.5,367.88843290668956,1.0363077653991304,353.4291735288517,42.55705413872328,77.27684572206988,0.22629466897235193,False,none,4054.6768550630413,650.1125239651785,3404.5643310978626,810935.3710126083,1.1262991264064004,2.17051103555506e-15,0.0,0.907142603581202,2066.4595554312277,2.9134814499752957,1995776.2149855508,kantrowitz_limit;nonlinear_acoustic_pulse,0.25,0.0,0.05
B,1.5,3.0,0.25,200,0.1,piston,10472.724191357524,10132.5,340.2241913575235,1.033577517035038,353.4291735288517,42.55705413872328,74.37786048639809,0.21772331918234358,False,none,4005.79010492792,601.2257738300572,3404.5643310978626,801158.020985584,1.1127194735910888,2.5044358102558387e-15,0.0,0.907142603581202,2066.4595554312277,2.9134814499752957,1995776.2149855508,kantrowitz_limit;nonlinear_acoustic_pulse,0.5,0.0,0.05
B,1.5,3.0,0.25,200,0.1,piston,10426.001849592467,10132.5,293.5018495924669,1.028966380418699,353.4291735288517,42.55705413872328,69.18197680471346,0.20238430166279295,False,none,3923.2249117511374,518.6605806532746,3404.5643310978626,784644.9823502274,1.0897846977086492,6.51153310666518e-15,0.0,0.907142603581202,2066.4595554312277,2.9134814499752957,1995776.2149855508,kantrowitz_limit;nonlinear_acoustic_pulse,1.0,0.0,0.05
B,1.5,3.0,0.25,200,0.1,piston,10388.287550800322,10132.5,255.7875508003217,1.0252442685221141,353.4291735288517,42.55705413872328,64.65985613786616,0.18905743248382417,False,none,3856.578244489497,452.0139133916344,3404.5643310978626,771315.6488978994,1.071271734580416,7.847232205468295e-15,1.6096755871050773e-16,0.907142603581202,2066.4595554312277,2.9134814499752957,1995776.2149855508,kantrowitz_limit;nonlinear_acoustic_pulse,1.5,0.0,0.05
B,1.5,3.0,0.25,200,0.1,piston,10357.405038752102,10132.5,224.90503875210197,1.0221964015546117,353.4291735288517,42.55705413872328,60.68919720787823,0.17737226001785103,False,none,3802.0043409410114,397.44000984314886,3404.5643310978626,760400.8681882023,1.0561123169280586,8.348119367519462e-16,0.0,0.907142603581202,2066.4595554312277,2.9134814499752957,1995776.2149855508,kantrowitz_limit;nonlinear_acoustic_pulse,2.0,0.0,0.05
B,1.5,3.0,0.25,200,0.1,piston,10310.329255974213,10132.5,177.82925597421308,1.0175503830223749,353.4291735288517,42.55705413872328,54.04441469993739,0.1578492390248511,False,none,3718.8145659389465,314.25023484108374,3404.5643310978626,743762.9131877893,1.0330040460941519,1.0184705628373743e-14,0.0,0.907142603581202,2066.4595554312277,2.9134814499752957,1995776.2149855508,kantrowitz_limit;nonlinear_acoustic_pulse,3.0,0.0,0.05
B,1.5,3.0,0.25,200,0.1,piston,10276.62781868706,10132.5,144.12781868706043,1.0142243097643286,353.4291735288517,42.55705413872328,48.705837766152186,0.14219016661722744,False,none,3659.2592103032825,254.6948792054198,3404.5643310978626,731851.8420606565,1.016460891750912,4.674946845810898e-15,0.0,0.907142603581202,2066.4595554312277,2.9134814499752957,1995776.2149855508,kantrowitz_limit;nonlinear_acoustic_pulse,4.0,0.0,0.05
B,1.5,3.0,0.25,250,0.001,piston,107.5704520396183,101.325,6.2454520396183,1.0616378192905829,441.7864669110647,0.531963176734041,99.90404630932503,0.29356633249722913,False,none,64.23294243678599,11.036624763381885,53.1963176734041,16058.235609196498,0.017842484010218332,0.0,0.0,0.8064063618202466,25.830744442890346,2.9134814499752957,24947.202687319386,kantrowitz_limit;nonlinear_acoustic_pulse,0.0,0.6631452953634221,0.05
B,1.5,3.0,0.25,250,0.001,piston,107.36773476426995,101.325,6.042734764269952,1.0596371553345172,441.7864669110647,0.531963176734041,98.3293268678924,0.2888611966264387,False,none,63.87471144135405,10.678393767949949,53.1963176734041,15968.677860338514,0.017742975400376126,1.4609208893159059e-15,0.0,0.8064063618202466,25.830744442890346,2.9134814499752957,24947.202687319386,kantrowitz_limit;nonlinear_acoustic_pulse,0.1,0.6631452953634221,0.05
B,1.5,3.0,0.25,250,0.001,piston,107.08170023141084,101.325,5.756700231410832,1.056814213978888,441.7864669110647,0.531963176734041,96.05677502204362,0.28207762409741854,False,none,63.36924669860851,10.1729290252044,53.1963176734041,15842.311674652126,0.01760256852739125,2.9218417786318117e-15,1.7880685091178137e-16,0.8064063618202466,25.830744442890346,2.9134814499752957,24947.202687319386,kantrowitz_limit;nonlinear_acoustic_pulse,0.25,0.6631452953634221,0.05
B,1.5,3.0,0.25,250,0.001,piston,106.64822118307309,101.325,5.323221183073088,1.0525361083945037,441.7864669110647,0.531963176734041,92.49074555565655,0.2714483788926452,False,none,62.60322598962809,9.406908316223989,53.1963176734041,15650.806497407024,0.017389784997118914,1.6696238735038924e-15,0.0,0.8064063618202466,25.830744442890346,2.9134814499752957,24947.202687319386,kantrowitz_limit;nonlinear_acoustic_pulse,0.5,0.6631452953634221,0.05
B,1.5,3.0,0.25,250,0.001,piston,105.91633407411344,101.325,4.591334074113433,1.0453129442300857,441.7864669110647,0.531963176734041,86.08891319169611,0.25241139554626496,False,none,61.30987470944794,8.113557036043833,53.1963176734041,15327.468677361985,0.01703052075262443,1.2522179051279192e-15,1.120956810598077e-16,0.8064063618202466,25.830744442890346,2.9134814499752957,24947.202687319386,kantrowitz_limit;nonlinear_acoustic_pulse,1.0,0.6631452953634221,0.05
B,1.5,3.0,0.25,250,0.001,piston,105.32575468465183,101.325,4.000754684651824,1.0394843788270598,441.7864669110647,0.531963176734041,80.50690706573035,0.23585656335013427,False,none,60.266234781844986,7.06991710844088,53.1963176734041,15066.558695461246,0.016740620772734718,3.756653715383758e-15,0.0,0.8064063618202466,25.830744442890346,2.9134814499752957,24947.202687319386,kantrowitz_limit;nonlinear_acoustic_pulse,1.5,0.6631452953634221,0.05
B,1.5,3.0,0.25,250,0.001,piston,104.84228930413978,101.325,3.51728930413978,1.0347129465002691,441.7864669110647,0.531963176734041,75.59816479265798,0.2213301794968938,False,none,59.41188093252406,6.215563259119962,53.1963176734041,14852.970233131016,0.016503300259034463,2.5044358102558383e-15,0.0,0.8064063618202466,25.830744442890346,2.9134814499752957,24947.202687319386,kantrowitz_limit;nonlinear_acoustic_pulse,2.0,0.6631452953634221,0.05
B,1.5,3.0,0.25,250,0.001,piston,104.10554855025026,101.325,2.780548550250259,1.0274418805847545,441.7864669110647,0.531963176734041,67.36905373172448,0.1970390540145181,False,none,58.10995255376308,4.9136348803589796,53.1963176734041,14527.488138440769,0.01614165348715641,8.348119367519462e-16,0.0,0.8064063618202466,25.830744442890346,2.9134814499752957,24947.202687319386,kantrowitz_limit;nonlinear_acoustic_pulse,3.0,0.6631452953634221,0.05
B,1.5,3.0,0.25,250,0.001,piston,103.5782880524861,101.325,2.2532880524860985,1.0222382240561174,441.7864669110647,0.531963176734041,60.74554470459761,0.17753798074882016,False,none,57.17820634396709,3.9818886705629883,53.1963176734041,14294.551585991772,0.015882835095546412,1.08525551777753e-14,0.0,0.8064063618202466,25.830744442890346,2.9134814499752957,24947.202687319386,kantrowitz_limit;nonlinear_acoustic_pulse,4.0,0.6631452953634221,0.05
B,1.5,3.0,0.25,250,0.003,piston,322.71135611885495,303.975,18.73635611885493,1.0616378192905829,441.7864669110647,1.5958895302021232,99.90404630932503,0.29356633249722913,False,none,192.69882731035804,33.109874290145704,159.58895302021233,48174.70682758951,0.05352745203065501,0.0,2.1975189487049564e-16,0.8064063618202466,77.49223332867105,2.9134814499752957,74841.60806195815,kantrowitz_limit;nonlinear_acoustic_pulse,0.0,0.6631452953634234,0.05
B,1.5,3.0,0.25,250,0.003,piston,322.1032042928099,303.975,18.12820429280987,1.0596371553345172,441.7864669110647,1.5958895302021232,98.3293268678924,0.2888611966264387,False,none,191.6241343240622,32.03518130384987,159.58895302021233,47906.03358101555,0.05322892620112839,1.5304885507119012e-15,2.2712397177252835e-16,0.8064063618202466,77.49223332867105,2.9134814499752957,74841.60806195815,kantrowitz_limit;nonlinear_acoustic_pulse,0.1,0.6631452953634234,0.05
B,1.5,3.0,0.25,250,0.003,piston,321.2451006942325,303.975,17.270100694232497,1.056814213978888,441.7864669110647,1.5958895302021232,96.05677502204362,0.28207762409741854,False,none,190.10774009582553,30.518787075613197,159.58895302021233,47526.93502395639,0.05280770558217376,3.0609771014238024e-15,1.192045672745209e-16,0.8064063618202466,77.49223332867105,2.9134814499752957,74841.60806195815,kantrowitz_limit;nonlinear_acoustic_pulse,0.25,0.6631452953634234,0.05
B,1.5,3.0,0.25,250,0.003,piston,319.9446635492193,303.975,15.969663549219263,1.0525361083945037,441.7864669110647,1.5958895302021232,92.49074555565655,0.2714483788926452,False,none,187.8096779688843,28.220724948671965,159.58895302021233,46952.41949222107,0.05216935499135675,1.6696238735038922e-15,1.289116000282945e-16,0.8064063618202466,77.49223332867105,2.9134814499752957,74841.60806195815,kantrowitz_limit;nonlinear_acoustic_pulse,0.5,0.6631452953634234,0.05
B,1.5,3.0,0.25,250,0.003,piston,317.7490022223403,303.975,13.7740022223403,1.0453129442300857,441.7864669110647,1.5958895302021232,86.08891319169611,0.25241139554626496,False,none,183.92962412834382,24.340671108131495,159.58895302021233,45982.40603208596,0.051091562257873285,1.113082582335928e-15,0.0,0.8064063618202466,77.49223332867105,2.9134814499752957,74841.60806195815,kantrowitz_limit;nonlinear_acoustic_pulse,1.0,0.6631452953634234,0.05
B,1.5,3.0,0.25,250,0.003,piston,315.97726405395554,303.975,12.002264053955514,1.0394843788270598,441.7864669110647,1.5958895302021232,80.50690706573035,0.23585656335013427,False,none,180.79870434553504,21.209751325322713,159.58895302021233,45199.67608638376,0.05022186231820418,3.756653715383757e-15,0.0,0.8064063618202466,77.49223332867105,2.9134814499752957,74841.60806195815,kantrowitz_limit;nonlinear_acoustic_pulse,1.5,0.6631452953634234,0.05
B,1.5,3.0,0.25,250,0.003,piston,314.5268679124194,303.975,10.551867912419368,1.0347129465002693,441.7864669110647,1.5958895302021232,75.59816479265798,0.2213301794968938,False,none,178.23564279757227,18.646689777359935,159.58895302021233,44558.91069939307,0.049509900777103405,8.765525335895435e-15,1.9510051652753942e-16,0.8064063618202466,77.49223332867105,2.9134814499752957,74841.60806195815,kantrowitz_limit;nonlinear_acoustic_pulse,2.0,0.6631452953634234,0.05
B,1.5,3.0,0.25,250,0.003,piston,312.3166456507508,303.975,8.341645650750763,1.0274418805847545,441.7864669110647,1.5958895302021232,67.36905373172448,0.1970390540145181,False,none,174.32985766128925,14.740904641076915,159.58895302021233,43582.46441532231,0.048424960461469234,5.56541291167964e-16,0.0,0.8064063618202466,77.49223332867105,2.9134814499752957,74841.60806195815,kantrowitz_limit;nonlinear_acoustic_pulse,3.0,0.6631452953634234,0.05
B,1.5,3.0,0.25,250,0.003,piston,310.73486415745833,303.975,6.75986415745831,1.0222382240561174,441.7864669110647,1.5958895302021232,60.74554470459761,0.17753798074882016,False,none,171.53461903190131,11.94566601168899,159.58895302021233,42883.65475797533,0.047648505286639255,1.099169050056729e-14,0.0,0.8064063618202466,77.49223332867105,2.9134814499752957,74841.60806195815,kantrowitz_limit;nonlinear_acoustic_pulse,4.0,0.6631452953634234,0.05
B,1.5,3.0,0.25,250,0.01,piston,1075.704520396183,1013.25,62.45452039618294,1.0616378192905827,441.7864669110647,5.31963176734041,99.90404630932503,0.29356633249722913,False,none,642.3294243678597,110.36624763381876,531.963176734041,160582.35609196493,0.17842484010218326,0.0,0.0,0.8064063618202467,258.30744442890347,2.9134814499752957,249472.02687319386,kantrowitz_limit;nonlinear_acoustic_pulse,0.0,0.663145295363453,0.05
B,1.5,3.0,0.25,250,0.01,piston,1073.6773476426995,1013.25,60.42734764269949,1.0596371553345172,441.7864669110647,5.31963176734041,98.3293268678924,0.2888611966264387,False,none,638.7471144135404,106.78393767949943,531.963176734041,159686.77860338512,0.17742975400376124,1.5026614861535032e-15,0.0,0.8064063618202467,258.30744442890347,2.9134814499752957,249472.02687319386,kantrowitz_limit;nonlinear_acoustic_pulse,0.1,0.663145295363453,0.05
B,1.5,3.0,0.25,250,0.01,piston,1070.8170023141083,1013.25,57.56700231410832,1.056814213978888,441.7864669110647,5.31963176734041,96.05677502204362,0.28207762409741854,False,none,633.692466986085,101.729290252044,531.963176734041,158423.11674652126,0.17602568527391252,3.0053229723070063e-15,0.0,0.8064063618202467,258.30744442890347,2.9134814499752957,249472.02687319386,kantrowitz_limit;nonlinear_acoustic_pulse,0.25,0.663145295363453,0.05
B,1.5,3.0,0.25,250,0.01,piston,1066.482211830731,1013.25,53.2322118307311,1.052536108394504,441.7864669110647,5.31963176734041,92.49074555565724,0.2714483788926473,False,none,626.0322598962813,94.06908316224029,531.963176734041,156508.06497407032,0.17389784997118923,1.8365862608542815e-15,0.0,0.8064063618202467,258.30744442890347,2.9134814499752957,249472.02687319386,kantrowitz_limit;nonlinear_acoustic_pulse,0.5,0.663145295363453,0.05
B,1.5,3.0,0.25,250,0.01,piston,1059.163340741134,1013.25,45.91334074113411,1.0453129442300855,441.7864669110647,5.31963176734041,86.08891319169535,0.25241139554626274,False,none,613.0987470944789,81.13557036043792,531.963176734041,153274.68677361973,0.17030520752624415,1.0017743241023354e-15,0.0,0.8064063618202467,258.30744442890347,2.9134814499752957,249472.02687319386,kantrowitz_limit;nonlinear_acoustic_pulse,1.0,0.663145295363453,0.05
B,1.5,3.0,0.25,250,0.01,piston,1053.2575468465184,1013.25,40.00754684651838,1.0394843788270598,441.7864669110647,5.31963176734041,80.50690706573035,0.23585656335013427,False,none,602.66234781845,70.69917108440904,531.963176734041,150665.58695461252,0.16740620772734724,3.840134909058952e-15,2.0582865407280448e-16,0.8064063618202467,258.30744442890347,2.9134814499752957,249472.02687319386,kantrowitz_limit;nonlinear_acoustic_pulse,1.5,0.663145295363453,0.05
B,1.5,3.0,0.25,250,0.01,piston,1048.4228930413979,1013.25,35.172893041397856,1.0347129465002693,441.7864669110647,5.31963176734041,75.59816479265798,0.2213301794968938,False,none,594.1188093252407,62.15563259119972,531.963176734041,148529.70233131017,0.16503300259034465,2.671398197606228e-15,1.170603099165238e-16,0.8064063618202467,258.30744442890347,2.9134814499752957,249472.02687319386,kantrowitz_limit;nonlinear_acoustic_pulse,2.0,0.663145295363453,0.05
B,1.5,3.0,0.25,250,0.01,piston,1041.0554855025025,1013.25,27.805485502502506,1.0274418805847545,441.7864669110647,5.31963176734041,67.36905373172448,0.1970390540145181,False,none,581.0995255376306,49.13634880358965,531.963176734041,145274.88138440764,0.16141653487156404,5.008871620511677e-16,0.0,0.8064063618202467,258.30744442890347,2.9134814499752957,249472.02687319386,kantrowitz_limit;nonlinear_acoustic_pulse,3.0,0.663145295363453,0.05
B,1.5,3.0,0.25,250,0.01,piston,1035.782880524861,1013.25,22.532880524860957,1.0222382240561174,441.7864669110647,5.31963176734041,60.74554470459761,0.17753798074882016,False,none,571.7820634396708,39.818886705629836,531.963176734041,142945.51585991768,0.1588283509554641,1.6696238735038924e-15,0.0,0.8064063618202467,258.30744442890347,2.9134814499752957,249472.02687319386,kantrowitz_limit;nonlinear_acoustic_pulse,4.0,0.663145295363453,0.05
B,1.5,3.0,0.25,250,0.03,piston,3227.1135611885497,3039.75,187.36356118854974,1.061637819290583,441.7864669110647,15.958895302021233,99.90404630932503,0.29356633249722913,False,none,1926.9882731035812,331.09874290145785,1595.8895302021233,481747.06827589526,0.5352745203065503,3.56186426347497e-15,0.0,0.8064063618202465,774.9223332867105,2.9134814499752957,748416.0806195816,kantrowitz_limit;nonlinear_acoustic_pulse,0.0,0.6631452953634234,0.05
B,1.5,3.0,0.25,250,0.03,piston,3221.0320429280987,3039.75,181.2820429280987,1.0596371553345172,441.7864669110647,15.958895302021233,98.3293268678924,0.2888611966264387,False,none,1916.241343240622,320.3518130384987,1595.8895302021233,479060.3358101555,0.5322892620112839,1.4470073570367064e-15,0.0,0.8064063618202465,774.9223332867105,2.9134814499752957,748416.0806195816,kantrowitz_limit;nonlinear_acoustic_pulse,0.1,0.6631452953634234,0.05
B,1.5,3.0,0.25,250,0.03,piston,3212.451006942325,3039.75,172.70100694232497,1.056814213978888,441.7864669110647,15.958895302021233,96.05677502204362,0.28207762409741854,False,none,1901.0774009582553,305.187870756132,1595.8895302021233,475269.35023956385,0.5280770558217376,2.894014714073413e-15,0.0,0.8064063618202465,774.9223332867105,2.9134814499752957,748416.0806195816,kantrowitz_limit;nonlinear_acoustic_pulse,0.25,0.6631452953634234,0.05
B,1.5,3.0,0.25,250,0.03,piston,3199.4466354921924,3039.75,159.6966354921924,1.0525361083945037,441.7864669110647,15.958895302021233,92.49074555565655,0.2714483788926452,False,none,1878.0967796888426,282.20724948671926,1595.8895302021233,469524.19492221065,0.5216935499135674,1.4470073570367064e-15,0.0,0.8064063618202465,774.9223332867105,2.9134814499752957,748416.0806195816,kantrowitz_limit;nonlinear_acoustic_pulse,0.5,0.6631452953634234,0.05
B,1.5,3.0,0.25,250,0.03,piston,3177.4900222234023,3039.75,137.74002222340232,1.0453129442300855,441.7864669110647,15.958895302021233,86.08891319169535,0.25241139554626274,False,none,1839.296241283437,243.40671108131374,1595.8895302021233,459824.06032085925,0.5109156225787325,7.791578076351496e-16,1.1956872646379548e-16,0.8064063618202465,774.9223332867105,2.9134814499752957,748416.0806195816,kantrowitz_limit;nonlinear_acoustic_pulse,1.0,0.6631452953634234,0.05
B,1.5,3.0,0.25,250,0.03,piston,3159.772640539555,3039.75,120.02264053955514,1.0394843788270598,441.7864669110647,15.958895302021233,80.50690706573035,0.23585656335013427,False,none,1807.9870434553504,212.09751325322713,1595.8895302021233,451996.7608638376,0.5022186231820418,3.784480779942155e-15,0.0,0.8064063618202465,774.9223332867105,2.9134814499752957,748416.0806195816,kantrowitz_limit;nonlinear_acoustic_pulse,1.5,0.6631452953634234,0.05
B,1.5,3.0,0.25,250,0.03,piston,3145.2686791241936,3039.75,105.51867912419357,1.0347129465002693,441.7864669110647,15.958895302021233,75.59816479265798,0.2213301794968938,False,none,1782.3564279757225,186.46689777359916,1595.8895302021233,445589.1069939306,0.495099007771034,2.5600899393726345e-15,0.0,0.8064063618202465,774.9223332867105,2.9134814499752957,748416.0806195816,kantrowitz_limit;nonlinear_acoustic_pulse,2.0,0.6631452953634234,0.05
B,1.5,3.0,0.25,250,0.03,piston,3123.1664565075075,3039.75,83.41645650750752,1.0274418805847545,441.7864669110647,15.958895302021233,67.36905373172448,0.1970390540145181,False,none,1743.2985766128922,147.40904641076895,1595.8895302021233,435824.6441532231,0.4842496046146923,3.3392477470077844e-16,1.9743585054904425e-16,0.8064063618202465,774.9223332867105,2.9134814499752957,748416.0806195816,kantrowitz_limit;nonlinear_acoustic_pulse,3.0,0.6631452953634234,0.05
B,1.5,3.0,0.25,250,0.03,piston,3107.348641574583,3039.75,67.59864157458287,1.0222382240561174,441.7864669110647,15.958895302021233,60.74554470459761,0.17753798074882016,False,none,1715.3461903190127,119.4566601168895,1595.8895302021233,428836.5475797532,0.4764850528663924,1.6696238735038922e-15,0.0,0.8064063618202465,774.9223332867105,2.9134814499752957,748416.0806195816,kantrowitz_limit;nonlinear_acoustic_pulse,4.0,0.6631452953634234,0.05
B,1.5,3.0,0.25,250,0.1,piston,10757.04520396183,10132.5,624.5452039618303,1.0616378192905829,441.7864669110647,53.1963176734041,99.90404630932503,0.29356633249722913,False,none,6423.2942436786,1103.6624763381892,5319.631767340411,1605823.56091965,1.7842484010218334,0.0,0.0,0.8064063618202465,2583.0744442890345,2.9134814499752957,2494720.2687319387,kantrowitz_limit;nonlinear_acoustic_pulse,0.0,0.6631452953634234,0.05
B,1.5,3.0,0.25,250,0.1,piston,10736.773476426995,10132.5,604.2734764269953,1.0596371553345172,441.7864669110647,53.1963176734041,98.3293268678924,0.2888611966264387,False,none,6387.471144135407,1067.8393767949951,5319.631767340411,1596867.7860338516,1.7742975400376129,1.6028389185637366e-15,2.180390129016273e-16,0.8064063618202465,2583.0744442890345,2.9134814499752957,2494720.2687319387,kantrowitz_limit;nonlinear_acoustic_pulse,0.1,0.6631452953634234,0.05
B,1.5,3.0,0.25,250,0.1,piston,10708.170023141083,10132.5,575.6700231410832,1.056814213978888,441.7864669110647,53.1963176734041,96.05677502204362,0.28207762409741854,False,none,6336.924669860851,1017.29290252044,5319.631767340411,1584231.1674652128,1.7602568527391254,3.072107927247162e-15,1.1443638458354007e-16,0.8064063618202465,2583.0744442890345,2.9134814499752957,2494720.2687319387,kantrowitz_limit;nonlinear_acoustic_pulse,0.25,0.6631452953634234,0.05
B,1.5,3.0,0.25,250,0.1,piston,10664.822118307311,10132.5,532.322118307311,1.052536108394504,441.7864669110647,53.1963176734041,92.49074555565724,0.2714483788926473,False,none,6260.322598962814,940.6908316224028,5319.631767340411,1565080.6497407034,1.7389784997118927,1.8699787383243595e-15,1.237551360271622e-16,0.8064063618202465,2583.0744442890345,2.9134814499752957,2494720.2687319387,kantrowitz_limit;nonlinear_acoustic_pulse,0.5,0.6631452953634234,0.05
B,1.5,3.0,0.25,250,0.1,piston,10591.63340741134,10132.5,459.13340741134016,1.0453129442300855,441.7864669110647,53.1963176734041,86.08891319169535,0.25241139554626274,False,none,6130.987470944789,811.3557036043776,5319.631767340411,1532746.867736197,1.7030520752624412,6.678495494015569e-16,0.0,0.8064063618202465,2583.0744442890345,2.9134814499752957,2494720.2687319387,kantrowitz_limit;nonlinear_acoustic_pulse,1.0,0.6631452953634234,0.05
B,1.5,3.0,0.25,250,0.1,piston,10532.575468465184,10132.5,400.0754684651838,1.0394843788270598,441.7864669110647,53.1963176734041,80.50690706573035,0.23585656335013427,False,none,6026.623478184501,706.9917108440904,5319.631767340411,1506655.8695461254,1.6740620772734727,3.87352738652903e-15,0.0,0.8064063618202465,2583.0744442890345,2.9134814499752957,2494720.2687319387,kantrowitz_limit;nonlinear_acoustic_pulse,1.5,0.6631452953634234,0.05
B,1.5,3.0,0.25,250,0.1,piston,10484.228930413976,10132.5,351.72893041397583,1.0347129465002691,441.7864669110647,53.1963176734041,75.59816479265798,0.2213301794968938,False,none,5941.188093252404,621.5563259119924,5319.631767340411,1485297.023313101,1.6503300259034455,2.2706884679652935e-15,0.0,0.8064063618202465,2583.0744442890345,2.9134814499752957,2494720.2687319387,kantrowitz_limit;nonlinear_acoustic_pulse,2.0,0.6631452953634234,0.05
B,1.5,3.0,0.25,250,0.1,piston,10410.554855025026,10132.5,278.054855025026,1.0274418805847545,441.7864669110647,53.1963176734041,67.36905373172448,0.1970390540145181,False,none,5810.995255376309,491.36348803589806,5319.631767340411,1452748.8138440773,1.6141653487156413,8.014194592818683e-16,0.0,0.8064063618202465,2583.0744442890345,2.9134814499752957,2494720.2687319387,kantrowitz_limit;nonlinear_acoustic_pulse,3.0,0.6631452953634234,0.05
B,1.5,3.0,0.25,250,0.1,piston,10357.82880524861,10132.5,225.32880524860957,1.0222382240561174,441.7864669110647,53.1963176734041,60.74554470459761,0.17753798074882016,False,none,5717.8206343967095,398.1888670562983,5319.631767340411,1429455.1585991774,1.5882835095546415,1.736408828444048e-15,1.4618103550654433e-16,0.8064063618202465,2583.0744442890345,2.9134814499752957,2494720.2687319387,kantrowitz_limit;nonlinear_acoustic_pulse,4.0,0.6631452953634234,0.05
B,1.5,3.0,0.25,300,0.001,piston,110.3360415914268,101.325,9.011041591426803,1.088932066039248,530.1437602932776,0.6383558120808492,119.01850595791781,0.3510044142689651,False,none,92.52652236116232,15.92382491146042,76.6026974497019,27757.956708348698,0.025701811766989532,2.2609489953698543e-15,0.0,0.7607385864370881,30.996893331468414,2.9134814499752957,29936.643224783267,kantrowitz_limit;nonlinear_acoustic_pulse,0.0,2.003324030659684,0.05
B,1.5,3.0,0.25,300,0.001,piston,110.04300158303023,101.325,8.71800158303023,1.0860399860155956,530.1437602932776,0.6383558120808492,117.16837743114418,0.34541683768171305,False,none,92.00867792126988,15.405980471567975,76.6026974497019,27602.603376380965,0.025557966089241633,1.3913532279199103e-15,0.0,0.7607385864370881,30.996893331468414,2.9134814499752957,29936.643224783267,kantrowitz_limit;nonlinear_acoustic_pulse,0.1,2.003324030659684,0.05
B,1.5,3.0,0.25,300,0.001,piston,109.6295852188156,101.325,8.304585218815603,1.08195988372875,530.1437602932776,0.6383558120808492,114.4962827270936,0.3373579528412385,False,none,91.27811090163149,14.675413451929584,76.6026974497019,27383.433270489448,0.025355030806008746,2.4348681488598428e-15,2.06580142756465e-16,0.7607385864370881,30.996893331468414,2.9134814499752957,29936.643224783267,kantrowitz_limit;nonlinear_acoustic_pulse,0.25,2.003324030659684,0.05
B,1.5,3.0,0.25,300,0.001,piston,109.00320396891452,101.325,7.6782039689145165,1.0757779814351296,530.1437602932776,0.6383558120808492,110.29843270356464,0.32472326566652887,False,none,90.17120386429895,13.568506414597033,76.6026974497019,27051.361159289685,0.02504755662897193,1.9131106883898764e-15,1.1171638621360361e-16,0.7607385864370881,30.996893331468414,2.9134814499752957,29936.643224783267,kantrowitz_limit;nonlinear_acoustic_pulse,0.5,2.003324030659684,0.05
B,1.5,3.0,0.25,300,0.001,piston,107.94600876454238,101.325,6.621008764542381,1.0653442759885752,530.1437602932776,0.6383558120808492,102.74794465893974,0.3020734390523642,False,none,88.30298572759939,11.700288277897487,76.6026974497019,26490.89571827982,0.024528607146555387,3.130544762819798e-15,0.0,0.7607385864370881,30.996893331468414,2.9134814499752957,29936.643224783267,kantrowitz_limit;nonlinear_acoustic_pulse,1.0,2.003324030659684,0.05
B,1.5,3.0,0.25,300,0.001,piston,107.09328483885643,101.325,5.768284838856431,1.0569285451651265,530.1437602932776,0.6383558120808492,96.15001192340071,0.28235578448881166,False,none,86.79609816608207,10.19340071638017,76.6026974497019,26038.82944982462,0.02411002726835613,2.7827064558398206e-15,1.4870645676854862e-16,0.7607385864370881,30.996893331468414,2.9134814499752957,29936.643224783267,kantrowitz_limit;nonlinear_acoustic_pulse,1.5,2.003324030659684,0.05
B,1.5,3.0,0.25,300,0.001,piston,106.39545625415224,101.325,5.0704562541522336,1.0500415125008855,530.1437602932776,0.6383558120808492,90.33743599544412,0.26503883437583203,False,none,85.56293326629802,8.960235816596107,76.6026974497019,25668.879979889407,0.02376748146286056,1.565272381409899e-15,0.0,0.7607385864370881,30.996893331468414,2.9134814499752957,29936.643224783267,kantrowitz_limit;nonlinear_acoustic_pulse,2.0,2.003324030659684,0.05
B,1.5,3.0,0.25,300,0.001,piston,105.33246051191615,101.325,4.00746051191615,1.0395505601965571,530.1437602932776,0.6383558120808492,80.57269280774346,0.23605143903712017,False,none,83.68446473308208,7.08176728338017,76.6026974497019,25105.339419924625,0.023245684648078357,5.217574604699663e-15,2.14046076678104e-16,0.7607385864370881,30.996893331468414,2.9134814499752957,29936.643224783267,kantrowitz_limit;nonlinear_acoustic_pulse,3.0,2.003324030659684,0.05
B,1.5,3.0,0.25,300,0.001,piston,104.57201202077121,101.325,3.2470120207712085,1.0320455171060567,530.1437602932776,0.6383558120808492,72.69606363668275,0.21275517440632954,False,none,82.34064132439899,5.737943874697075,76.6026974497019,24702.192397319697,0.022872400367888606,4.000140530269742e-15,0.0,0.7607385864370881,30.996893331468414,2.9134814499752957,29936.643224783267,kantrowitz_limit;nonlinear_acoustic_pulse,4.0,2.003324030659684,0.05
B,1.5,3.0,0.25,300,0.003,piston,331.0081247742804,303.975,27.033124774280395,1.0889320660392479,530.1437602932776,1.915067436242548,119.01850595791781,0.3510044142689651,False,none,277.57956708348695,47.77147473438123,229.80809234910572,83273.87012504609,0.0771054353009686,2.087029841879865e-15,2.5384596332990126e-16,0.7607385864370881,92.99067999440526,2.9134814499752957,89809.9296743498,kantrowitz_limit;nonlinear_acoustic_pulse,0.0,2.003324030659684,0.05
B,1.5,3.0,0.25,300,0.003,piston,330.1290047490907,303.975,26.15400474909069,1.0860399860155956,530.1437602932776,1.915067436242548,117.16837743114418,0.34541683768171305,False,none,276.02603376380966,46.21794141470392,229.80809234910572,82807.8101291429,0.0766738982677249,1.2754071255932509e-15,1.3118927036180206e-16,0.7607385864370881,92.99067999440526,2.9134814499752957,89809.9296743498,kantrowitz_limit;nonlinear_acoustic_pulse,0.1,2.003324030659684,0.05
B,1.5,3.0,0.25,300,0.003,piston,328.88875565644685,303.975,24.913755656446824,1.08195988372875,530.1437602932776,1.915067436242548,114.4962827270936,0.3373579528412385,False,none,273.8343327048945,44.02624035578878,229.80809234910572,82150.29981146836,0.07606509241802625,2.3189220465331834e-15,1.3772009517097658e-16,0.7607385864370881,92.99067999440526,2.9134814499752957,89809.9296743498,kantrowitz_limit;nonlinear_acoustic_pulse,0.25,2.003324030659684,0.05
B,1.5,3.0,0.25,300,0.003,piston,327.0096119067436,303.975,23.034611906743578,1.0757779814351298,530.1437602932776,1.915067436242548,110.29843270356464,0.32472326566652887,False,none,270.5136115928969,40.70551924379115,229.80809234910572,81154.08347786906,0.0751426698869158,1.971083739553206e-15,1.4895518161813795e-16,0.7607385864370881,92.99067999440526,2.9134814499752957,89809.9296743498,kantrowitz_limit;nonlinear_acoustic_pulse,0.5,2.003324030659684,0.05
B,1.5,3.0,0.25,300,0.003,piston,323.8380262936272,303.975,19.863026293627172,1.0653442759885752,530.1437602932776,1.915067436242548,102.74794465893974,0.3020734390523642,False,none,264.90895718279825,35.10086483369251,229.80809234910572,79472.68715483947,0.07358582143966617,3.246490865146457e-15,1.7273927695364078e-16,0.7607385864370881,92.99067999440526,2.9134814499752957,89809.9296743498,kantrowitz_limit;nonlinear_acoustic_pulse,1.0,2.003324030659684,0.05
B,1.5,3.0,0.25,300,0.003,piston,321.2798545165694,303.975,17.304854516569378,1.0569285451651267,530.1437602932776,1.915067436242548,96.1500119234014,0.28235578448881365,False,none,260.3882944982464,30.58020214914066,229.80809234910572,78116.48834947392,0.07233008180506845,2.8986525581664792e-15,1.9827527569139717e-16,0.7607385864370881,92.99067999440526,2.9134814499752957,89809.9296743498,kantrowitz_limit;nonlinear_acoustic_pulse,1.5,2.003324030659684,0.05
B,1.5,3.0,0.25,300,0.003,piston,319.1863687624567,303.975,15.211368762456686,1.0500415125008855,530.1437602932776,1.915067436242548,90.33743599544412,0.26503883437583203,False,none,256.688799798894,26.880707449788293,229.80809234910572,77006.63993966821,0.07130244438858167,1.39135322791991e-15,1.1278159295370915e-16,0.7607385864370881,92.99067999440526,2.9134814499752957,89809.9296743498,kantrowitz_limit;nonlinear_acoustic_pulse,2.0,2.003324030659684,0.05
B,1.5,3.0,0.25,300,0.003,piston,315.99738153574845,303.975,12.022381535748423,1.0395505601965571,530.1437602932776,1.915067436242548,80.57269280774346,0.23605143903712017,False,none,251.05339419924618,21.24530185014046,229.80809234910572,75316.01825977386,0.06973705394423504,5.1016285023730036e-15,0.0,0.7607385864370881,92.99067999440526,2.9134814499752957,89809.9296743498,kantrowitz_limit;nonlinear_acoustic_pulse,3.0,2.003324030659684,0.05
B,1.5,3.0,0.25,300,0.003,piston,313.7160360623136,303.975,9.741036062313583,1.0320455171060567,530.1437602932776,1.915067436242548,72.69606363668275,0.21275517440632954,False,none,247.02192397319686,17.21383162409115,229.80809234910572,74106.57719195906,0.0686172011036658,3.942167479106412e-15,0.0,0.7607385864370881,92.99067999440526,2.9134814499752957,89809.9296743498,kantrowitz_limit;nonlinear_acoustic_pulse,4.0,2.003324030659684,0.05
B,1.5,3.0,0.25,300,0.01,piston,1103.360415914268,1013.25,90.11041591426806,1.088932066039248,530.1437602932776,6.383558120808493,119.01850595791781,0.3510044142689651,False,none,925.2652236116235,159.23824911460423,766.0269744970192,277579.56708348705,0.2570181176698954,2.0870298418798653e-15,1.523075779979406e-16,0.7607385864370881,309.96893331468414,2.9134814499752957,299366.4322478326,kantrowitz_limit;nonlinear_acoustic_pulse,0.0,2.0033240306597193,0.05
B,1.5,3.0,0.25,300,0.01,piston,1100.430015830302,1013.25,87.18001583030195,1.0860399860155954,530.1437602932776,6.383558120808493,117.16837743114418,0.34541683768171305,False,none,920.0867792126983,154.05980471567915,766.0269744970192,276026.0337638095,0.2555796608924162,9.739472595439371e-16,0.0,0.7607385864370881,309.96893331468414,2.9134814499752957,299366.4322478326,kantrowitz_limit;nonlinear_acoustic_pulse,0.1,2.0033240306597193,0.05
B,1.5,3.0,0.25,300,0.01,piston,1096.295852188156,1013.25,83.045852188156,1.08195988372875,530.1437602932776,6.383558120808493,114.4962827270936,0.3373579528412385,False,none,912.781109016315,146.7541345192958,766.0269744970192,273834.3327048945,0.2535503080600875,2.226165164671856e-15,0.0,0.7607385864370881,309.96893331468414,2.9134814499752957,299366.4322478326,kantrowitz_limit;nonlinear_acoustic_pulse,0.25,2.0033240306597193,0.05
B,1.5,3.0,0.25,300,0.01,piston,1090.0320396891452,1013.25,76.78203968914522,1.0757779814351298,530.1437602932776,6.383558120808493,110.29843270356464,0.32472326566652887,False,none,901.7120386429897,135.68506414597044,766.0269744970192,270513.6115928969,0.25047556628971934,1.808759196295883e-15,0.0,0.7607385864370881,309.96893331468414,2.9134814499752957,299366.4322478326,kantrowitz_limit;nonlinear_acoustic_pulse,0.5,2.0033240306597193,0.05
B,1.5,3.0,0.25,300,0.01,piston,1079.4600876454238,1013.25,66.21008764542376,1.0653442759885752,530.1437602932776,6.383558120808493,102.74794465893974,0.3020734390523642,False,none,883.0298572759939,117.00288277897477,766.0269744970192,264908.9571827982,0.24528607146555387,3.0609771014238024e-15,2.072871323443694e-16,0.7607385864370881,309.96893331468414,2.9134814499752957,299366.4322478326,kantrowitz_limit;nonlinear_acoustic_pulse,1.0,2.0033240306597193,0.05
B,1.5,3.0,0.25,300,0.01,piston,1070.9328483885643,1013.25,57.68284838856425,1.0569285451651262,530.1437602932776,6.383558120808493,96.15001192340071,0.28235578448881166,False,none,867.9609816608208,101.9340071638016,766.0269744970192,260388.29449824625,0.24110027268356135,2.6435711330478295e-15,2.37930330829678e-16,0.7607385864370881,309.96893331468414,2.9134814499752957,299366.4322478326,kantrowitz_limit;nonlinear_acoustic_pulse,1.5,2.0033240306597193,0.05
B,1.5,3.0,0.25,300,0.01,piston,1063.9545625415224,1013.25,50.704562541522364,1.0500415125008857,530.1437602932776,6.383558120808493,90.33743599544412,0.26503883437583203,False,none,855.6293326629802,89.6023581659611,766.0269744970192,256688.79979889406,0.23767481462860562,1.5304885507119012e-15,1.3533791154445077e-16,0.7607385864370881,309.96893331468414,2.9134814499752957,299366.4322478326,kantrowitz_limit;nonlinear_acoustic_pulse,2.0,2.0033240306597193,0.05
B,1.5,3.0,0.25,300,0.01,piston,1053.3246051191616,1013.25,40.07460511916156,1.0395505601965571,530.1437602932776,6.383558120808493,80.57269280774346,0.23605143903712017,False,none,836.844647330821,70.81767283380181,766.0269744970192,251053.39419924628,0.2324568464807836,5.287142266095659e-15,0.0,0.7607385864370881,309.96893331468414,2.9134814499752957,299366.4322478326,kantrowitz_limit;nonlinear_acoustic_pulse,3.0,2.0033240306597193,0.05
B,1.5,3.0,0.25,300,0.01,piston,1045.7201202077122,1013.25,32.47012020771217,1.032045517106057,530.1437602932776,6.383558120808493,72.69606363668275,0.21275517440632954,False,none,823.4064132439901,57.3794387469709,766.0269744970192,247021.92397319703,0.22872400367888612,4.174059683759731e-15,2.1134044334442385e-16,0.7607385864370881,309.96893331468414,2.9134814499752957,299366.4322478326,kantrowitz_limit;nonlinear_acoustic_pulse,4.0,2.0033240306597193,0.05
B,1.5,3.0,0.25,300,0.03,piston,3310.081247742805,3039.75,270.33124774280486,1.0889320660392483,530.1437602932776,19.15067436242548,119.01850595791781,0.3510044142689651,False,none,2775.795670834871,477.71474734381394,2298.080923491057,832738.7012504613,0.7710543530096864,2.226165164671856e-15,0.0,0.760738586437088,929.9067999440525,2.9134814499752957,898099.296743498,kantrowitz_limit;nonlinear_acoustic_pulse,0.0,2.003324030659685,0.05
B,1.5,3.0,0.25,300,0.03,piston,3301.290047490906,3039.75,261.5400474909061,1.0860399860155954,530.1437602932776,19.15067436242548,117.16837743114418,0.34541683768171305,False,none,2760.260337638095,462.17941414703785,2298.080923491057,828078.1012914284,0.7667389826772486,9.275688186132733e-16,2.099028325788839e-16,0.760738586437088,929.9067999440525,2.9134814499752957,898099.296743498,kantrowitz_limit;nonlinear_acoustic_pulse,0.1,2.003324030659685,0.05
B,1.5,3.0,0.25,300,0.03,piston,3288.887556564468,3039.75,249.137556564468,1.08195988372875,530.1437602932776,19.15067436242548,114.4962827270936,0.3373579528412385,False,none,2738.3433270489445,440.2624035578874,2298.080923491057,821502.9981146833,0.7606509241802624,2.0406514009492015e-15,0.0,0.760738586437088,929.9067999440525,2.9134814499752957,898099.296743498,kantrowitz_limit;nonlinear_acoustic_pulse,0.25,2.003324030659685,0.05
B,1.5,3.0,0.25,300,0.03,piston,3270.0961190674357,3039.75,230.34611906743567,1.0757779814351298,530.1437602932776,19.15067436242548,110.29843270356464,0.32472326566652887,False,none,2705.1361159289686,407.05519243791133,2298.080923491057,811540.8347786906,0.7514266988691579,1.669623873503892e-15,1.1916414529451044e-16,0.760738586437088,929.9067999440525,2.9134814499752957,898099.296743498,kantrowitz_limit;nonlinear_acoustic_pulse,0.5,2.003324030659685,0.05
B,1.5,3.0,0.25,300,0.03,piston,3238.3802629362713,3039.75,198.63026293627127,1.0653442759885752,530.1437602932776,19.15067436242548,102.74794465893974,0.3020734390523642,False,none,2649.089571827981,351.0086483369243,2298.080923491057,794726.8715483943,0.7358582143966614,2.9682202195624748e-15,1.3819142156291294e-16,0.760738586437088,929.9067999440525,2.9134814499752957,898099.296743498,kantrowitz_limit;nonlinear_acoustic_pulse,1.0,2.003324030659685,0.05
B,1.5,3.0,0.25,300,0.03,piston,3212.7985451656937,3039.75,173.04854516569367,1.0569285451651267,530.1437602932776,19.15067436242548,96.15001192340071,0.28235578448881166,False,none,2603.8829449824634,305.80202149140644,2298.080923491057,781164.8834947391,0.7233008180506842,2.78270645583982e-15,0.0,0.760738586437088,929.9067999440525,2.9134814499752957,898099.296743498,kantrowitz_limit;nonlinear_acoustic_pulse,1.5,2.003324030659685,0.05
B,1.5,3.0,0.25,300,0.03,piston,3191.863687624567,3039.75,152.11368762456686,1.0500415125008855,530.1437602932776,19.15067436242548,90.33743599544412,0.26503883437583203,False,none,2566.88799798894,268.8070744978829,2298.080923491057,770066.3993966819,0.7130244438858167,1.2985963460585826e-15,1.8045054872593464e-16,0.760738586437088,929.9067999440525,2.9134814499752957,898099.296743498,kantrowitz_limit;nonlinear_acoustic_pulse,2.0,2.003324030659685,0.05
B,1.5,3.0,0.25,300,0.03,piston,3159.9738153574845,3039.75,120.22381535748445,1.0395505601965571,530.1437602932776,19.15067436242548,80.57269280774346,0.23605143903712017,False,none,2510.533941992462,212.453018501405,2298.080923491057,753160.1825977387,0.6973705394423506,5.008871620511676e-15,0.0,0.760738586437088,929.9067999440525,2.9134814499752957,898099.296743498,kantrowitz_limit;nonlinear_acoustic_pulse,3.0,2.003324030659685,0.05
B,1.5,3.0,0.25,300,0.03,piston,3137.1603606231356,3039.75,97.4103606231356,1.0320455171060565,530.1437602932776,19.15067436242548,72.69606363668275,0.21275517440632954,False,none,2470.219239731968,172.13831624091108,2298.080923491057,741065.7719195904,0.6861720110366578,3.710275274453093e-15,1.408936288962839e-16,0.760738586437088,929.9067999440525,2.9134814499752957,898099.296743498,kantrowitz_limit;nonlinear_acoustic_pulse,4.0,2.003324030659685,0.05
B,1.5,3.0,0.25,300,0.1,piston,11033.60415914268,10132.5,901.1041591426801,1.088932066039248,530.1437602932776,63.83558120808493,119.01850595791781,0.3510044142689651,False,none,9252.652236116233,1592.3824911460415,7660.269744970192,2775795.67083487,2.5701811766989535,2.1148569064382634e-15,2.436921247967051e-16,0.7607385864370881,3099.689333146842,2.9134814499752957,2993664.3224783265,kantrowitz_limit;nonlinear_acoustic_pulse,0.0,2.003324030659685,0.05
B,1.5,3.0,0.25,300,0.1,piston,11004.30015830302,10132.5,871.80015830302,1.0860399860155954,530.1437602932776,63.83558120808493,117.16837743114418,0.34541683768171305,False,none,9200.867792126985,1540.5980471567923,7660.269744970192,2760260.3376380955,2.555796608924162,1.0017743241023352e-15,1.2594169954733038e-16,0.7607385864370881,3099.689333146842,2.9134814499752957,2993664.3224783265,kantrowitz_limit;nonlinear_acoustic_pulse,0.1,2.003324030659685,0.05
B,1.5,3.0,0.25,300,0.1,piston,10962.958521881561,10132.5,830.458521881561,1.08195988372875,530.1437602932776,63.83558120808493,114.4962827270936,0.3373579528412385,False,none,9127.811090163152,1467.5413451929596,7660.269744970192,2738343.3270489457,2.5355030806008756,2.226165164671856e-15,1.322112913641375e-16,0.7607385864370881,3099.689333146842,2.9134814499752957,2993664.3224783265,kantrowitz_limit;nonlinear_acoustic_pulse,0.25,2.003324030659685,0.05
B,1.5,3.0,0.25,300,0.1,piston,10900.320396891451,10132.5,767.8203968914513,1.0757779814351296,530.1437602932776,63.83558120808493,110.29843270356464,0.32472326566652887,False,none,9017.120386429895,1356.8506414597027,7660.269744970192,2705136.1159289684,2.504755662897193,1.6696238735038922e-15,1.4299697435341268e-16,0.7607385864370881,3099.689333146842,2.9134814499752957,2993664.3224783265,kantrowitz_limit;nonlinear_acoustic_pulse,0.5,2.003324030659685,0.05
B,1.5,3.0,0.25,300,0.1,piston,10794.600876454238,10132.5,662.1008764542385,1.0653442759885752,530.1437602932776,63.83558120808493,102.74794465893974,0.3020734390523642,False,none,8830.29857275994,1170.0288277897494,7660.269744970192,2649089.571827982,2.452860714655539,3.1166312305405986e-15,1.658297058754953e-16,0.7607385864370881,3099.689333146842,2.9134814499752957,2993664.3224783265,kantrowitz_limit;nonlinear_acoustic_pulse,1.0,2.003324030659685,0.05
B,1.5,3.0,0.25,300,0.1,piston,10709.328483885645,10132.5,576.8284838856453,1.0569285451651267,530.1437602932776,63.83558120808493,96.15001192340071,0.28235578448881166,False,none,8679.609816608212,1019.3400716380208,7660.269744970192,2603882.9449824635,2.4110027268356142,2.894014714073413e-15,0.0,0.7607385864370881,3099.689333146842,2.9134814499752957,2993664.3224783265,kantrowitz_limit;nonlinear_acoustic_pulse,1.5,2.003324030659685,0.05
B,1.5,3.0,0.25,300,0.1,piston,10639.545625415223,10132.5,507.0456254152232,1.0500415125008855,530.1437602932776,63.83558120808493,90.33743599544412,0.26503883437583203,False,none,8556.293326629802,896.0235816596103,7660.269744970192,2566887.9979889407,2.3767481462860562,1.3356990988031138e-15,2.1654065847112142e-16,0.7607385864370881,3099.689333146842,2.9134814499752957,2993664.3224783265,kantrowitz_limit;nonlinear_acoustic_pulse,2.0,2.003324030659685,0.05
B,1.5,3.0,0.25,300,0.1,piston,10533.246051191614,10132.5,400.74605119161424,1.0395505601965571,530.1437602932776,63.83558120808493,80.57269280774346,0.23605143903712017,False,none,8368.446473308208,708.1767283380157,7660.269744970192,2510533.941992462,2.3245684648078355,5.120179878745269e-15,0.0,0.7607385864370881,3099.689333146842,2.9134814499752957,2993664.3224783265,kantrowitz_limit;nonlinear_acoustic_pulse,3.0,2.003324030659685,0.05
B,1.5,3.0,0.25,300,0.1,piston,10457.201202077122,10132.5,324.7012020771217,1.032045517106057,530.1437602932776,63.83558120808493,72.69606363668275,0.21275517440632954,False,none,8234.0641324399,573.794387469709,7660.269744970192,2470219.2397319702,2.287240036788861,4.007097296409341e-15,0.0,0.7607385864370881,3099.689333146842,2.9134814499752957,2993664.3224783265,kantrowitz_limit;nonlinear_acoustic_pulse,4.0,2.003324030659685,0.05
B,1.5,3.0,0.25,350,0.001,piston,113.61849168872122,101.325,12.293491688721218,1.121327329767789,618.5010536754905,0.7447484474276574,137.69674624017753,0.40779374963516124,False,none,125.98917567651478,21.724393036642738,104.26478263987204,44096.21148678017,0.034996993243476326,4.472206804028283e-16,1.1961467859639555e-16,0.7502404170615414,36.163042220046485,2.9134814499752957,34926.08376224714,kantrowitz_limit;nonlinear_acoustic_pulse,0.0,3.3435027659559453,0.05
B,1.5,3.0,0.25,350,0.001,piston,113.21780460240713,101.325,11.892804602407125,1.1173728556862288,618.5010536754905,0.7447484474276574,135.59009856731464,0.40135222875494725,False,none,125.28110314771641,21.01632050784437,104.26478263987204,43848.386101700744,0.03480030642992123,1.0435149209399327e-15,1.2364468317895515e-16,0.7502404170615414,36.163042220046485,2.9134814499752957,34926.08376224714,kantrowitz_limit;nonlinear_acoustic_pulse,0.1,3.3435027659559453,0.05
B,1.5,3.0,0.25,350,0.001,piston,112.65262472413433,101.325,11.327624724134324,1.1117949639687572,618.5010536754905,0.7447484474276574,132.54485620629242,0.3920577950718632,False,none,124.28234786135094,20.017565221478907,104.26478263987204,43498.82175147283,0.03452287440593082,4.472206804028283e-16,0.0,0.7502404170615414,36.163042220046485,2.9134814499752957,34926.08376224714,kantrowitz_limit;nonlinear_acoustic_pulse,0.25,3.3435027659559453,0.05
B,1.5,3.0,0.25,350,0.001,piston,111.79653184632676,101.325,10.471531846326755,1.1033459841729756,618.5010536754905,0.7447484474276574,127.75455612399519,0.3774768556577067,False,none,122.76950687001361,18.50472423014158,104.26478263987204,42969.327404504766,0.034102640797226004,1.490735601342761e-16,0.0,0.7502404170615414,36.163042220046485,2.9134814499752957,34926.08376224714,kantrowitz_limit;nonlinear_acoustic_pulse,0.5,3.3435027659559453,0.05
B,1.5,3.0,0.25,350,0.001,piston,110.35226308831153,101.325,9.027263088311528,1.0890921597662129,618.5010536754905,0.7447484474276574,119.11989915941355,0.35131081673234016,False,none,120.2172733025193,15.952490662647266,104.26478263987204,42076.04565588175,0.03339368702847759,5.962942405371044e-16,0.0,0.7502404170615414,36.163042220046485,2.9134814499752957,34926.08376224714,kantrowitz_limit;nonlinear_acoustic_pulse,1.0,3.3435027659559453,0.05
B,1.5,3.0,0.25,350,0.001,piston,109.18790506849828,101.325,7.862905068498279,1.077600839560802,618.5010536754905,0.7447484474276574,111.55591932869005,0.32850480228901,False,none,118.15968283934787,13.89490019947583,104.26478263987204,41355.888993771754,0.032822134122041074,4.472206804028283e-16,0.0,0.7502404170615414,36.163042220046485,2.9134814499752957,34926.08376224714,kantrowitz_limit;nonlinear_acoustic_pulse,1.5,3.3435027659559453,0.05
B,1.5,3.0,0.25,350,0.001,piston,108.23543225320012,101.325,6.9104322532001135,1.0682006637374795,618.5010536754905,0.7447484474276574,104.87863202864817,0.3084555115426163,False,none,116.47652443975022,12.211741799878183,104.26478263987204,40766.78355391258,0.03235459012215284,8.944413608056567e-16,2.1279161755661394e-16,0.7502404170615414,36.163042220046485,2.9134814499752957,34926.08376224714,kantrowitz_limit;nonlinear_acoustic_pulse,2.0,3.3435027659559453,0.05
B,1.5,3.0,0.25,350,0.001,piston,106.78519966650127,101.325,5.460199666501268,1.0538879809178512,618.5010536754905,0.7447484474276574,93.63430707470322,0.2748549788863779,False,none,113.9137519170423,9.648969277170274,104.26478263987204,39869.81317096481,0.03164270886584508,7.453678006713805e-16,1.3465460486686647e-16,0.7502404170615414,36.163042220046485,2.9134814499752957,34926.08376224714,kantrowitz_limit;nonlinear_acoustic_pulse,3.0,3.3435027659559453,0.05
B,1.5,3.0,0.25,350,0.001,piston,105.74821705241136,101.325,4.42321705241136,1.043653758227598,618.5010536754905,0.7447484474276574,84.54147137550252,0.24781807525600907,False,none,112.0812523757344,7.816469735862353,104.26478263987204,39228.43833150704,0.031133681215481775,2.0870298418798653e-15,0.0,0.7502404170615414,36.163042220046485,2.9134814499752957,34926.08376224714,kantrowitz_limit;nonlinear_acoustic_pulse,4.0,3.3435027659559453,0.05
B,1.5,3.0,0.25,350,0.003,piston,340.8554750661637,303.975,36.88047506616368,1.121327329767789,618.5010536754905,2.2342453422829727,137.69674624017753,0.40779374963516124,False,none,377.9675270295445,65.17317910992827,312.7943479196162,132288.63446034057,0.10499097973042902,3.975294936914029e-16,0.0,0.7502404170615413,108.48912666013946,2.9134814499752957,104778.25128674143,kantrowitz_limit;nonlinear_acoustic_pulse,0.0,3.3435027659559453,0.05
B,1.5,3.0,0.25,350,0.003,piston,339.6534138072214,303.975,35.678413807221375,1.1173728556862288,618.5010536754905,2.2342453422829727,135.59009856731464,0.40135222875494725,False,none,375.84330944314934,63.048961523533116,312.7943479196162,131545.15830510226,0.10440091928976371,9.938237342285072e-16,0.0,0.7502404170615413,108.48912666013946,2.9134814499752957,104778.25128674143,kantrowitz_limit;nonlinear_acoustic_pulse,0.1,3.3435027659559453,0.05
B,1.5,3.0,0.25,350,0.003,piston,337.957874172403,303.975,33.982874172403,1.1117949639687572,618.5010536754905,2.2342453422829727,132.54485620629242,0.3920577950718632,False,none,372.847043584053,60.05269566443677,312.7943479196162,130496.46525441854,0.10356862321779249,3.975294936914029e-16,0.0,0.7502404170615413,108.48912666013946,2.9134814499752957,104778.25128674143,kantrowitz_limit;nonlinear_acoustic_pulse,0.25,3.3435027659559453,0.05
B,1.5,3.0,0.25,350,0.003,piston,335.3895955389803,303.975,31.41459553898028,1.1033459841729756,618.5010536754905,2.2342453422829727,127.75455612399519,0.3774768556577067,False,none,368.30852061004094,55.514172690424765,312.7943479196162,128907.98221351433,0.10230792239167805,0.0,0.0,0.7502404170615413,108.48912666013946,2.9134814499752957,104778.25128674143,kantrowitz_limit;nonlinear_acoustic_pulse,0.5,3.3435027659559453,0.05
B,1.5,3.0,0.25,350,0.003,piston,331.0567892649346,303.975,27.08178926493457,1.0890921597662129,618.5010536754905,2.2342453422829727,119.11989915941355,0.35131081673234016,False,none,360.651819907558,47.85747198794177,312.7943479196162,126228.13696764529,0.10018106108543277,3.975294936914029e-16,0.0,0.7502404170615413,108.48912666013946,2.9134814499752957,104778.25128674143,kantrowitz_limit;nonlinear_acoustic_pulse,1.0,3.3435027659559453,0.05
B,1.5,3.0,0.25,350,0.003,piston,327.5637152054949,303.975,23.58871520549485,1.077600839560802,618.5010536754905,2.2342453422829727,111.55591932869005,0.32850480228901,False,none,354.4790485180437,41.68470059842751,312.7943479196162,124067.6669813153,0.09846640236612325,3.975294936914029e-16,1.2467674007368647e-16,0.7502404170615413,108.48912666013946,2.9134814499752957,104778.25128674143,kantrowitz_limit;nonlinear_acoustic_pulse,1.5,3.3435027659559453,0.05
B,1.5,3.0,0.25,350,0.003,piston,324.7062967596004,303.975,20.731296759600355,1.0682006637374797,618.5010536754905,2.2342453422829727,104.87863202864817,0.3084555115426163,False,none,349.4295733192508,36.63522539963458,312.7943479196162,122300.35066173777,0.09706377036645855,5.962942405371043e-16,0.0,0.7502404170615413,108.48912666013946,2.9134814499752957,104778.25128674143,kantrowitz_limit;nonlinear_acoustic_pulse,2.0,3.3435027659559453,0.05
B,1.5,3.0,0.25,350,0.003,piston,320.35559899950374,303.975,16.380598999503718,1.053887980917851,618.5010536754905,2.2342453422829727,93.63430707470322,0.2748549788863779,False,none,341.74125575112686,28.94690783151067,312.7943479196162,119609.4395128944,0.09492812659753525,3.975294936914029e-16,0.0,0.7502404170615413,108.48912666013946,2.9134814499752957,104778.25128674143,kantrowitz_limit;nonlinear_acoustic_pulse,3.0,3.3435027659559453,0.05
B,1.5,3.0,0.25,350,0.003,piston,317.2446511572341,303.975,13.26965115723408,1.043653758227598,618.5010536754905,2.2342453422829727,84.54147137550252,0.24781807525600907,False,none,336.24375712720325,23.44940920758706,312.7943479196162,117685.31499452113,0.09340104364644534,1.9876474684570144e-15,0.0,0.7502404170615413,108.48912666013946,2.9134814499752957,104778.25128674143,kantrowitz_limit;nonlinear_acoustic_pulse,4.0,3.3435027659559453,0.05
B,1.5,3.0,0.25,350,0.01,piston,1136.1849168872122,1013.25,122.93491688721224,1.121327329767789,618.5010536754905,7.447484474276574,137.69674624017753,0.40779374963516124,False,none,1259.891756765148,217.2439303664275,1042.6478263987206,440962.11486780184,0.3499699324347634,5.962942405371044e-16,1.9138348575423278e-16,0.7502404170615414,361.63042220046486,2.9134814499752957,349260.8376224714,kantrowitz_limit;nonlinear_acoustic_pulse,0.0,3.3435027659559857,0.05
B,1.5,3.0,0.25,350,0.01,piston,1132.1780460240714,1013.25,118.92804602407136,1.1173728556862288,618.5010536754905,7.447484474276574,135.59009856731464,0.40135222875494725,False,none,1252.8110314771645,210.16320507844392,1042.6478263987206,438483.8610170076,0.34800306429921235,1.4311061772890507e-15,0.0,0.7502404170615414,361.63042220046486,2.9134814499752957,349260.8376224714,kantrowitz_limit;nonlinear_acoustic_pulse,0.1,3.3435027659559857,0.05
B,1.5,3.0,0.25,350,0.01,piston,1126.526247241343,1013.25,113.27624724134307,1.111794963968757,618.5010536754905,7.447484474276574,132.54485620629242,0.3920577950718632,False,none,1242.8234786135092,200.17565221478876,1042.6478263987206,434988.21751472825,0.3452287440593081,2.385176962148418e-16,0.0,0.7502404170615414,361.63042220046486,2.9134814499752957,349260.8376224714,kantrowitz_limit;nonlinear_acoustic_pulse,0.25,3.3435027659559857,0.05
B,1.5,3.0,0.25,350,0.01,piston,1117.9653184632675,1013.25,104.71531846326752,1.1033459841729756,618.5010536754905,7.447484474276574,127.75455612399519,0.3774768556577067,False,none,1227.6950687001363,185.04724230141574,1042.6478263987206,429693.2740450477,0.3410264079722601,1.192588481074209e-16,0.0,0.7502404170615414,361.63042220046486,2.9134814499752957,349260.8376224714,kantrowitz_limit;nonlinear_acoustic_pulse,0.5,3.3435027659559857,0.05
B,1.5,3.0,0.25,350,0.01,piston,1103.5226308831154,1013.25,90.27263088311543,1.089092159766213,618.5010536754905,7.447484474276574,119.11989915941355,0.35131081673234016,False,none,1202.1727330251933,159.5249066264729,1042.6478263987206,420760.45655881765,0.3339368702847759,9.540707848593672e-16,0.0,0.7502404170615414,361.63042220046486,2.9134814499752957,349260.8376224714,kantrowitz_limit;nonlinear_acoustic_pulse,1.0,3.3435027659559857,0.05
B,1.5,3.0,0.25,350,0.01,piston,1091.8790506849828,1013.25,78.62905068498276,1.077600839560802,618.5010536754905,7.447484474276574,111.55591932869005,0.32850480228901,False,none,1181.5968283934787,138.94900199475825,1042.6478263987206,413558.8899377176,0.32822134122041074,5.962942405371044e-16,0.0,0.7502404170615414,361.63042220046486,2.9134814499752957,349260.8376224714,kantrowitz_limit;nonlinear_acoustic_pulse,1.5,3.3435027659559857,0.05
B,1.5,3.0,0.25,350,0.01,piston,1082.354322532001,1013.25,69.1043225320011,1.0682006637374795,618.5010536754905,7.447484474276574,104.87863202864817,0.3084555115426163,False,none,1164.7652443975023,122.11741799878179,1042.6478263987206,407667.83553912584,0.32354590122152843,7.1555308864452535e-16,0.0,0.7502404170615414,361.63042220046486,2.9134814499752957,349260.8376224714,kantrowitz_limit;nonlinear_acoustic_pulse,2.0,3.3435027659559857,0.05
B,1.5,3.0,0.25,350,0.01,piston,1067.8519966650124,1013.25,54.60199666501239,1.053887980917851,618.5010536754905,7.447484474276574,93.63430707470322,0.2748549788863779,False,none,1139.1375191704228,96.48969277170224,1042.6478263987206,398698.131709648,0.31642708865845076,7.1555308864452535e-16,0.0,0.7502404170615414,361.63042220046486,2.9134814499752957,349260.8376224714,kantrowitz_limit;nonlinear_acoustic_pulse,3.0,3.3435027659559857,0.05
B,1.5,3.0,0.25,350,0.01,piston,1057.4821705241136,1013.25,44.2321705241136,1.043653758227598,618.5010536754905,7.447484474276574,84.54147137550252,0.24781807525600907,False,none,1120.812523757344,78.16469735862353,1042.6478263987206,392284.3833150704,0.3113368121548178,2.146659265933576e-15,0.0,0.7502404170615414,361.63042220046486,2.9134814499752957,349260.8376224714,kantrowitz_limit;nonlinear_acoustic_pulse,4.0,3.3435027659559857,0.05
B,1.5,3.0,0.25,350,0.03,piston,3408.554750661635,3039.75,368.8047506616349,1.1213273297677884,618.5010536754905,22.342453422829724,137.69674624017708,0.4077937496351599,False,none,3779.6752702954404,651.7317910992792,3127.943479196161,1322886.3446034042,1.049909797304289,0.0,1.2758899050282248e-16,0.7502404170615414,1084.8912666013946,2.9134814499752957,1047782.5128674144,kantrowitz_limit;nonlinear_acoustic_pulse,0.0,3.343502765955946,0.05
B,1.5,3.0,0.25,350,0.03,piston,3396.534138072214,3039.75,356.78413807221386,1.1173728556862288,618.5010536754905,22.342453422829724,135.59009856731464,0.40135222875494725,False,none,3758.4330944314925,630.4896152353314,3127.943479196161,1315451.5830510224,1.0440091928976367,1.1130825823359282e-15,0.0,0.7502404170615414,1084.8912666013946,2.9134814499752957,1047782.5128674144,kantrowitz_limit;nonlinear_acoustic_pulse,0.1,3.343502765955946,0.05
B,1.5,3.0,0.25,350,0.03,piston,3379.578741724029,3039.75,339.828741724029,1.111794963968757,618.5010536754905,22.342453422829724,132.54485620629242,0.3920577950718632,False,none,3728.470435840527,600.5269566443659,3127.943479196161,1304964.6525441844,1.035686232177924,1.5901179747656116e-16,0.0,0.7502404170615414,1084.8912666013946,2.9134814499752957,1047782.5128674144,kantrowitz_limit;nonlinear_acoustic_pulse,0.25,3.343502765955946,0.05
B,1.5,3.0,0.25,350,0.03,piston,3353.8959553898026,3039.75,314.14595538980257,1.1033459841729756,618.5010536754905,22.342453422829724,127.75455612399519,0.3774768556577067,False,none,3683.0852061004084,555.1417269042472,3127.943479196161,1289079.822135143,1.02307922391678,0.0,1.4978841847947793e-16,0.7502404170615414,1084.8912666013946,2.9134814499752957,1047782.5128674144,kantrowitz_limit;nonlinear_acoustic_pulse,0.5,3.343502765955946,0.05
B,1.5,3.0,0.25,350,0.03,piston,3310.567892649346,3039.75,270.81789264934605,1.089092159766213,618.5010536754905,22.342453422829724,119.11989915941355,0.35131081673234016,False,none,3606.5181990755796,478.5747198794183,3127.943479196161,1262281.3696764528,1.0018106108543277,7.950589873828059e-16,1.737530167199489e-16,0.7502404170615414,1084.8912666013946,2.9134814499752957,1047782.5128674144,kantrowitz_limit;nonlinear_acoustic_pulse,1.0,3.343502765955946,0.05
B,1.5,3.0,0.25,350,0.03,piston,3275.6371520549483,3039.75,235.88715205494827,1.077600839560802,618.5010536754905,22.342453422829724,111.55591932869005,0.32850480228901,False,none,3544.790485180436,416.84700598427474,3127.943479196161,1240676.6698131526,0.9846640236612322,3.180235949531223e-16,0.0,0.7502404170615414,1084.8912666013946,2.9134814499752957,1047782.5128674144,kantrowitz_limit;nonlinear_acoustic_pulse,1.5,3.343502765955946,0.05
B,1.5,3.0,0.25,350,0.03,piston,3247.0629675960035,3039.75,207.31296759600355,1.0682006637374797,618.5010536754905,22.342453422829724,104.87863202864817,0.3084555115426163,False,none,3494.295733192507,366.3522539963458,3127.943479196161,1223003.5066173775,0.9706377036645853,7.950589873828059e-16,0.0,0.7502404170615414,1084.8912666013946,2.9134814499752957,1047782.5128674144,kantrowitz_limit;nonlinear_acoustic_pulse,2.0,3.343502765955946,0.05
B,1.5,3.0,0.25,350,0.03,piston,3203.555989995038,3039.75,163.8059899950381,1.0538879809178512,618.5010536754905,22.342453422829724,93.63430707470322,0.2748549788863779,False,none,3417.4125575112694,289.46907831510833,3127.943479196161,1196094.3951289442,0.9492812659753526,7.950589873828059e-16,0.0,0.7502404170615414,1084.8912666013946,2.9134814499752957,1047782.5128674144,kantrowitz_limit;nonlinear_acoustic_pulse,3.0,3.343502765955946,0.05
B,1.5,3.0,0.25,350,0.03,piston,3172.4465115723406,3039.75,132.69651157234057,1.0436537582275978,618.5010536754905,22.342453422829724,84.54147137550252,0.24781807525600907,False,none,3362.437571272031,234.49409207587018,3127.943479196161,1176853.149945211,0.9340104364644531,1.908141569718734e-15,0.0,0.7502404170615414,1084.8912666013946,2.9134814499752957,1047782.5128674144,kantrowitz_limit;nonlinear_acoustic_pulse,4.0,3.343502765955946,0.05
B,1.5,3.0,0.25,350,0.1,piston,11361.849168872119,10132.5,1229.3491688721188,1.1213273297677886,618.5010536754905,74.47484474276574,137.69674624017753,0.40779374963516124,False,none,12598.917567651473,2172.4393036642687,10426.478263987205,4409621.148678016,3.4996993243476315,3.8162831394374686e-16,0.0,0.7502404170615413,3616.3042220046486,2.9134814499752957,3492608.3762247143,kantrowitz_limit;nonlinear_acoustic_pulse,0.0,3.343502765955946,0.05
B,1.5,3.0,0.25,350,0.1,piston,11321.780460240712,10132.5,1189.2804602407123,1.1173728556862288,618.5010536754905,74.47484474276574,135.59009856731464,0.40135222875494725,False,none,12528.110314771642,2101.6320507844366,10426.478263987205,4384838.610170075,3.480030642992123,1.335699098803114e-15,1.582651944690626e-16,0.7502404170615413,3616.3042220046486,2.9134814499752957,3492608.3762247143,kantrowitz_limit;nonlinear_acoustic_pulse,0.1,3.343502765955946,0.05
B,1.5,3.0,0.25,350,0.1,piston,11265.262472413433,10132.5,1132.762472413433,1.1117949639687572,618.5010536754905,74.47484474276574,132.54485620629242,0.3920577950718632,False,none,12428.234786135097,2001.7565221478917,10426.478263987205,4349882.175147284,3.4522874405930826,5.724424709156202e-16,0.0,0.7502404170615413,3616.3042220046486,2.9134814499752957,3492608.3762247143,kantrowitz_limit;nonlinear_acoustic_pulse,0.25,3.343502765955946,0.05
B,1.5,3.0,0.25,350,0.1,piston,11179.653184632674,10132.5,1047.1531846326743,1.1033459841729756,618.5010536754905,74.47484474276574,127.75455612399519,0.3774768556577067,False,none,12276.950687001361,1850.4724230141558,10426.478263987205,4296932.740450476,3.4102640797226003,0.0,0.0,0.7502404170615413,3616.3042220046486,2.9134814499752957,3492608.3762247143,kantrowitz_limit;nonlinear_acoustic_pulse,0.5,3.343502765955946,0.05
B,1.5,3.0,0.25,350,0.1,piston,11035.226308831154,10132.5,902.7263088311538,1.089092159766213,618.5010536754905,74.47484474276574,119.11989915941355,0.35131081673234016,False,none,12021.727330251933,1595.2490662647283,10426.478263987205,4207604.565588176,3.3393687028477594,7.632566278874937e-16,0.0,0.7502404170615413,3616.3042220046486,2.9134814499752957,3492608.3762247143,kantrowitz_limit;nonlinear_acoustic_pulse,1.0,3.343502765955946,0.05
B,1.5,3.0,0.25,350,0.1,piston,10918.790506849828,10132.5,786.2905068498276,1.077600839560802,618.5010536754905,74.47484474276574,111.55591932869005,0.32850480228901,False,none,11815.968283934788,1389.4900199475824,10426.478263987205,4135588.8993771756,3.282213412204108,3.8162831394374686e-16,1.1968967047073913e-16,0.7502404170615413,3616.3042220046486,2.9134814499752957,3492608.3762247143,kantrowitz_limit;nonlinear_acoustic_pulse,1.5,3.343502765955946,0.05
B,1.5,3.0,0.25,350,0.1,piston,10823.54322532001,10132.5,691.0432253200106,1.0682006637374795,618.5010536754905,74.47484474276574,104.87863202864817,0.3084555115426163,False,none,11647.652443975021,1221.174179987817,10426.478263987205,4076678.3553912574,3.2354590122152835,7.632566278874937e-16,0.0,0.7502404170615413,3616.3042220046486,2.9134814499752957,3492608.3762247143,kantrowitz_limit;nonlinear_acoustic_pulse,2.0,3.343502765955946,0.05
B,1.5,3.0,0.25,350,0.1,piston,10678.519966650127,10132.5,546.0199666501267,1.0538879809178512,618.5010536754905,74.47484474276574,93.63430707470322,0.2748549788863779,False,none,11391.375191704232,964.8969277170272,10426.478263987205,3986981.317096481,3.164270886584509,9.54070784859367e-16,0.0,0.7502404170615413,3616.3042220046486,2.9134814499752957,3492608.3762247143,kantrowitz_limit;nonlinear_acoustic_pulse,3.0,3.343502765955946,0.05
B,1.5,3.0,0.25,350,0.1,piston,10574.821705241136,10132.5,442.32170524113644,1.043653758227598,618.5010536754905,74.47484474276574,84.54147137550326,0.2478180752560113,False,none,11208.12523757344,781.6469735862361,10426.478263987205,3922843.833150704,3.1133681215481777,2.0989557266906075e-15,0.0,0.7502404170615413,3616.3042220046486,2.9134814499752957,3492608.3762247143,kantrowitz_limit;nonlinear_acoustic_pulse,4.0,3.343502765955946,0.05
