experiment,pod_diameter_m,tube_diameter_m,blockage_ratio,speed_m_s,pressure_atm,shape,pressure_front_pa,pressure_rear_pa,pressure_difference_pa,pressure_ratio,displaced_volume_flow_m3_s,mass_flow_kg_s,max_gas_velocity_m_s,max_mach,choked,choking_location,drag_n,pressure_drag_n,shape_drag_n,power_w,energy_kwh_per_vehicle_km,mass_conservation_relative_error,power_conservation_relative_error,kantrowitz_capacity_ratio,acoustic_overpressure_pa,acoustic_transit_s_per_km,reynolds_gap,flags,architecture,duct_area_fraction,return_area_m2
C,1.5,1.7,0.7785467128027683,50,0.01,piston,1295.4658486821495,1013.25,282.2158486821495,1.278525387300419,88.35729338221293,1.063926353468082,199.8344265696797,0.603013117619777,False,none,519.9950978517395,498.71657078237786,21.278527069361644,25999.754892586974,0.1444430827365943,0.0,1.4589364060570577e-16,0.8909926288166349,160.88352940208523,2.9134814499752957,6652.5873832851685,kantrowitz_limit;low_reynolds_or_rarefaction_check,open_annulus,1.0,0.5026548245743665
C,1.5,1.7,0.7785467128027683,50,0.01,piston,5274.681428254084,1013.25,4261.431428254084,5.2057058260588045,88.35729338221293,1.063926353468082,313.3264943845849,1.0,True,integrated_duct,7551.849465757936,7530.570938688575,21.278527069361644,377592.4732878968,2.0977359627105376,0.0,0.0,0.8909926288166349,160.88352940208523,2.9134814499752957,6652.5873832851685,choked_restriction;kantrowitz_limit;reduced_model_invalid;low_reynolds_or_rarefaction_check,partitioned_integrated_ducts,0.25,0.12566370614359162
C,1.5,1.7,0.7785467128027683,50,0.01,piston,2637.340714127042,1013.25,1624.0907141270418,2.6028529130294022,88.35729338221293,1.063926353468082,313.3264943845849,1.0,True,integrated_duct,2891.2837212183767,2870.005194149015,21.278527069361644,144564.18606091884,0.8031343670051047,0.0,0.0,0.8909926288166349,160.88352940208523,2.9134814499752957,6652.5873832851685,choked_restriction;kantrowitz_limit;reduced_model_invalid;low_reynolds_or_rarefaction_check,partitioned_integrated_ducts,0.5,0.25132741228718325
C,1.5,1.7,0.7785467128027683,50,0.01,piston,1766.2585703475138,1013.25,753.0085703475138,1.7431616781125228,88.35729338221293,1.063926353468082,294.0686666717584,0.9275510463989053,False,none,1351.9545104596816,1330.67598339032,21.278527069361644,67597.72552298408,0.37554291957213376,0.0,0.0,0.8909926288166349,160.88352940208523,2.9134814499752957,6652.5873832851685,kantrowitz_limit;reduced_model_invalid;low_reynolds_or_rarefaction_check,partitioned_integrated_ducts,0.75,0.3769911184307749
C,1.5,1.7,0.7785467128027683,50,0.01,piston,1427.3891898273905,1013.25,414.1391898273905,1.4087236020995713,88.35729338221293,1.063926353468082,234.3915663170444,0.7171583606204043,False,none,753.1228850023759,731.8443579330143,21.278527069361644,37656.1442501188,0.20920080138954888,2.0870298418798654e-16,0.0,0.8909926288166349,160.88352940208523,2.9134814499752957,6652.5873832851685,kantrowitz_limit;low_reynolds_or_rarefaction_check,partitioned_integrated_ducts,1.0,0.5026548245743665
C,1.5,1.7,0.7785467128027683,100,0.01,piston,2187.063031227303,1013.25,1173.8130312273029,2.158463391292675,176.71458676442586,2.127852706936164,313.3264943845849,1.0,True,annulus,2159.412955797756,2074.298847520309,85.11410827744658,215941.2955797756,0.5998369321660433,0.0,0.0,0.46265707345057416,321.76705880417046,2.9134814499752957,13305.174766570337,choked_restriction;kantrowitz_limit;nonlinear_acoustic_pulse;reduced_model_invalid,open_annulus,1.0,0.5026548245743665
C,1.5,1.7,0.7785467128027683,100,0.01,piston,10549.362856508167,1013.25,9536.112856508167,10.411411652117609,176.71458676442586,2.127852706936164,313.3264943845849,1.0,True,integrated_duct,16936.81653604514,16851.702427767694,85.11410827744658,1693681.653604514,4.704671260012539,0.0,0.0,0.46265707345057416,321.76705880417046,2.9134814499752957,13305.174766570337,choked_restriction;kantrowitz_limit;nonlinear_acoustic_pulse;reduced_model_invalid,partitioned_integrated_ducts,0.25,0.12566370614359162
C,1.5,1.7,0.7785467128027683,100,0.01,piston,5274.681428254084,1013.25,4261.431428254084,5.2057058260588045,176.71458676442586,2.127852706936164,313.3264943845849,1.0,True,integrated_duct,7615.685046966021,7530.570938688575,85.11410827744658,761568.5046966021,2.1154680686016727,0.0,0.0,0.46265707345057416,321.76705880417046,2.9134814499752957,13305.174766570337,choked_restriction;kantrowitz_limit;nonlinear_acoustic_pulse;reduced_model_invalid,partitioned_integrated_ducts,0.5,0.25132741228718325
C,1.5,1.7,0.7785467128027683,100,0.01,piston,3516.4542855027225,1013.25,2503.2042855027225,3.47047055070587,176.71458676442586,2.127852706936164,313.3264943845849,1.0,True,integrated_duct,4508.6412172729815,4423.527108995535,85.11410827744658,450864.12172729813,1.2524003381313837,0.0,0.0,0.46265707345057416,321.76705880417046,2.9134814499752957,13305.174766570337,choked_restriction;kantrowitz_limit;nonlinear_acoustic_pulse;reduced_model_invalid,partitioned_integrated_ducts,0.75,0.3769911184307749
C,1.5,1.7,0.7785467128027683,100,0.01,piston,2637.340714127042,1013.25,1624.0907141270418,2.6028529130294022,176.71458676442586,2.127852706936164,313.3264943845849,1.0,True,integrated_duct,2955.1193024264617,2870.005194149015,85.11410827744658,295511.9302426462,0.8208664728962394,0.0,0.0,0.46265707345057416,321.76705880417046,2.9134814499752957,13305.174766570337,choked_restriction;kantrowitz_limit;nonlinear_acoustic_pulse;reduced_model_invalid,partitioned_integrated_ducts,1.0,0.5026548245743665
C,1.5,1.7,0.7785467128027683,150,0.01,piston,3280.594546840955,1013.25,2267.344546840955,3.237695086939013,265.0718801466388,3.1917790604042464,313.3264943845849,1.0,True,annulus,4198.235290099992,4006.728546475738,191.5067436242548,629735.2935149989,1.16617646947222,0.0,0.0,0.328151990960963,482.6505882062557,2.9134814499752957,19957.7621498555,choked_restriction;kantrowitz_limit;nonlinear_acoustic_pulse;reduced_model_invalid,open_annulus,1.0,0.5026548245743665
C,1.5,1.7,0.7785467128027683,150,0.01,piston,15824.04428476225,1013.25,14810.79428476225,15.617117478176413,265.0718801466388,3.1917790604042464,313.3264943845849,1.0,True,integrated_duct,26364.34066047107,26172.833916846816,191.5067436242548,3954651.0990706603,7.323427961241964,1.39135322791991e-16,1.1861186266319301e-16,0.328151990960963,482.6505882062557,2.9134814499752957,19957.7621498555,choked_restriction;kantrowitz_limit;nonlinear_acoustic_pulse;reduced_model_invalid,partitioned_integrated_ducts,0.25,0.12566370614359162
C,1.5,1.7,0.7785467128027683,150,0.01,piston,7912.022142381125,1013.25,6898.772142381125,7.808558739088206,265.0718801466388,3.1917790604042464,313.3264943845849,1.0,True,integrated_duct,12382.64342685239,12191.136683228135,191.5067436242548,1857396.5140278584,3.4396231741256638,1.39135322791991e-16,1.2732235978956998e-16,0.328151990960963,482.6505882062557,2.9134814499752957,19957.7621498555,choked_restriction;kantrowitz_limit;nonlinear_acoustic_pulse;reduced_model_invalid,partitioned_integrated_ducts,0.5,0.25132741228718325
C,1.5,1.7,0.7785467128027683,150,0.01,piston,5274.6814282540845,1013.25,4261.4314282540845,5.205705826058805,265.0718801466388,3.1917790604042464,313.3264943845849,1.0,True,integrated_duct,7722.077682312831,7530.5709386885765,191.5067436242548,1158311.6523469246,2.1450215784202307,0.0,0.0,0.328151990960963,482.6505882062557,2.9134814499752957,19957.7621498555,choked_restriction;kantrowitz_limit;nonlinear_acoustic_pulse;reduced_model_invalid,partitioned_integrated_ducts,0.75,0.3769911184307749
C,1.5,1.7,0.7785467128027683,150,0.01,piston,3956.0110711905627,1013.25,2942.7610711905627,3.904279369544103,265.0718801466388,3.1917790604042464,313.3264943845849,1.0,True,integrated_duct,5391.794810043049,5200.288066418795,191.5067436242548,808769.2215064574,1.4977207805675137,1.39135322791991e-16,1.49242144973589e-16,0.328151990960963,482.6505882062557,2.9134814499752957,19957.7621498555,choked_restriction;kantrowitz_limit;nonlinear_acoustic_pulse;reduced_model_invalid,partitioned_integrated_ducts,1.0,0.5026548245743665
C,1.5,1.7,0.7785467128027683,200,0.01,piston,4374.126062454606,1013.25,3360.8760624546057,4.31692678258535,353.4291735288517,4.255705413872328,313.3264943845849,1.0,True,annulus,6279.61467854095,5939.158245431164,340.4564331097863,1255922.93570819,1.7443374107058194,0.0,0.0,0.2678529486929499,643.5341176083409,2.9134814499752957,26610.349533140674,choked_restriction;kantrowitz_limit;nonlinear_acoustic_pulse;reduced_model_invalid,open_annulus,1.0,0.5026548245743665
C,1.5,1.7,0.7785467128027683,200,0.01,piston,21098.725713016334,1013.25,20085.475713016334,20.822823304235218,353.4291735288517,4.255705413872328,313.3264943845849,1.0,True,integrated_duct,35834.42183903572,35493.965405925934,340.4564331097863,7166884.367807144,9.954006066398811,0.0,1.3119449517184526e-16,0.2678529486929499,643.5341176083409,2.9134814499752957,26610.349533140674,choked_restriction;kantrowitz_limit;nonlinear_acoustic_pulse;reduced_model_invalid,partitioned_integrated_ducts,0.25,0.12566370614359162
C,1.5,1.7,0.7785467128027683,200,0.01,piston,10549.362856508167,1013.25,9536.112856508167,10.411411652117609,353.4291735288517,4.255705413872328,313.3264943845849,1.0,True,integrated_duct,17192.15886087748,16851.702427767694,340.4564331097863,3438431.772175496,4.775599683577078,0.0,0.0,0.2678529486929499,643.5341176083409,2.9134814499752957,26610.349533140674,choked_restriction;kantrowitz_limit;nonlinear_acoustic_pulse;reduced_model_invalid,partitioned_integrated_ducts,0.5,0.25132741228718325
C,1.5,1.7,0.7785467128027683,200,0.01,piston,7032.908571005445,1013.25,6019.658571005445,6.94094110141174,353.4291735288517,4.255705413872328,313.3264943845849,1.0,True,integrated_duct,10978.071201491402,10637.614768381616,340.4564331097863,2195614.2402982805,3.0494642226365007,0.0,2.1887485937723239e-16,0.2678529486929499,643.5341176083409,2.9134814499752957,26610.349533140674,choked_restriction;kantrowitz_limit;nonlinear_acoustic_pulse;reduced_model_invalid,partitioned_integrated_ducts,0.75,0.3769911184307749
C,1.5,1.7,0.7785467128027683,200,0.01,piston,5274.681428254084,1013.25,4261.431428254084,5.2057058260588045,353.4291735288517,4.255705413872328,313.3264943845849,1.0,True,integrated_duct,7871.027371798361,7530.570938688575,340.4564331097863,1574205.4743596723,2.1863964921662116,0.0,0.0,0.2678529486929499,643.5341176083409,2.9134814499752957,26610.349533140674,choked_restriction;kantrowitz_limit;nonlinear_acoustic_pulse;reduced_model_invalid,partitioned_integrated_ducts,1.0,0.5026548245743665
C,1.5,1.7,0.7785467128027683,250,0.01,piston,5467.657578068257,1013.25,4454.407578068257,5.396158478231687,441.7864669110647,5.31963176734041,313.3264943845849,1.0,True,annulus,8403.551121120632,7871.587944386591,531.963176734041,2100887.780280158,2.3343197558668423,0.0,1.1831444699536463e-16,0.2381084528558051,804.4176470104262,2.9134814499752957,33262.93691642584,choked_restriction;kantrowitz_limit;nonlinear_acoustic_pulse;reduced_model_invalid,open_annulus,1.0,0.5026548245743665
C,1.5,1.7,0.7785467128027683,250,0.01,piston,26373.407141270414,1013.25,25360.157141270414,26.028529130294018,441.7864669110647,5.31963176734041,313.3264943845849,1.0,True,integrated_duct,45347.060071739084,44815.096895005045,531.963176734041,11336765.017934771,12.596405575483079,0.0,0.0,0.2381084528558051,804.4176470104262,2.9134814499752957,33262.93691642584,choked_restriction;kantrowitz_limit;nonlinear_acoustic_pulse;reduced_model_invalid,partitioned_integrated_ducts,0.25,0.12566370614359162
C,1.5,1.7,0.7785467128027683,250,0.01,piston,13186.703570635207,1013.25,12173.453570635207,13.014264565147009,441.7864669110647,5.31963176734041,313.3264943845849,1.0,True,integrated_duct,22044.231349041293,21512.268172307253,531.963176734041,5511057.837260324,6.123397596955915,0.0,0.0,0.2381084528558051,804.4176470104262,2.9134814499752957,33262.93691642584,choked_restriction;kantrowitz_limit;nonlinear_acoustic_pulse;reduced_model_invalid,partitioned_integrated_ducts,0.5,0.25132741228718325
C,1.5,1.7,0.7785467128027683,250,0.01,piston,8791.135713756807,1013.25,7777.885713756807,8.676176376764674,441.7864669110647,5.31963176734041,313.3264943845849,1.0,True,integrated_duct,14276.621774808697,13744.658598074655,531.963176734041,3569155.4437021744,3.9657282707801933,1.6696238735038925e-16,1.355177457439267e-16,0.2381084528558051,804.4176470104262,2.9134814499752957,33262.93691642584,choked_restriction;kantrowitz_limit;nonlinear_acoustic_pulse;reduced_model_invalid,partitioned_integrated_ducts,0.75,0.3769911184307749
C,1.5,1.7,0.7785467128027683,250,0.01,piston,6593.351785317604,1013.25,5580.101785317604,6.5071322825735045,441.7864669110647,5.31963176734041,313.3264943845849,1.0,True,integrated_duct,10392.816987692395,9860.853810958353,531.963176734041,2598204.246923099,2.8868936076923317,0.0,0.0,0.2381084528558051,804.4176470104262,2.9134814499752957,33262.93691642584,choked_restriction;kantrowitz_limit;nonlinear_acoustic_pulse;reduced_model_invalid,partitioned_integrated_ducts,1.0,0.5026548245743665
C,1.5,1.7,0.7785467128027683,300,0.01,piston,6561.18909368191,1013.25,5547.93909368191,6.475390173878026,530.1437602932776,6.383558120808493,313.3264943845849,1.0,True,annulus,10570.04461783904,9804.01764334202,766.0269744970192,3171013.385351712,2.9361235049552885,0.0,1.5832328617644937e-16,0.2246240808856914,965.3011764125114,2.9134814499752957,39915.524299711,choked_restriction;kantrowitz_limit;nonlinear_acoustic_pulse;reduced_model_invalid,open_annulus,1.0,0.5026548245743665
C,1.5,1.7,0.7785467128027683,300,0.01,piston,31648.0885695245,1013.25,30634.8385695245,31.234234956352825,530.1437602932776,6.383558120808493,313.3264943845849,1.0,True,integrated_duct,54902.2553585812,54136.22838408418,766.0269744970192,16470676.607574359,15.250626488494778,1.39135322791991e-16,0.0,0.2246240808856914,965.3011764125114,2.9134814499752957,39915.524299711,choked_restriction;kantrowitz_limit;nonlinear_acoustic_pulse;reduced_model_invalid,partitioned_integrated_ducts,0.25,0.12566370614359162
C,1.5,1.7,0.7785467128027683,300,0.01,piston,15824.04428476225,1013.25,14810.79428476225,15.617117478176413,530.1437602932776,6.383558120808493,313.3264943845849,1.0,True,integrated_duct,26938.860891343837,26172.833916846816,766.0269744970192,8081658.267403151,7.483016914262177,1.39135322791991e-16,1.1861186266319301e-16,0.2246240808856914,965.3011764125114,2.9134814499752957,39915.524299711,choked_restriction;kantrowitz_limit;nonlinear_acoustic_pulse;reduced_model_invalid,partitioned_integrated_ducts,0.5,0.25132741228718325
C,1.5,1.7,0.7785467128027683,300,0.01,piston,10549.362856508169,1013.25,9536.112856508169,10.41141165211761,530.1437602932776,6.383558120808493,313.3264943845849,1.0,True,integrated_duct,17617.72940226472,16851.702427767697,766.0269744970192,5285318.820679416,4.893813722851311,0.0,0.0,0.2246240808856914,965.3011764125114,2.9134814499752957,39915.524299711,choked_restriction;kantrowitz_limit;nonlinear_acoustic_pulse;reduced_model_invalid,partitioned_integrated_ducts,0.75,0.3769911184307749
C,1.5,1.7,0.7785467128027683,300,0.01,piston,7912.022142381125,1013.25,6898.772142381125,7.808558739088206,530.1437602932776,6.383558120808493,313.3264943845849,1.0,True,integrated_duct,12957.163657725154,12191.136683228135,766.0269744970192,3887149.097317546,3.599212127145876,1.39135322791991e-16,1.2732235978956998e-16,0.2246240808856914,965.3011764125114,2.9134814499752957,39915.524299711,choked_restriction;kantrowitz_limit;nonlinear_acoustic_pulse;reduced_model_invalid,partitioned_integrated_ducts,1.0,0.5026548245743665
C,1.5,1.7,0.7785467128027683,350,0.01,piston,7654.720609295561,1013.25,6641.470609295561,7.554621869524364,618.5010536754905,7.447484474276574,313.3264943845849,1.0,True,annulus,12779.095168696169,11736.447342297448,1042.6478263987206,4472683.309043659,3.549748657971158,1.192588481074209e-16,0.0,0.22152427539533387,1126.1847058145968,2.9134814499752957,46568.111682996176,choked_restriction;kantrowitz_limit;nonlinear_acoustic_pulse;reduced_model_invalid,open_annulus,1.0,0.5026548245743665
C,1.5,1.7,0.7785467128027683,350,0.01,piston,36922.76999777858,1013.25,35909.51999777858,36.439940782411625,618.5010536754905,7.447484474276574,313.3264943845849,1.0,True,integrated_duct,64500.00769956201,63457.35987316329,1042.6478263987206,22575002.694846705,17.916668805433893,0.0,0.0,0.22152427539533387,1126.1847058145968,2.9134814499752957,46568.111682996176,choked_restriction;kantrowitz_limit;nonlinear_acoustic_pulse;reduced_model_invalid,partitioned_integrated_ducts,0.25,0.12566370614359162
C,1.5,1.7,0.7785467128027683,350,0.01,piston,18461.38499888929,1013.25,17448.13499888929,18.219970391205813,618.5010536754905,7.447484474276574,313.3264943845849,1.0,True,integrated_duct,31876.04748778509,30833.39966138637,1042.6478263987206,11156616.620724782,8.854457635495859,0.0,0.0,0.22152427539533387,1126.1847058145968,2.9134814499752957,46568.111682996176,choked_restriction;kantrowitz_limit;nonlinear_acoustic_pulse;reduced_model_invalid,partitioned_integrated_ducts,0.5,0.25132741228718325
C,1.5,1.7,0.7785467128027683,350,0.01,piston,12307.589999259528,1013.25,11294.339999259528,12.146646927470544,618.5010536754905,7.447484474276574,313.3264943845849,1.0,True,integrated_duct,21001.394083859454,19958.746257460734,1042.6478263987206,7350487.929350809,5.8337205788498485,0.0,0.0,0.22152427539533387,1126.1847058145968,2.9134814499752957,46568.111682996176,choked_restriction;kantrowitz_limit;nonlinear_acoustic_pulse;reduced_model_invalid,partitioned_integrated_ducts,0.75,0.3769911184307749
C,1.5,1.7,0.7785467128027683,350,0.01,piston,9230.692499444645,1013.25,8217.442499444645,9.109985195602906,618.5010536754905,7.447484474276574,313.3264943845849,1.0,True,integrated_duct,15564.067381896633,14521.419555497912,1042.6478263987206,5447423.583663821,4.323352050526843,0.0,1.8324115156848187e-16,0.22152427539533387,1126.1847058145968,2.9134814499752957,46568.111682996176,choked_restriction;kantrowitz_limit;nonlinear_acoustic_pulse;reduced_model_invalid,partitioned_integrated_ducts,1.0,0.5026548245743665
C,1.5,1.8,0.6944444444444444,50,0.01,piston,1129.8293133337438,1013.25,116.57931333374381,1.115054836746848,88.35729338221293,1.063926353468082,134.33533666740158,0.3975201330255353,False,none,227.29117887989224,206.0126518105306,21.278527069361644,11364.558943994612,0.06313643857774784,0.0,0.0,1.2293687356805922,143.50413579383525,2.9134814499752957,9978.881074927756,low_reynolds_or_rarefaction_check,open_annulus,1.0,0.7775441817634741
C,1.5,1.8,0.6944444444444444,50,0.01,piston,3409.895064729908,1013.25,2396.645064729908,3.3653047764420507,88.35729338221293,1.063926353468082,313.3264943845849,1.0,True,integrated_duct,4256.499949416826,4235.221422347464,21.278527069361644,212824.9974708413,1.1823610970602294,0.0,0.0,1.2293687356805922,143.50413579383525,2.9134814499752957,9978.881074927756,choked_restriction;reduced_model_invalid;low_reynolds_or_rarefaction_check,partitioned_integrated_ducts,0.25,0.19438604544086852
C,1.5,1.8,0.6944444444444444,50,0.01,piston,1719.159564735757,1013.25,705.9095647357569,1.696678573635092,88.35729338221293,1.063926353468082,287.3680838310454,0.9029230267953725,False,none,1268.7236973227118,1247.4451702533502,21.278527069361644,63436.18486613559,0.35242324925630886,4.174059683759731e-16,1.1665374619560577e-16,1.2293687356805922,143.50413579383525,2.9134814499752957,9978.881074927756,reduced_model_invalid;low_reynolds_or_rarefaction_check,partitioned_integrated_ducts,0.5,0.38877209088173703
C,1.5,1.8,0.6944444444444444,50,0.01,piston,1318.642417206109,1013.25,305.39241720610903,1.3013988820193525,88.35729338221293,1.063926353468082,206.660967223966,0.6251943751098087,False,none,560.9514751450286,539.6729480756669,21.278527069361644,28047.573757251426,0.15581985420695238,0.0,0.0,1.2293687356805922,143.50413579383525,2.9134814499752957,9978.881074927756,low_reynolds_or_rarefaction_check,partitioned_integrated_ducts,0.75,0.5831581363226055
C,1.5,1.8,0.6944444444444444,50,0.01,piston,1183.415761751306,1013.25,170.16576175130604,1.1679405494708177,88.35729338221293,1.063926353468082,159.86203880840057,0.47619972317363285,False,none,321.9862497627195,300.7077226933579,21.278527069361644,16099.312488135976,0.08944062493408876,0.0,1.2098055794867252e-16,1.2293687356805922,143.50413579383525,2.9134814499752957,9978.881074927756,low_reynolds_or_rarefaction_check,partitioned_integrated_ducts,1.0,0.7775441817634741
C,1.5,1.8,0.6944444444444444,100,0.01,piston,1491.4148280656416,1013.25,478.1648280656416,1.4719119941432437,176.71458676442586,2.127852706936164,248.18025697928945,0.7641218312582818,False,none,930.1011082464726,844.986999969026,85.11410827744658,93010.11082464726,0.2583614189573535,8.348119367519462e-16,0.0,0.6383623422306323,287.0082715876705,2.9134814499752957,19957.762149855513,kantrowitz_limit;nonlinear_acoustic_pulse,open_annulus,1.0,0.7775441817634741
C,1.5,1.8,0.6944444444444444,100,0.01,piston,6819.790129459816,1013.25,5806.540129459816,6.7306095528841015,176.71458676442586,2.127852706936164,313.3264943845849,1.0,True,integrated_duct,10346.117503362919,10261.003395085472,85.11410827744658,1034611.7503362919,2.873921528711922,0.0,0.0,0.6383623422306323,287.0082715876705,2.9134814499752957,19957.762149855513,choked_restriction;kantrowitz_limit;nonlinear_acoustic_pulse;reduced_model_invalid,partitioned_integrated_ducts,0.25,0.19438604544086852
C,1.5,1.8,0.6944444444444444,100,0.01,piston,3409.895064729908,1013.25,2396.645064729908,3.3653047764420507,176.71458676442586,2.127852706936164,313.3264943845849,1.0,True,integrated_duct,4320.3355306249105,4235.221422347464,85.11410827744658,432033.55306249106,1.200093202951364,0.0,0.0,0.6383623422306323,287.0082715876705,2.9134814499752957,19957.762149855513,choked_restriction;kantrowitz_limit;nonlinear_acoustic_pulse;reduced_model_invalid,partitioned_integrated_ducts,0.5,0.38877209088173703
C,1.5,1.8,0.6944444444444444,100,0.01,piston,2273.263376486606,1013.25,1260.013376486606,2.2435365176280344,176.71458676442586,2.127852706936164,313.3264943845849,1.0,True,integrated_duct,2311.741539712242,2226.627431434795,85.11410827744658,231174.15397122418,0.6421504276978449,0.0,0.0,0.6383623422306323,287.0082715876705,2.9134814499752957,19957.762149855513,choked_restriction;kantrowitz_limit;nonlinear_acoustic_pulse;reduced_model_invalid,partitioned_integrated_ducts,0.75,0.5831581363226055
C,1.5,1.8,0.6944444444444444,100,0.01,piston,1719.159564735757,1013.25,705.9095647357569,1.696678573635092,176.71458676442586,2.127852706936164,287.3680838310454,0.9029230267953725,False,none,1332.5592785307967,1247.4451702533502,85.11410827744658,133255.9278530797,0.3701553551474435,4.174059683759731e-16,1.1665374619560577e-16,0.6383623422306323,287.0082715876705,2.9134814499752957,19957.762149855513,kantrowitz_limit;nonlinear_acoustic_pulse;reduced_model_invalid,partitioned_integrated_ducts,1.0,0.7775441817634741
C,1.5,1.8,0.6944444444444444,150,0.01,piston,2120.7883939173826,1013.25,1107.5383939173826,2.0930554097383496,265.0718801466388,3.1917790604042464,313.3264943845849,1.0,True,annulus,2148.6886396927166,1957.1818960684618,191.5067436242548,322303.2959539075,0.596857955470199,0.0,0.0,0.4527756854448361,430.51240738150574,2.9134814499752957,29936.643224783267,choked_restriction;kantrowitz_limit;nonlinear_acoustic_pulse;reduced_model_invalid,open_annulus,1.0,0.7775441817634741
C,1.5,1.8,0.6944444444444444,150,0.01,piston,10229.685194189728,1013.25,9216.435194189728,10.095914329326156,265.0718801466388,3.1917790604042464,313.3264943845849,1.0,True,integrated_duct,16478.292111447743,16286.785367823488,191.5067436242548,2471743.8167171613,4.57730336429104,1.39135322791991e-16,0.0,0.4527756854448361,430.51240738150574,2.9134814499752957,29936.643224783267,choked_restriction;kantrowitz_limit;nonlinear_acoustic_pulse;reduced_model_invalid,partitioned_integrated_ducts,0.25,0.19438604544086852
C,1.5,1.8,0.6944444444444444,150,0.01,piston,5114.842597094864,1013.25,4101.592597094864,5.047957164663078,265.0718801466388,3.1917790604042464,313.3264943845849,1.0,True,integrated_duct,7439.619152340725,7248.112408716471,191.5067436242548,1115942.8728511087,2.0665608756502016,1.39135322791991e-16,2.1415289988592614e-16,0.4527756854448361,430.51240738150574,2.9134814499752957,29936.643224783267,choked_restriction;kantrowitz_limit;nonlinear_acoustic_pulse;reduced_model_invalid,partitioned_integrated_ducts,0.5,0.38877209088173703
C,1.5,1.8,0.6944444444444444,150,0.01,piston,3409.895064729909,1013.25,2396.645064729909,3.3653047764420516,265.0718801466388,3.1917790604042464,313.3264943845849,1.0,True,integrated_duct,4426.728165971719,4235.221422347465,191.5067436242548,664009.2248957579,1.229646712769922,0.0,1.832494852377109e-16,0.4527756854448361,430.51240738150574,2.9134814499752957,29936.643224783267,choked_restriction;kantrowitz_limit;nonlinear_acoustic_pulse;reduced_model_invalid,partitioned_integrated_ducts,0.75,0.5831581363226055
C,1.5,1.8,0.6944444444444444,150,0.01,piston,2557.421298547432,1013.25,1544.171298547432,2.523978582331539,265.0718801466388,3.1917790604042464,313.3264943845849,1.0,True,integrated_duct,2920.282672787218,2728.775929162963,191.5067436242548,438042.4009180827,0.8111896313297827,1.39135322791991e-16,0.0,0.4527756854448361,430.51240738150574,2.9134814499752957,29936.643224783267,choked_restriction;kantrowitz_limit;nonlinear_acoustic_pulse;reduced_model_invalid,partitioned_integrated_ducts,1.0,0.7775441817634741
C,1.5,1.8,0.6944444444444444,200,0.01,piston,2827.7178585565102,1013.25,1814.4678585565102,2.7907405463177994,353.4291735288517,4.255705413872328,313.3264943845849,1.0,True,annulus,3546.8858113312504,3206.429378221464,340.4564331097863,709377.1622662501,0.9852460587031251,0.0,0.0,0.36957661627382304,574.016543175341,2.9134814499752957,39915.524299711025,choked_restriction;kantrowitz_limit;nonlinear_acoustic_pulse;reduced_model_invalid,open_annulus,1.0,0.7775441817634741
C,1.5,1.8,0.6944444444444444,200,0.01,piston,13639.580258919632,1013.25,12626.330258919632,13.461219105768203,353.4291735288517,4.255705413872328,313.3264943845849,1.0,True,integrated_duct,22653.023773671277,22312.56734056149,340.4564331097863,4530604.754734255,6.292506603797577,0.0,0.0,0.36957661627382304,574.016543175341,2.9134814499752957,39915.524299711025,choked_restriction;kantrowitz_limit;nonlinear_acoustic_pulse;reduced_model_invalid,partitioned_integrated_ducts,0.25,0.19438604544086852
C,1.5,1.8,0.6944444444444444,200,0.01,piston,6819.790129459816,1013.25,5806.540129459816,6.7306095528841015,353.4291735288517,4.255705413872328,313.3264943845849,1.0,True,integrated_duct,10601.459828195259,10261.003395085472,340.4564331097863,2120291.9656390515,2.944849952276461,0.0,0.0,0.36957661627382304,574.016543175341,2.9134814499752957,39915.524299711025,choked_restriction;kantrowitz_limit;nonlinear_acoustic_pulse;reduced_model_invalid,partitioned_integrated_ducts,0.5,0.38877209088173703
C,1.5,1.8,0.6944444444444444,200,0.01,piston,4546.526752973212,1013.25,3533.276752973212,4.487073035256069,353.4291735288517,4.255705413872328,313.3264943845849,1.0,True,integrated_duct,6584.271846369921,6243.815413260135,340.4564331097863,1316854.3692739843,1.8289644017694224,0.0,0.0,0.36957661627382304,574.016543175341,2.9134814499752957,39915.524299711025,choked_restriction;kantrowitz_limit;nonlinear_acoustic_pulse;reduced_model_invalid,partitioned_integrated_ducts,0.75,0.5831581363226055
C,1.5,1.8,0.6944444444444444,200,0.01,piston,3409.895064729908,1013.25,2396.645064729908,3.3653047764420507,353.4291735288517,4.255705413872328,313.3264943845849,1.0,True,integrated_duct,4575.67785545725,4235.221422347464,340.4564331097863,915135.57109145,1.271021626515903,0.0,0.0,0.36957661627382304,574.016543175341,2.9134814499752957,39915.524299711025,choked_restriction;kantrowitz_limit;nonlinear_acoustic_pulse;reduced_model_invalid,partitioned_integrated_ducts,1.0,0.7775441817634741
C,1.5,1.8,0.6944444444444444,250,0.01,piston,3534.647323195637,1013.25,2521.397323195637,3.4884256828972484,441.7864669110647,5.31963176734041,313.3264943845849,1.0,True,annulus,4987.640037108506,4455.676860374465,531.963176734041,1246910.0092771263,1.3854555658634737,0.0,2.0901932608667854e-16,0.3285359251860265,717.5206789691763,2.9134814499752957,49894.40537463878,choked_restriction;kantrowitz_limit;nonlinear_acoustic_pulse;reduced_model_invalid,open_annulus,1.0,0.7775441817634741
C,1.5,1.8,0.6944444444444444,250,0.01,piston,17049.47532364954,1013.25,16036.225323649542,16.826523882210257,441.7864669110647,5.31963176734041,313.3264943845849,1.0,True,integrated_duct,28870.312490033542,28338.349313299503,531.963176734041,7217578.122508385,8.019531247231539,0.0,0.0,0.3285359251860265,717.5206789691763,2.9134814499752957,49894.40537463878,choked_restriction;kantrowitz_limit;nonlinear_acoustic_pulse;reduced_model_invalid,partitioned_integrated_ducts,0.25,0.19438604544086852
C,1.5,1.8,0.6944444444444444,250,0.01,piston,8524.73766182477,1013.25,7511.487661824771,8.413261941105128,441.7864669110647,5.31963176734041,313.3264943845849,1.0,True,integrated_duct,13805.85755818852,13273.894381454478,531.963176734041,3451464.38954713,3.8349604328301443,0.0,0.0,0.3285359251860265,717.5206789691763,2.9134814499752957,49894.40537463878,choked_restriction;kantrowitz_limit;nonlinear_acoustic_pulse;reduced_model_invalid,partitioned_integrated_ducts,0.5,0.38877209088173703
C,1.5,1.8,0.6944444444444444,250,0.01,piston,5683.158441216515,1013.25,4669.908441216515,5.6088412940700865,441.7864669110647,5.31963176734041,313.3264943845849,1.0,True,integrated_duct,8784.372580906847,8252.409404172806,531.963176734041,2196093.145226712,2.4401034946963467,0.0,0.0,0.3285359251860265,717.5206789691763,2.9134814499752957,49894.40537463878,choked_restriction;kantrowitz_limit;nonlinear_acoustic_pulse;reduced_model_invalid,partitioned_integrated_ducts,0.75,0.5831581363226055
C,1.5,1.8,0.6944444444444444,250,0.01,piston,4262.368830912385,1013.25,3249.1188309123854,4.206630970552564,441.7864669110647,5.31963176734041,313.3264943845849,1.0,True,integrated_duct,6273.6300922660075,5741.666915531967,531.963176734041,1568407.5230665018,1.7426750256294465,0.0,0.0,0.3285359251860265,717.5206789691763,2.9134814499752957,49894.40537463878,choked_restriction;kantrowitz_limit;nonlinear_acoustic_pulse;reduced_model_invalid,partitioned_integrated_ducts,1.0,0.7775441817634741
C,1.5,1.8,0.6944444444444444,300,0.01,piston,4241.576787834765,1013.25,3228.326787834765,4.186110819476699,530.1437602932776,6.383558120808493,313.3264943845849,1.0,True,annulus,6470.951317024487,5704.924342527468,766.0269744970192,1941285.3951073461,1.7974864769512464,0.0,1.3604074285918753e-16,0.3099305352151101,861.0248147630115,2.9134814499752957,59873.286449566534,choked_restriction;kantrowitz_limit;nonlinear_acoustic_pulse;reduced_model_invalid,open_annulus,1.0,0.7775441817634741
C,1.5,1.8,0.6944444444444444,300,0.01,piston,20459.370388379455,1013.25,19446.120388379455,20.191828658652312,530.1437602932776,6.383558120808493,313.3264943845849,1.0,True,integrated_duct,35130.15826053454,34364.13128603752,766.0269744970192,10539047.478160363,9.758377294592927,1.39135322791991e-16,0.0,0.3099305352151101,861.0248147630115,2.9134814499752957,59873.286449566534,choked_restriction;kantrowitz_limit;nonlinear_acoustic_pulse;reduced_model_invalid,partitioned_integrated_ducts,0.25,0.19438604544086852
C,1.5,1.8,0.6944444444444444,300,0.01,piston,10229.685194189728,1013.25,9216.435194189728,10.095914329326156,530.1437602932776,6.383558120808493,313.3264943845849,1.0,True,integrated_duct,17052.812342320507,16286.785367823488,766.0269744970192,5115843.702696152,4.736892317311252,1.39135322791991e-16,0.0,0.3099305352151101,861.0248147630115,2.9134814499752957,59873.286449566534,choked_restriction;kantrowitz_limit;nonlinear_acoustic_pulse;reduced_model_invalid,partitioned_integrated_ducts,0.5,0.38877209088173703
C,1.5,1.8,0.6944444444444444,300,0.01,piston,6819.790129459818,1013.25,5806.540129459818,6.730609552884103,530.1437602932776,6.383558120808493,313.3264943845849,1.0,True,integrated_duct,11027.030369582495,10261.003395085476,766.0269744970192,3308109.1108747483,3.063063991550693,0.0,0.0,0.3099305352151101,861.0248147630115,2.9134814499752957,59873.286449566534,choked_restriction;kantrowitz_limit;nonlinear_acoustic_pulse;reduced_model_invalid,partitioned_integrated_ducts,0.75,0.5831581363226055
C,1.5,1.8,0.6944444444444444,300,0.01,piston,5114.842597094864,1013.25,4101.592597094864,5.047957164663078,530.1437602932776,6.383558120808493,313.3264943845849,1.0,True,integrated_duct,8014.13938321349,7248.112408716471,766.0269744970192,2404241.814964047,2.226149828670414,1.39135322791991e-16,2.1415289988592614e-16,0.3099305352151101,861.0248147630115,2.9134814499752957,59873.286449566534,choked_restriction;kantrowitz_limit;nonlinear_acoustic_pulse;reduced_model_invalid,partitioned_integrated_ducts,1.0,0.7775441817634741
C,1.5,1.8,0.6944444444444444,350,0.01,piston,4948.506252473892,1013.25,3935.2562524738923,4.883795956056148,618.5010536754905,7.447484474276574,313.3264943845849,1.0,True,annulus,7996.819651079191,6954.17182468047,1042.6478263987206,2798886.877877717,2.221338791966442,1.192588481074209e-16,1.9131837038559035e-16,0.30565350324729473,1004.5289505568468,2.9134814499752957,69852.16752449429,choked_restriction;kantrowitz_limit;nonlinear_acoustic_pulse;reduced_model_invalid,open_annulus,1.0,0.7775441817634741
C,1.5,1.8,0.6944444444444444,350,0.01,piston,23869.26545310936,1013.25,22856.01545310936,23.55713343509436,618.5010536754905,7.447484474276574,313.3264943845849,1.0,True,integrated_duct,41432.561085174246,40389.91325877552,1042.6478263987206,14501396.379810985,11.509044745881734,1.192588481074209e-16,1.317616913267508e-16,0.30565350324729473,1004.5289505568468,2.9134814499752957,69852.16752449429,choked_restriction;kantrowitz_limit;nonlinear_acoustic_pulse;reduced_model_invalid,partitioned_integrated_ducts,0.25,0.19438604544086852
C,1.5,1.8,0.6944444444444444,350,0.01,piston,11934.63272655468,1013.25,10921.38272655468,11.77856671754718,618.5010536754905,7.447484474276574,313.3264943845849,1.0,True,integrated_duct,20342.324180591208,19299.67635419249,1042.6478263987206,7119813.463206923,5.65064560571978,1.192588481074209e-16,1.3787389969264823e-16,0.30565350324729473,1004.5289505568468,2.9134814499752957,69852.16752449429,choked_restriction;kantrowitz_limit;nonlinear_acoustic_pulse;reduced_model_invalid,partitioned_integrated_ducts,0.5,0.38877209088173703
C,1.5,1.8,0.6944444444444444,350,0.01,piston,7956.42181770312,1013.25,6943.17181770312,7.85237781169812,618.5010536754905,7.447484474276574,313.3264943845849,1.0,True,integrated_duct,13312.245212396865,12269.597385998144,1042.6478263987206,4659285.824338903,3.6978458923324626,1.192588481074209e-16,0.0,0.30565350324729473,1004.5289505568468,2.9134814499752957,69852.16752449429,choked_restriction;kantrowitz_limit;nonlinear_acoustic_pulse;reduced_model_invalid,partitioned_integrated_ducts,0.75,0.5831581363226055
C,1.5,1.8,0.6944444444444444,350,0.01,piston,5967.31636327734,1013.25,4954.06636327734,5.88928335877359,618.5010536754905,7.447484474276574,313.3264943845849,1.0,True,integrated_duct,9797.205728299694,8754.557901900973,1042.6478263987206,3429022.0049048928,2.7214460356388037,1.192588481074209e-16,0.0,0.30565350324729473,1004.5289505568468,2.9134814499752957,69852.16752449429,choked_restriction;kantrowitz_limit;nonlinear_acoustic_pulse;reduced_model_invalid,partitioned_integrated_ducts,1.0,0.7775441817634741
C,1.5,2.0,0.5625,50,0.01,piston,1050.35030154273,1013.25,37.100301542729994,1.0366151507947001,88.35729338221293,1.063926353468082,77.59584442800238,0.22723844033724377,False,none,86.84017162895287,65.56164455959123,21.278527069361644,4342.008581447643,0.024122269896931354,5.8436835572636234e-15,1.3872359485220926e-16,1.7602325079063021,116.23834999300655,2.9134814499752957,16631.468458212923,,open_annulus,1.0,1.3744467859455345
C,1.5,2.0,0.5625,50,0.01,piston,1929.026350904349,1013.25,915.7763509043491,1.90380098781579,88.35729338221293,1.063926353468082,313.3264943845849,1.0,True,integrated_duct,1639.5889212563206,1618.310394186959,21.278527069361644,81979.44606281603,0.45544136701564464,0.0,0.0,1.7602325079063021,116.23834999300655,2.9134814499752957,16631.468458212923,choked_restriction;reduced_model_invalid,partitioned_integrated_ducts,0.25,0.3436116964863836
C,1.5,2.0,0.5625,50,0.01,piston,1231.8265912370912,1013.25,218.57659123709118,1.2157183234513607,88.35729338221293,1.063926353468082,178.81237330551292,0.5357088479363545,False,none,407.5352470377556,386.25671996839395,21.278527069361644,20376.76235188778,0.11320423528826544,2.0870298418798654e-16,0.0,1.7602325079063021,116.23834999300655,2.9134814499752957,16631.468458212923,,partitioned_integrated_ducts,0.5,0.6872233929727672
C,1.5,2.0,0.5625,50,0.01,piston,1109.5622575995335,1013.25,96.3122575995335,1.0950528078949258,88.35729338221293,1.063926353468082,122.8222748143894,0.3625124901459466,False,none,191.4763350898666,170.19780802050497,21.278527069361644,9573.816754493331,0.05318787085829628,1.2522179051279192e-15,0.0,1.7602325079063021,116.23834999300655,2.9134814499752957,16631.468458212923,,partitioned_integrated_ducts,0.75,1.030835089459151
C,1.5,2.0,0.5625,50,0.01,piston,1067.2639827285539,1013.25,54.013982728553856,1.0533076562828068,88.35729338221293,1.063926353468082,93.14535590881356,0.27339819379076546,False,none,116.72911344313395,95.45058637377231,21.278527069361644,5836.455672156698,0.03242475373420388,6.261089525639596e-16,1.9056869870059536e-16,1.7602325079063021,116.23834999300655,2.9134814499752957,16631.468458212923,,partitioned_integrated_ducts,1.0,1.3744467859455345
C,1.5,2.0,0.5625,100,0.01,piston,1162.834628695598,1013.25,149.58462869559798,1.1476285504027615,176.71458676442586,2.127852706936164,150.74555628613578,0.44791935097141067,False,none,349.45196673997333,264.33785846252675,85.11410827744658,34945.196673997336,0.0970699907611037,1.6696238735038924e-15,0.0,0.9140188081938597,232.4766999860131,2.9134814499752957,33262.936916425846,kantrowitz_limit;nonlinear_acoustic_pulse,open_annulus,1.0,1.3744467859455345
C,1.5,2.0,0.5625,100,0.01,piston,3858.052701808698,1013.25,2844.802701808698,3.80760197563158,176.71458676442586,2.127852706936164,313.3264943845849,1.0,True,integrated_duct,5112.29544704191,5027.181338764463,85.11410827744658,511229.544704191,1.4200820686227527,0.0,1.1578587878784016e-16,0.9140188081938597,232.4766999860131,2.9134814499752957,33262.936916425846,choked_restriction;kantrowitz_limit;nonlinear_acoustic_pulse;reduced_model_invalid,partitioned_integrated_ducts,0.25,0.3436116964863836
C,1.5,2.0,0.5625,100,0.01,piston,1929.026350904349,1013.25,915.7763509043491,1.90380098781579,176.71458676442586,2.127852706936164,313.3264943845849,1.0,True,integrated_duct,1703.4245024644056,1618.310394186959,85.11410827744658,170342.45024644057,0.4731734729067793,0.0,0.0,0.9140188081938597,232.4766999860131,2.9134814499752957,33262.936916425846,choked_restriction;kantrowitz_limit;nonlinear_acoustic_pulse;reduced_model_invalid,partitioned_integrated_ducts,0.5,0.6872233929727672
C,1.5,2.0,0.5625,100,0.01,piston,1406.5722293858958,1013.25,393.32222938589575,1.3881788594975533,176.71458676442586,2.127852706936164,229.54910304097623,0.7008695693559299,False,none,780.1718605893594,695.0577523119129,85.11410827744658,78017.18605893594,0.2167144057192665,1.0435149209399327e-15,0.0,0.9140188081938597,232.4766999860131,2.9134814499752957,33262.936916425846,kantrowitz_limit;nonlinear_acoustic_pulse,partitioned_integrated_ducts,0.75,1.030835089459151
C,1.5,2.0,0.5625,100,0.01,piston,1231.8265912370912,1013.25,218.57659123709118,1.2157183234513607,176.71458676442586,2.127852706936164,178.81237330551292,0.5357088479363545,False,none,471.3708282458405,386.25671996839395,85.11410827744658,47137.08282458405,0.13093634117940015,2.0870298418798654e-16,0.0,0.9140188081938597,232.4766999860131,2.9134814499752957,33262.936916425846,kantrowitz_limit;nonlinear_acoustic_pulse,partitioned_integrated_ducts,1.0,1.3744467859455345
C,1.5,2.0,0.5625,150,0.01,piston,1354.3502403771652,1013.25,341.10024037716516,1.336639763510649,265.0718801466388,3.1917790604042464,216.47999461746625,0.6574036024036164,False,none,794.2806238592256,602.7738802349708,191.5067436242548,119142.09357888384,0.22063350662756265,1.2522179051279192e-15,0.0,0.6482924587051061,348.7150499790197,2.9134814499752957,49894.40537463877,kantrowitz_limit;nonlinear_acoustic_pulse,open_annulus,1.0,1.3744467859455345
C,1.5,2.0,0.5625,150,0.01,piston,5787.079052713048,1013.25,4773.829052713048,5.71140296344737,265.0718801466388,3.1917790604042464,313.3264943845849,1.0,True,integrated_duct,8627.559026966224,8436.052283341969,191.5067436242548,1294133.8540449336,2.3965441741572846,1.39135322791991e-16,1.8399652336091102e-16,0.6482924587051061,348.7150499790197,2.9134814499752957,49894.40537463877,choked_restriction;kantrowitz_limit;nonlinear_acoustic_pulse;reduced_model_invalid,partitioned_integrated_ducts,0.25,0.3436116964863836
C,1.5,2.0,0.5625,150,0.01,piston,2893.539526356524,1013.25,1880.2895263565242,2.855701481723685,265.0718801466388,3.1917790604042464,313.3264943845849,1.0,True,integrated_duct,3514.252610099967,3322.7458664757123,191.5067436242548,527137.891514995,0.9761812805833242,1.39135322791991e-16,1.167862630337233e-16,0.6482924587051061,348.7150499790197,2.9134814499752957,49894.40537463877,choked_restriction;kantrowitz_limit;nonlinear_acoustic_pulse;reduced_model_invalid,partitioned_integrated_ducts,0.5,0.6872233929727672
C,1.5,2.0,0.5625,150,0.01,piston,1929.026350904349,1013.25,915.7763509043491,1.90380098781579,265.0718801466388,3.1917790604042464,313.3264943845849,1.0,True,integrated_duct,1809.8171378112138,1618.310394186959,191.5067436242548,271472.5706716821,0.5027269827253371,0.0,1.1989389493830898e-16,0.6482924587051061,348.7150499790197,2.9134814499752957,49894.40537463877,choked_restriction;kantrowitz_limit;nonlinear_acoustic_pulse;reduced_model_invalid,partitioned_integrated_ducts,0.75,1.030835089459151
C,1.5,2.0,0.5625,150,0.01,piston,1514.7235803059998,1013.25,501.4735803059998,1.494915944047372,265.0718801466388,3.1917790604042464,252.83448518653273,0.7801782156587943,False,none,1077.6837087947738,886.1769651705189,191.5067436242548,161652.55631921606,0.29935658577632607,0.0,0.0,0.6482924587051061,348.7150499790197,2.9134814499752957,49894.40537463877,kantrowitz_limit;nonlinear_acoustic_pulse,partitioned_integrated_ducts,1.0,1.3744467859455345
C,1.5,2.0,0.5625,200,0.01,piston,1631.1078786886387,1013.25,617.8578786886387,1.6097783160016172,353.4291735288517,4.255705413872328,273.70617268338106,0.8535615817897341,False,none,1432.3014302258618,1091.8449971160755,340.4564331097863,286460.28604517237,0.39786150839607276,0.0,0.0,0.5291665187557011,464.9533999720262,2.9134814499752957,66525.87383285169,kantrowitz_limit;nonlinear_acoustic_pulse;reduced_model_invalid,open_annulus,1.0,1.3744467859455345
C,1.5,2.0,0.5625,200,0.01,piston,7716.105403617396,1013.25,6702.855403617396,7.61520395126316,353.4291735288517,4.255705413872328,313.3264943845849,1.0,True,integrated_duct,12185.379661029257,11844.923227919471,340.4564331097863,2437075.9322058517,3.384827683619238,0.0,0.0,0.5291665187557011,464.9533999720262,2.9134814499752957,66525.87383285169,choked_restriction;kantrowitz_limit;nonlinear_acoustic_pulse;reduced_model_invalid,partitioned_integrated_ducts,0.25,0.3436116964863836
C,1.5,2.0,0.5625,200,0.01,piston,3858.052701808698,1013.25,2844.802701808698,3.80760197563158,353.4291735288517,4.255705413872328,313.3264943845849,1.0,True,integrated_duct,5367.63777187425,5027.181338764463,340.4564331097863,1073527.55437485,1.4910104921872915,0.0,1.1578587878784016e-16,0.5291665187557011,464.9533999720262,2.9134814499752957,66525.87383285169,choked_restriction;kantrowitz_limit;nonlinear_acoustic_pulse;reduced_model_invalid,partitioned_integrated_ducts,0.5,0.6872233929727672
C,1.5,2.0,0.5625,200,0.01,piston,2572.0351345391323,1013.25,1558.7851345391323,2.53840131708772,353.4291735288517,4.255705413872328,313.3264943845849,1.0,True,integrated_duct,3095.0571421559134,2754.600709046127,340.4564331097863,619011.4284311826,0.8597380950433093,0.0,0.0,0.5291665187557011,464.9533999720262,2.9134814499752957,66525.87383285169,choked_restriction;kantrowitz_limit;nonlinear_acoustic_pulse;reduced_model_invalid,partitioned_integrated_ducts,0.75,1.030835089459151
C,1.5,2.0,0.5625,200,0.01,piston,1929.026350904349,1013.25,915.7763509043491,1.90380098781579,353.4291735288517,4.255705413872328,313.3264943845849,1.0,True,integrated_duct,1958.7668272967453,1618.310394186959,340.4564331097863,391753.36545934906,0.5441018964713181,0.0,0.0,0.5291665187557011,464.9533999720262,2.9134814499752957,66525.87383285169,choked_restriction;kantrowitz_limit;nonlinear_acoustic_pulse;reduced_model_invalid,partitioned_integrated_ducts,1.0,1.3744467859455345
C,1.5,2.0,0.5625,250,0.01,piston,1999.6004856935326,1013.25,986.3504856935326,1.9734522434675872,441.7864669110647,5.31963176734041,313.3264943845849,1.0,True,annulus,2274.9883615762747,1743.0251848422336,531.963176734041,568747.0903940686,0.6319412115489652,0.0,1.3357847360934363e-16,0.47040371106181056,581.1917499650328,2.9134814499752957,83157.34229106462,choked_restriction;kantrowitz_limit;nonlinear_acoustic_pulse;reduced_model_invalid,open_annulus,1.0,1.3744467859455345
C,1.5,2.0,0.5625,250,0.01,piston,9645.131754521744,1013.25,8631.881754521744,9.519004939078949,441.7864669110647,5.31963176734041,313.3264943845849,1.0,True,integrated_duct,15785.757349231015,15253.794172496973,531.963176734041,3946439.3373077535,4.384932597008615,0.0,1.2211028470473e-16,0.47040371106181056,581.1917499650328,2.9134814499752957,83157.34229106462,choked_restriction;kantrowitz_limit;nonlinear_acoustic_pulse;reduced_model_invalid,partitioned_integrated_ducts,0.25,0.3436116964863836
C,1.5,2.0,0.5625,250,0.01,piston,4822.565877260872,1013.25,3809.315877260872,4.759502469539474,441.7864669110647,5.31963176734041,313.3264943845849,1.0,True,integrated_duct,7263.579987787255,6731.616811053214,531.963176734041,1815894.9969468138,2.017661107718682,0.0,0.0,0.47040371106181056,581.1917499650328,2.9134814499752957,83157.34229106462,choked_restriction;kantrowitz_limit;nonlinear_acoustic_pulse;reduced_model_invalid,partitioned_integrated_ducts,0.5,0.6872233929727672
C,1.5,2.0,0.5625,250,0.01,piston,3215.0439181739152,1013.25,2201.7939181739152,3.17300164635965,441.7864669110647,5.31963176734041,313.3264943845849,1.0,True,integrated_duct,4422.854200639336,3890.8910239052952,531.963176734041,1105713.550159834,1.2285706112887045,0.0,0.0,0.47040371106181056,581.1917499650328,2.9134814499752957,83157.34229106462,choked_restriction;kantrowitz_limit;nonlinear_acoustic_pulse;reduced_model_invalid,partitioned_integrated_ducts,0.75,1.030835089459151
C,1.5,2.0,0.5625,250,0.01,piston,2411.282938630436,1013.25,1398.032938630436,2.379751234769737,441.7864669110647,5.31963176734041,313.3264943845849,1.0,True,integrated_duct,3002.4913070653756,2470.5281303313345,531.963176734041,750622.8267663439,0.8340253630737154,0.0,0.0,0.47040371106181056,581.1917499650328,2.9134814499752957,83157.34229106462,choked_restriction;kantrowitz_limit;nonlinear_acoustic_pulse;reduced_model_invalid,partitioned_integrated_ducts,1.0,1.3744467859455345
C,1.5,2.0,0.5625,300,0.01,piston,2399.5205828322396,1013.25,1386.2705828322396,2.368142692161105,530.1437602932776,6.383558120808493,313.3264943845849,1.0,True,annulus,3215.769306385809,2449.74233188879,766.0269744970192,964730.7919157428,0.8932692517738359,0.0,1.5840485250432676e-16,0.4437641754216348,697.4300999580394,2.9134814499752957,99788.81074927755,choked_restriction;kantrowitz_limit;nonlinear_acoustic_pulse;reduced_model_invalid,open_annulus,1.0,1.3744467859455345
C,1.5,2.0,0.5625,300,0.01,piston,11574.158105426097,1013.25,10560.908105426097,11.42280592689474,530.1437602932776,6.383558120808493,313.3264943845849,1.0,True,integrated_duct,19428.6920915715,18662.665117074484,766.0269744970192,5828607.627471451,5.396858914325417,1.39135322791991e-16,0.0,0.4437641754216348,697.4300999580394,2.9134814499752957,99788.81074927755,choked_restriction;kantrowitz_limit;nonlinear_acoustic_pulse;reduced_model_invalid,partitioned_integrated_ducts,0.25,0.3436116964863836
C,1.5,2.0,0.5625,300,0.01,piston,5787.079052713048,1013.25,4773.829052713048,5.71140296344737,530.1437602932776,6.383558120808493,313.3264943845849,1.0,True,integrated_duct,9202.079257838988,8436.052283341969,766.0269744970192,2760623.7773516965,2.5561331271774965,1.39135322791991e-16,1.8399652336091102e-16,0.4437641754216348,697.4300999580394,2.9134814499752957,99788.81074927755,choked_restriction;kantrowitz_limit;nonlinear_acoustic_pulse;reduced_model_invalid,partitioned_integrated_ducts,0.5,0.6872233929727672
C,1.5,2.0,0.5625,300,0.01,piston,3858.052701808698,1013.25,2844.802701808698,3.80760197563158,530.1437602932776,6.383558120808493,313.3264943845849,1.0,True,integrated_duct,5793.2083132614825,5027.181338764463,766.0269744970192,1737962.4939784447,1.609224531461523,0.0,0.0,0.4437641754216348,697.4300999580394,2.9134814499752957,99788.81074927755,choked_restriction;kantrowitz_limit;nonlinear_acoustic_pulse;reduced_model_invalid,partitioned_integrated_ducts,0.75,1.030835089459151
C,1.5,2.0,0.5625,300,0.01,piston,2893.539526356524,1013.25,1880.2895263565242,2.855701481723685,530.1437602932776,6.383558120808493,313.3264943845849,1.0,True,integrated_duct,4088.7728409727315,3322.7458664757123,766.0269744970192,1226631.8522918194,1.1357702336035365,1.39135322791991e-16,1.167862630337233e-16,0.4437641754216348,697.4300999580394,2.9134814499752957,99788.81074927755,choked_restriction;kantrowitz_limit;nonlinear_acoustic_pulse;reduced_model_invalid,partitioned_integrated_ducts,1.0,1.3744467859455345
C,1.5,2.0,0.5625,350,0.01,piston,2799.440679970946,1013.25,1786.190679970946,2.7628331408546223,618.5010536754905,7.447484474276574,313.3264943845849,1.0,True,annulus,4199.107305334066,3156.4594789353455,1042.6478263987206,1469687.556866923,1.1664186959261293,1.192588481074209e-16,2.10752083110538e-16,0.4376402432858991,813.6684499510459,2.9134814499752957,116420.27920749046,choked_restriction;kantrowitz_limit;nonlinear_acoustic_pulse;reduced_model_invalid,open_annulus,1.0,1.3744467859455345
C,1.5,2.0,0.5625,350,0.01,piston,13503.184456330442,1013.25,12489.934456330442,13.326606914710528,618.5010536754905,7.447484474276574,313.3264943845849,1.0,True,integrated_duct,23114.1838880507,22071.53606165198,1042.6478263987206,8089964.360817744,6.420606635569638,0.0,1.2055896944942167e-16,0.4376402432858991,813.6684499510459,2.9134814499752957,116420.27920749046,choked_restriction;kantrowitz_limit;nonlinear_acoustic_pulse;reduced_model_invalid,partitioned_integrated_ducts,0.25,0.3436116964863836
C,1.5,2.0,0.5625,350,0.01,piston,6751.592228165221,1013.25,5738.342228165221,6.663303457355264,618.5010536754905,7.447484474276574,313.3264943845849,1.0,True,integrated_duct,11183.13558202944,10140.487755630718,1042.6478263987206,3914097.4537103036,3.106426550563733,0.0,0.0,0.4376402432858991,813.6684499510459,2.9134814499752957,116420.27920749046,choked_restriction;kantrowitz_limit;nonlinear_acoustic_pulse;reduced_model_invalid,partitioned_integrated_ducts,0.5,0.6872233929727672
C,1.5,2.0,0.5625,350,0.01,piston,4501.061485443482,1013.25,3487.8114854434816,4.44220230490351,618.5010536754905,7.447484474276574,313.3264943845849,1.0,True,integrated_duct,7206.119480022353,6163.471653623632,1042.6478263987206,2522141.8180078235,2.001699855561765,1.192588481074209e-16,0.0,0.4376402432858991,813.6684499510459,2.9134814499752957,116420.27920749046,choked_restriction;kantrowitz_limit;nonlinear_acoustic_pulse;reduced_model_invalid,partitioned_integrated_ducts,0.75,1.030835089459151
C,1.5,2.0,0.5625,350,0.01,piston,3375.7961140826105,1013.25,2362.5461140826105,3.331651728677632,618.5010536754905,7.447484474276574,313.3264943845849,1.0,True,integrated_duct,5217.611429018807,4174.963602620086,1042.6478263987206,1826164.0001565826,1.4493365080607796,0.0,1.5933801435350194e-16,0.4376402432858991,813.6684499510459,2.9134814499752957,116420.27920749046,choked_restriction;kantrowitz_limit;nonlinear_acoustic_pulse;reduced_model_invalid,partitioned_integrated_ducts,1.0,1.3744467859455345
C,1.5,2.2,0.46487603305785113,50,0.01,piston,1030.1635617832285,1013.25,16.913561783228488,1.016692387646907,88.35729338221293,1.063926353468082,52.721133939005945,0.15396573571839012,False,none,51.16725788173973,29.888730812378082,21.278527069361644,2558.3628940869867,0.014213127189372147,6.469792509827583e-15,0.0,2.15301166256308,96.06475206033598,2.9134814499752957,23284.0558414981,,open_annulus,1.0,2.0341812431993915
C,1.5,2.2,0.46487603305785113,50,0.01,piston,1417.579290898642,1013.25,404.32929089864206,1.399041984602657,88.35729338221293,1.063926353468082,232.13354786213597,0.70955020577325,False,none,735.7873626484303,714.5088355790687,21.278527069361644,36789.368132421514,0.20438537851345287,4.174059683759731e-16,0.0,2.15301166256308,96.06475206033598,2.9134814499752957,23284.0558414981,,partitioned_integrated_ducts,0.25,0.5085453107998479
C,1.5,2.2,0.46487603305785113,50,0.01,piston,1112.201323608874,1013.25,98.95132360887396,1.0976573635419433,88.35729338221293,1.063926353468082,124.39757085331391,0.36728663716840687,False,none,196.13994968271302,174.86142261335138,21.278527069361644,9806.99748413565,0.05448331935630917,3.3392477470077847e-15,0.0,2.15301166256308,96.06475206033598,2.9134814499752957,23284.0558414981,,partitioned_integrated_ducts,0.5,1.0170906215996958
C,1.5,2.2,0.46487603305785113,50,0.01,piston,1057.0573617131213,1013.25,43.80736171312128,1.0432345045281237,88.35729338221293,1.063926353468082,84.14544250308798,0.24664303040137506,False,none,98.69252529310123,77.41399822373958,21.278527069361644,4934.626264655061,0.027414590359194784,6.261089525639596e-16,0.0,2.15301166256308,96.06475206033598,2.9134814499752957,23284.0558414981,,partitioned_integrated_ducts,0.75,1.5256359323995436
C,1.5,2.2,0.46487603305785113,50,0.01,piston,1037.8582548296345,1013.25,24.60825482963446,1.024286459244643,88.35729338221293,1.063926353468082,63.44045568413286,0.18546729034739262,False,none,64.76490290148706,43.48637583212541,21.278527069361644,3238.245145074353,0.017990250805968628,8.139416383331475e-15,2.0914474576679766e-16,2.15301166256308,96.06475206033598,2.9134814499752957,23284.0558414981,,partitioned_integrated_ducts,1.0,2.0341812431993915
C,1.5,2.2,0.46487603305785113,100,0.01,piston,1081.1483040942271,1013.25,67.89830409422711,1.0670104160811518,176.71458676442586,2.127852706936164,103.99697652524361,0.30581378981027796,False,none,205.10031577761328,119.98620750016669,85.11410827744658,20510.03157776133,0.05697230993822591,2.0870298418798654e-16,0.0,1.1179734182867043,192.12950412067195,2.9134814499752957,46568.1116829962,,open_annulus,1.0,2.0341812431993915
C,1.5,2.2,0.46487603305785113,100,0.01,piston,2606.7923660869574,1013.25,1593.5423660869574,2.5727040375889043,176.71458676442586,2.127852706936164,313.3264943845849,1.0,True,integrated_duct,2901.1359154240677,2816.021807146621,85.11410827744658,290113.59154240676,0.8058710876177966,0.0,0.0,1.1179734182867043,192.12950412067195,2.9134814499752957,46568.1116829962,choked_restriction;reduced_model_invalid,partitioned_integrated_ducts,0.25,0.5085453107998479
C,1.5,2.2,0.46487603305785113,100,0.01,piston,1417.579290898642,1013.25,404.32929089864206,1.399041984602657,176.71458676442586,2.127852706936164,232.13354786213597,0.70955020577325,False,none,799.6229438565152,714.5088355790687,85.11410827744658,79962.29438565152,0.22211748440458756,4.174059683759731e-16,0.0,1.1179734182867043,192.12950412067195,2.9134814499752957,46568.1116829962,,partitioned_integrated_ducts,0.5,1.0170906215996958
C,1.5,2.2,0.46487603305785113,100,0.01,piston,1190.1328837177548,1013.25,176.8828837177548,1.174569833424875,176.71458676442586,2.127852706936164,162.68488113135683,0.485000452089454,False,none,397.69196529627686,312.5778570188303,85.11410827744658,39769.19652962768,0.1104699903600769,4.174059683759731e-16,0.0,1.1179734182867043,192.12950412067195,2.9134814499752957,46568.1116829962,,partitioned_integrated_ducts,0.75,1.5256359323995436
C,1.5,2.2,0.46487603305785113,100,0.01,piston,1112.201323608874,1013.25,98.95132360887396,1.0976573635419433,176.71458676442586,2.127852706936164,124.39757085331391,0.36728663716840687,False,none,259.9755308907979,174.86142261335138,85.11410827744658,25997.553089079793,0.07221542524744387,3.3392477470077847e-15,0.0,1.1179734182867043,192.12950412067195,2.9134814499752957,46568.1116829962,,partitioned_integrated_ducts,1.0,2.0341812431993915
C,1.5,2.2,0.46487603305785113,150,0.01,piston,1166.9493381169077,1013.25,153.6993381169077,1.1516894528664277,265.0718801466388,3.1917790604042464,152.62854483795803,0.4537432939532353,False,none,463.11589383720593,271.60915021295114,191.5067436242548,69467.38407558089,0.12864330384366832,4.1740596837597304e-16,0.0,0.7929527594078983,288.1942561810079,2.9134814499752957,69852.1675244943,kantrowitz_limit;nonlinear_acoustic_pulse,open_annulus,1.0,2.0341812431993915
C,1.5,2.2,0.46487603305785113,150,0.01,piston,3910.1885491304365,1013.25,2896.9385491304365,3.859056056383357,265.0718801466388,3.1917790604042464,313.3264943845849,1.0,True,integrated_duct,5310.81972953946,5119.312985915205,191.5067436242548,796622.959430919,1.4752277026498501,0.0,1.5160279272789004e-16,0.7929527594078983,288.1942561810079,2.9134814499752957,69852.1675244943,choked_restriction;kantrowitz_limit;nonlinear_acoustic_pulse;reduced_model_invalid,partitioned_integrated_ducts,0.25,0.5085453107998479
C,1.5,2.2,0.46487603305785113,150,0.01,piston,1955.0942745652183,1013.25,941.8442745652183,1.9295280281916785,265.0718801466388,3.1917790604042464,313.3264943845849,1.0,True,integrated_duct,1855.8829613865848,1664.37621776233,191.5067436242548,278382.44420798775,0.5155230448296069,0.0,1.1657552800116445e-16,0.7929527594078983,288.1942561810079,2.9134814499752957,69852.1675244943,choked_restriction;kantrowitz_limit;nonlinear_acoustic_pulse;reduced_model_invalid,partitioned_integrated_ducts,0.5,1.0170906215996958
C,1.5,2.2,0.46487603305785113,150,0.01,piston,1417.579290898642,1013.25,404.32929089864206,1.399041984602657,265.0718801466388,3.1917790604042464,232.13354786213597,0.70955020577325,False,none,906.0155792033235,714.5088355790687,191.5067436242548,135902.3368804985,0.25167099422314543,4.1740596837597304e-16,0.0,0.7929527594078983,288.1942561810079,2.9134814499752957,69852.1675244943,kantrowitz_limit;nonlinear_acoustic_pulse,partitioned_integrated_ducts,0.75,1.5256359323995436
C,1.5,2.2,0.46487603305785113,150,0.01,piston,1237.8690967554137,1013.25,224.6190967554137,1.221681812736653,265.0718801466388,3.1917790604042464,180.97555889564407,0.5425687429907636,False,none,588.4414522495699,396.9347086253152,191.5067436242548,88266.21783743548,0.16345595895821385,0.0,1.2220242533727016e-16,0.7929527594078983,288.1942561810079,2.9134814499752957,69852.1675244943,kantrowitz_limit;nonlinear_acoustic_pulse,partitioned_integrated_ducts,1.0,2.0341812431993915
C,1.5,2.2,0.46487603305785113,200,0.01,piston,1288.8386303858335,1013.25,275.58863038583354,1.2719848313701787,353.4291735288517,4.255705413872328,197.80939590598618,0.5964652740134968,False,none,827.461742465853,487.00530935606673,340.4564331097863,165492.3484931706,0.2298504840182925,6.261089525639596e-16,0.0,0.647244998147469,384.2590082413439,2.9134814499752957,93136.2233659924,kantrowitz_limit;nonlinear_acoustic_pulse,open_annulus,1.0,2.0341812431993915
C,1.5,2.2,0.46487603305785113,200,0.01,piston,5213.584732173915,1013.25,4200.334732173915,5.145408075177809,353.4291735288517,4.255705413872328,313.3264943845849,1.0,True,integrated_duct,7763.060597793574,7422.6041646837875,340.4564331097863,1552612.1195587148,2.156405721609326,0.0,0.0,0.647244998147469,384.2590082413439,2.9134814499752957,93136.2233659924,choked_restriction;kantrowitz_limit;nonlinear_acoustic_pulse;reduced_model_invalid,partitioned_integrated_ducts,0.25,0.5085453107998479
C,1.5,2.2,0.46487603305785113,200,0.01,piston,2606.7923660869574,1013.25,1593.5423660869574,2.5727040375889043,353.4291735288517,4.255705413872328,313.3264943845849,1.0,True,integrated_duct,3156.4782402564074,2816.021807146621,340.4564331097863,631295.6480512815,0.8767995111823353,0.0,0.0,0.647244998147469,384.2590082413439,2.9134814499752957,93136.2233659924,choked_restriction;kantrowitz_limit;nonlinear_acoustic_pulse;reduced_model_invalid,partitioned_integrated_ducts,0.5,1.0170906215996958
C,1.5,2.2,0.46487603305785113,200,0.01,piston,1748.052012327263,1013.25,734.8020123272629,1.7251932023955223,353.4291735288517,4.255705413872328,291.5242242601421,0.9181652846328756,False,none,1638.9587727305945,1298.5023396208082,340.4564331097863,327791.7545461189,0.45526632575849846,0.0,0.0,0.647244998147469,384.2590082413439,2.9134814499752957,93136.2233659924,kantrowitz_limit;nonlinear_acoustic_pulse;reduced_model_invalid,partitioned_integrated_ducts,0.75,1.5256359323995436
C,1.5,2.2,0.46487603305785113,200,0.01,piston,1417.579290898642,1013.25,404.32929089864206,1.399041984602657,353.4291735288517,4.255705413872328,232.13354786213597,0.70955020577325,False,none,1054.9652686888548,714.5088355790687,340.4564331097863,210993.05373777097,0.29304590796912633,4.174059683759731e-16,0.0,0.647244998147469,384.2590082413439,2.9134814499752957,93136.2233659924,kantrowitz_limit;nonlinear_acoustic_pulse,partitioned_integrated_ducts,1.0,2.0341812431993915
C,1.5,2.2,0.46487603305785113,250,0.01,piston,1448.6280481507058,1013.25,435.3780481507058,1.4296847255373362,441.7864669110647,5.31963176734041,239.14127774798897,0.7332363471104532,False,none,1301.3396953865838,769.3765186525428,531.963176734041,325334.9238466459,0.3614832487184955,1.6696238735038925e-16,0.0,0.5753698284061816,480.3237603016799,2.9134814499752957,116420.2792074905,kantrowitz_limit;nonlinear_acoustic_pulse,open_annulus,1.0,2.0341812431993915
C,1.5,2.2,0.46487603305785113,250,0.01,piston,6516.980915217394,1013.25,5503.730915217394,6.431760093972262,441.7864669110647,5.31963176734041,313.3264943845849,1.0,True,integrated_duct,10257.858520186413,9725.895343452372,531.963176734041,2564464.6300466033,2.849405144496226,0.0,0.0,0.5753698284061816,480.3237603016799,2.9134814499752957,116420.2792074905,choked_restriction;kantrowitz_limit;nonlinear_acoustic_pulse;reduced_model_invalid,partitioned_integrated_ducts,0.25,0.5085453107998479
C,1.5,2.2,0.46487603305785113,250,0.01,piston,3258.490457608697,1013.25,2245.240457608697,3.215880046986131,441.7864669110647,5.31963176734041,313.3264943845849,1.0,True,integrated_duct,4499.630573264954,3967.6673965309133,531.963176734041,1124907.6433162387,1.2498973814624874,0.0,0.0,0.5753698284061816,480.3237603016799,2.9134814499752957,116420.2792074905,choked_restriction;kantrowitz_limit;nonlinear_acoustic_pulse;reduced_model_invalid,partitioned_integrated_ducts,0.5,1.0170906215996958
C,1.5,2.2,0.46487603305785113,250,0.01,piston,2172.3269717391313,1013.25,1159.0769717391313,2.143920031324087,441.7864669110647,5.31963176734041,313.3264943845849,1.0,True,integrated_duct,2580.2212576244683,2048.258080890427,531.963176734041,645055.3144061171,0.7167281271179079,0.0,0.0,0.5753698284061816,480.3237603016799,2.9134814499752957,116420.2792074905,choked_restriction;kantrowitz_limit;nonlinear_acoustic_pulse;reduced_model_invalid,partitioned_integrated_ducts,0.75,1.5256359323995436
C,1.5,2.2,0.46487603305785113,250,0.01,piston,1655.1742350940171,1013.25,641.9242350940171,1.6335299630831652,441.7864669110647,5.31963176734041,277.60059423506556,0.8675197645222645,False,none,1666.3369361211348,1134.373759387094,531.963176734041,416584.2340302837,0.4628713711447597,0.0,0.0,0.5753698284061816,480.3237603016799,2.9134814499752957,116420.2792074905,kantrowitz_limit;nonlinear_acoustic_pulse;reduced_model_invalid,partitioned_integrated_ducts,1.0,2.0341812431993915
C,1.5,2.2,0.46487603305785113,300,0.01,piston,1648.6542313435652,1013.25,635.4042313435652,1.6270952196827686,530.1437602932776,6.383558120808493,276.5581433189794,0.8637748621696792,False,none,1888.878936199477,1122.8519617024579,766.0269744970192,566663.6808598432,0.5246885933887436,4.1740596837597304e-16,1.7279707654786917e-16,0.5427859335735699,576.3885123620158,2.9134814499752957,139704.3350489886,kantrowitz_limit;nonlinear_acoustic_pulse;reduced_model_invalid,open_annulus,1.0,2.0341812431993915
C,1.5,2.2,0.46487603305785113,300,0.01,piston,7820.377098260873,1013.25,6807.127098260873,7.718112112766714,530.1437602932776,6.383558120808493,313.3264943845849,1.0,True,integrated_duct,12795.213496717974,12029.186522220954,766.0269744970192,3838564.049015392,3.554225971310548,0.0,2.5807302732541105e-16,0.5427859335735699,576.3885123620158,2.9134814499752957,139704.3350489886,choked_restriction;kantrowitz_limit;nonlinear_acoustic_pulse;reduced_model_invalid,partitioned_integrated_ducts,0.25,0.5085453107998479
C,1.5,2.2,0.46487603305785113,300,0.01,piston,3910.1885491304365,1013.25,2896.9385491304365,3.859056056383357,530.1437602932776,6.383558120808493,313.3264943845849,1.0,True,integrated_duct,5885.339960412224,5119.312985915205,766.0269744970192,1765601.9881236672,1.6348166556700623,0.0,1.5160279272789004e-16,0.5427859335735699,576.3885123620158,2.9134814499752957,139704.3350489886,choked_restriction;kantrowitz_limit;nonlinear_acoustic_pulse;reduced_model_invalid,partitioned_integrated_ducts,0.5,1.0170906215996958
C,1.5,2.2,0.46487603305785113,300,0.01,piston,2606.7923660869574,1013.25,1593.5423660869574,2.5727040375889043,530.1437602932776,6.383558120808493,313.3264943845849,1.0,True,integrated_duct,3582.0487816436403,2816.021807146621,766.0269744970192,1074614.634493092,0.9950135504565667,0.0,1.3780116040708088e-16,0.5427859335735699,576.3885123620158,2.9134814499752957,139704.3350489886,choked_restriction;kantrowitz_limit;nonlinear_acoustic_pulse;reduced_model_invalid,partitioned_integrated_ducts,0.75,1.5256359323995436
C,1.5,2.2,0.46487603305785113,300,0.01,piston,1955.0942745652183,1013.25,941.8442745652183,1.9295280281916785,530.1437602932776,6.383558120808493,313.3264943845849,1.0,True,integrated_duct,2430.4031922593495,1664.37621776233,766.0269744970192,729120.9576778049,0.6751119978498193,0.0,1.1657552800116445e-16,0.5427859335735699,576.3885123620158,2.9134814499752957,139704.3350489886,choked_restriction;kantrowitz_limit;nonlinear_acoustic_pulse;reduced_model_invalid,partitioned_integrated_ducts,1.0,2.0341812431993915
C,1.5,2.2,0.46487603305785113,350,0.01,piston,1891.7375315713543,1013.25,878.4875315713543,1.8669997844276875,618.5010536754905,7.447484474276574,310.2181154377914,0.9881305075080733,False,none,2595.0634375920445,1552.415611193324,1042.6478263987206,908272.2031572156,0.720850954886679,2.385176962148418e-16,2.1425654497517986e-16,0.5352955041844056,672.4532644223518,2.9134814499752957,162988.39089048665,kantrowitz_limit;nonlinear_acoustic_pulse;reduced_model_invalid,open_annulus,1.0,2.0341812431993915
C,1.5,2.2,0.46487603305785113,350,0.01,piston,9123.773281304351,1013.25,8110.523281304351,9.004464131561166,618.5010536754905,7.447484474276574,313.3264943845849,1.0,True,integrated_duct,15375.125527388258,14332.477700989537,1042.6478263987206,5381293.934585891,4.270868202052294,1.192588481074209e-16,0.0,0.5352955041844056,672.4532644223518,2.9134814499752957,162988.39089048665,choked_restriction;kantrowitz_limit;nonlinear_acoustic_pulse;reduced_model_invalid,partitioned_integrated_ducts,0.25,0.5085453107998479
C,1.5,2.2,0.46487603305785113,350,0.01,piston,4561.886640652176,1013.25,3548.6366406521756,4.502232065780583,618.5010536754905,7.447484474276574,313.3264943845849,1.0,True,integrated_duct,7313.606401698216,6270.958575299496,1042.6478263987206,2559762.240594376,2.0315573338050603,1.192588481074209e-16,0.0,0.5352955041844056,672.4532644223518,2.9134814499752957,162988.39089048665,choked_restriction;kantrowitz_limit;nonlinear_acoustic_pulse;reduced_model_invalid,partitioned_integrated_ducts,0.5,1.0170906215996958
C,1.5,2.2,0.46487603305785113,350,0.01,piston,3041.2577604347834,1013.25,2028.0077604347834,3.0014880438537217,618.5010536754905,7.447484474276574,313.3264943845849,1.0,True,integrated_duct,4626.433359801536,3583.7855334028154,1042.6478263987206,1619251.6759305377,1.285120377722649,0.0,0.0,0.5352955041844056,672.4532644223518,2.9134814499752957,162988.39089048665,choked_restriction;kantrowitz_limit;nonlinear_acoustic_pulse;reduced_model_invalid,partitioned_integrated_ducts,0.75,1.5256359323995436
C,1.5,2.2,0.46487603305785113,350,0.01,piston,2280.943320326088,1013.25,1267.6933203260878,2.2511160328902915,618.5010536754905,7.447484474276574,313.3264943845849,1.0,True,integrated_duct,3282.846838853196,2240.1990124544755,1042.6478263987206,1148996.3935986187,0.9119018996814433,1.192588481074209e-16,1.484757395975207e-16,0.5352955041844056,672.4532644223518,2.9134814499752957,162988.39089048665,choked_restriction;kantrowitz_limit;nonlinear_acoustic_pulse;reduced_model_invalid,partitioned_integrated_ducts,1.0,2.0341812431993915
C,1.5,2.5,0.36,50,0.01,piston,1020.3362019201418,1013.25,7.086201920141775,1.0069935375476355,88.35729338221293,1.063926353468082,34.230552743520256,0.09982942109794425,False,none,33.800879509832995,12.522352440471348,21.278527069361644,1690.0439754916497,0.009389133197175832,6.469792509827583e-15,0.0,2.5749686972800765,74.39254399552419,2.9134814499752957,33262.936916425846,,open_annulus,1.0,3.141592653589793
C,1.5,2.5,0.36,50,0.01,piston,1179.9892354021515,1013.25,166.7392354021515,1.1645588308928216,88.35729338221293,1.063926353468082,158.39458966421108,0.47163305302870095,False,none,315.93107788443695,294.6525508150753,21.278527069361644,15796.553894221848,0.08775863274567693,1.4609208893159059e-15,0.0,2.5749686972800765,74.39254399552419,2.9134814499752957,33262.936916425846,,partitioned_integrated_ducts,0.25,0.7853981633974483
C,1.5,2.5,0.36,50,0.01,piston,1054.5673803852087,1013.25,41.31738038520871,1.0407770840219184,88.35729338221293,1.063926353468082,81.7813480736575,0.23963276390785632,False,none,94.29236507896915,73.01383800960751,21.278527069361644,4714.618253948458,0.026192323633046986,3.3392477470077847e-15,1.2456470260517637e-16,2.5749686972800765,74.39254399552419,2.9134814499752957,33262.936916425846,,partitioned_integrated_ducts,0.5,1.5707963267948966
C,1.5,2.5,0.36,50,0.01,piston,1031.583504546057,1013.25,18.33350454605693,1.0180937621969475,88.35729338221293,1.063926353468082,54.865239078730845,0.16025886876253737,False,none,53.67650386736337,32.39797679800173,21.278527069361644,2683.8251933681686,0.014910139963156493,0.0,1.4036288553503512e-16,2.5749686972800765,74.39254399552419,2.9134814499752957,33262.936916425846,,partitioned_integrated_ducts,0.75,2.356194490192345
C,1.5,2.5,0.36,50,0.01,piston,1023.5567574829677,1013.25,10.306757482967669,1.0101719787643402,88.35729338221293,1.063926353468082,41.240869528587346,0.12032835325156337,False,none,39.4920709641995,18.213543894837855,21.278527069361644,1974.6035482099749,0.010970019712277639,4.382762667947717e-15,0.0,2.5749686972800765,74.39254399552419,2.9134814499752957,33262.936916425846,,partitioned_integrated_ducts,1.0,3.141592653589793
C,1.5,2.5,0.36,100,0.01,piston,1041.6374475148305,1013.25,28.387447514830455,1.028016232435066,176.71458676442586,2.127852706936164,68.05814549449303,0.19907038205551475,False,none,135.2788688462475,50.164760568800915,85.11410827744658,13527.88688462475,0.03757746356840208,3.965356699571744e-15,1.8130151354466393e-16,1.3370789422721603,148.78508799104839,2.9134814499752957,66525.87383285169,,open_annulus,1.0,3.141592653589793
C,1.5,2.5,0.36,100,0.01,piston,1704.4502212543023,1013.25,691.2002212543023,1.6821615803151269,176.71458676442586,2.127852706936164,285.1937305037382,0.8949917809298383,False,none,1306.5657229817841,1221.4516147043375,85.11410827744658,130656.5722981784,0.3629349230504956,0.0,0.0,1.3370789422721603,148.78508799104839,2.9134814499752957,66525.87383285169,reduced_model_invalid,partitioned_integrated_ducts,0.25,0.7853981633974483
C,1.5,2.5,0.36,100,0.01,piston,1179.9892354021515,1013.25,166.7392354021515,1.1645588308928216,176.71458676442586,2.127852706936164,158.39458966421108,0.47163305302870095,False,none,379.7666590925219,294.6525508150753,85.11410827744658,37976.66590925219,0.10549073863681163,1.4609208893159059e-15,0.0,1.3370789422721603,148.78508799104839,2.9134814499752957,66525.87383285169,,partitioned_integrated_ducts,0.5,1.5707963267948966
C,1.5,2.5,0.36,100,0.01,piston,1086.8709526539499,1013.25,73.62095265394987,1.0726582310919812,176.71458676442586,2.127852706936164,108.10582669159989,0.31813612267002656,False,none,215.2130705319077,130.09896225446113,85.11410827744658,21521.30705319077,0.05978140848108547,2.713138794443825e-15,0.0,1.3370789422721603,148.78508799104839,2.9134814499752957,66525.87383285169,,partitioned_integrated_ducts,0.75,2.356194490192345
C,1.5,2.5,0.36,100,0.01,piston,1054.5673803852087,1013.25,41.31738038520871,1.0407770840219184,176.71458676442586,2.127852706936164,81.7813480736575,0.23963276390785632,False,none,158.1279462870541,73.01383800960751,85.11410827744658,15812.794628705411,0.04392442952418169,3.3392477470077847e-15,1.2456470260517637e-16,1.3370789422721603,148.78508799104839,2.9134814499752957,66525.87383285169,,partitioned_integrated_ducts,1.0,3.141592653589793
C,1.5,2.5,0.36,150,0.01,piston,1077.2827821655203,1013.25,64.0327821655203,1.06319544255171,265.0718801466388,3.1917790604042464,101.11048388408221,0.2971736636536181,False,none,304.662010021819,113.15526639756419,191.5067436242548,45699.30150327285,0.08462833611717195,1.808759196295883e-15,0.0,0.9483592538771839,223.17763198657258,2.9134814499752957,99788.81074927755,kantrowitz_limit;nonlinear_acoustic_pulse,open_annulus,1.0,3.141592653589793
C,1.5,2.5,0.36,150,0.01,piston,2531.847085561958,1013.25,1518.597085561958,2.498738796508224,265.0718801466388,3.1917790604042464,313.3264943845849,1.0,True,integrated_duct,2875.0893079916837,2683.582564367429,191.5067436242548,431263.39619875257,0.7986359188865788,0.0,0.0,0.9483592538771839,223.17763198657258,2.9134814499752957,99788.81074927755,choked_restriction;kantrowitz_limit;nonlinear_acoustic_pulse;reduced_model_invalid,partitioned_integrated_ducts,0.25,0.7853981633974483
C,1.5,2.5,0.36,150,0.01,piston,1394.0493883708396,1013.25,380.79938837083955,1.3758197763344087,265.0718801466388,3.1917790604042464,226.54050022290306,0.6908004618719995,False,none,864.4348091852451,672.9280655609903,191.5067436242548,129665.22137778676,0.24012078032923473,1.39135322791991e-16,1.4416513911964289e-16,0.9483592538771839,223.17763198657258,2.9134814499752957,99788.81074927755,kantrowitz_limit;nonlinear_acoustic_pulse,partitioned_integrated_ducts,0.5,1.5707963267948966
C,1.5,2.5,0.36,150,0.01,piston,1179.9892354021515,1013.25,166.7392354021515,1.1645588308928216,265.0718801466388,3.1917790604042464,158.39458966421108,0.47163305302870095,False,none,486.1592944393301,294.6525508150753,191.5067436242548,72923.89416589952,0.13504424845536947,1.2522179051279192e-15,0.0,0.9483592538771839,223.17763198657258,2.9134814499752957,99788.81074927755,kantrowitz_limit;nonlinear_acoustic_pulse,partitioned_integrated_ducts,0.75,2.356194490192345
C,1.5,2.5,0.36,150,0.01,piston,1106.5561978674803,1013.25,93.30619786748025,1.0920860576042242,265.0718801466388,3.1917790604042464,120.99692711888245,0.3569865587259374,False,none,356.39240561137007,164.88566198711527,191.5067436242548,53458.86084170551,0.0989978904476028,1.5304885507119012e-15,1.4709097052461305e-16,0.9483592538771839,223.17763198657258,2.9134814499752957,99788.81074927755,kantrowitz_limit;nonlinear_acoustic_pulse,partitioned_integrated_ducts,1.0,3.141592653589793
C,1.5,2.5,0.36,200,0.01,piston,1127.4905205074601,1013.25,114.24052050746013,1.1127466276905602,353.4291735288517,4.255705413872328,133.07074494860612,0.39366144871648756,False,none,542.3360968420736,201.87966373228736,340.4564331097863,108467.21936841472,0.1506489157894649,0.0,0.0,0.7740950217226256,297.57017598209677,2.9134814499752957,133051.74766570338,kantrowitz_limit;nonlinear_acoustic_pulse,open_annulus,1.0,3.141592653589793
C,1.5,2.5,0.36,200,0.01,piston,3375.79611408261,1013.25,2362.54611408261,3.3316517286776315,353.4291735288517,4.255705413872328,313.3264943845849,1.0,True,integrated_duct,4515.420035729872,4174.963602620086,340.4564331097863,903084.0071459744,1.2542833432582978,0.0,1.3942076255931422e-16,0.7740950217226256,297.57017598209677,2.9134814499752957,133051.74766570338,choked_restriction;kantrowitz_limit;nonlinear_acoustic_pulse;reduced_model_invalid,partitioned_integrated_ducts,0.25,0.7853981633974483
C,1.5,2.5,0.36,200,0.01,piston,1704.4502212543023,1013.25,691.2002212543023,1.6821615803151269,353.4291735288517,4.255705413872328,285.1937305037382,0.8949917809298383,False,none,1561.9080478141238,1221.4516147043375,340.4564331097863,312381.6095628248,0.4338633466150344,0.0,0.0,0.7740950217226256,297.57017598209677,2.9134814499752957,133051.74766570338,kantrowitz_limit;nonlinear_acoustic_pulse;reduced_model_invalid,partitioned_integrated_ducts,0.5,1.5707963267948966
C,1.5,2.5,0.36,200,0.01,piston,1312.436093124053,1013.25,299.18609312405306,1.2952737163819916,353.4291735288517,4.255705413872328,204.87031986765288,0.6193597137098141,False,none,869.161901230587,528.7054681208007,340.4564331097863,173832.3802461174,0.24143386145294082,1.0435149209399327e-15,1.376183537508068e-16,0.7740950217226256,297.57017598209677,2.9134814499752957,133051.74766570338,kantrowitz_limit;nonlinear_acoustic_pulse,partitioned_integrated_ducts,0.75,2.356194490192345
C,1.5,2.5,0.36,200,0.01,piston,1179.9892354021515,1013.25,166.7392354021515,1.1645588308928216,353.4291735288517,4.255705413872328,158.39458966421108,0.47163305302870095,False,none,635.1089839248616,294.6525508150753,340.4564331097863,127021.79678497232,0.17641916220135045,1.4609208893159059e-15,0.0,0.7740950217226256,297.57017598209677,2.9134814499752957,133051.74766570338,kantrowitz_limit;nonlinear_acoustic_pulse,partitioned_integrated_ducts,1.0,3.141592653589793
C,1.5,2.5,0.36,250,0.01,piston,1192.5715695369204,1013.25,179.32156953692038,1.17697662920002,441.7864669110647,5.31963176734041,163.6926955758383,0.48814770185495465,False,none,848.8505473206924,316.8873705866514,531.963176734041,212212.63683017308,0.23579181870019233,1.335699098803114e-15,1.836856445421222e-16,0.6881334287532772,371.96271997762096,2.9134814499752957,166314.68458212924,kantrowitz_limit;nonlinear_acoustic_pulse,open_annulus,1.0,3.141592653589793
C,1.5,2.5,0.36,250,0.01,piston,4219.745142603263,1013.25,3206.495142603263,4.16456466084704,441.7864669110647,5.31963176734041,313.3264943845849,1.0,True,integrated_duct,6198.307817606785,5666.344640872744,531.963176734041,1549576.954401696,1.7217521715574402,0.0,0.0,0.6881334287532772,371.96271997762096,2.9134814499752957,166314.68458212924,choked_restriction;kantrowitz_limit;nonlinear_acoustic_pulse;reduced_model_invalid,partitioned_integrated_ducts,0.25,0.7853981633974483
C,1.5,2.5,0.36,250,0.01,piston,2109.8725713016315,1013.25,1096.6225713016315,2.08228233042352,441.7864669110647,5.31963176734041,313.3264943845849,1.0,True,integrated_duct,2469.8552219751405,1937.8920452410996,531.963176734041,617463.8054937851,0.6860708949930946,0.0,0.0,0.6881334287532772,371.96271997762096,2.9134814499752957,166314.68458212924,choked_restriction;kantrowitz_limit;nonlinear_acoustic_pulse;reduced_model_invalid,partitioned_integrated_ducts,0.5,1.5707963267948966
C,1.5,2.5,0.36,250,0.01,piston,1486.3427206583322,1013.25,473.09272065833215,1.4669062133316872,441.7864669110647,5.31963176734041,247.14329430785466,0.760558899755971,False,none,1367.9870230579922,836.0238463239513,531.963176734041,341996.7557644981,0.37999639529388674,0.0,0.0,0.6881334287532772,371.96271997762096,2.9134814499752957,166314.68458212924,kantrowitz_limit;nonlinear_acoustic_pulse,partitioned_integrated_ducts,0.75,2.356194490192345
C,1.5,2.5,0.36,250,0.01,piston,1275.5315110058707,1013.25,262.2815110058707,1.2588517256411258,441.7864669110647,5.31963176734041,193.63749563425588,0.5830204619903533,False,none,995.4528650675575,463.48968833351654,531.963176734041,248863.21626688936,0.27651468474098817,0.0,1.2558566539582324e-16,0.6881334287532772,371.96271997762096,2.9134814499752957,166314.68458212924,kantrowitz_limit;nonlinear_acoustic_pulse,partitioned_integrated_ducts,1.0,3.141592653589793
C,1.5,2.5,0.36,300,0.01,piston,1272.9317763056451,1013.25,259.68177630564514,1.2562859869781842,530.1437602932776,6.383558120808493,192.80528076981193,0.5803455840908995,False,none,1224.9225523980608,458.8955779010416,766.0269744970192,367476.76571941824,0.3402562645550169,1.113082582335928e-15,2.114048878676112e-16,0.6491635937596486,446.35526397314516,2.9134814499752957,199577.6214985551,kantrowitz_limit;nonlinear_acoustic_pulse,open_annulus,1.0,3.141592653589793
C,1.5,2.5,0.36,300,0.01,piston,5063.694171123916,1013.25,4050.444171123916,4.997477593016448,530.1437602932776,6.383558120808493,313.3264943845849,1.0,True,integrated_duct,7923.752653622421,7157.725679125402,766.0269744970192,2377125.7960867262,2.201042403784006,0.0,0.0,0.6491635937596486,446.35526397314516,2.9134814499752957,199577.6214985551,choked_restriction;kantrowitz_limit;nonlinear_acoustic_pulse;reduced_model_invalid,partitioned_integrated_ducts,0.25,0.7853981633974483
C,1.5,2.5,0.36,300,0.01,piston,2531.847085561958,1013.25,1518.597085561958,2.498738796508224,530.1437602932776,6.383558120808493,313.3264943845849,1.0,True,integrated_duct,3449.609538864448,2683.582564367429,766.0269744970192,1034882.8616593344,0.9582248719067912,0.0,0.0,0.6491635937596486,446.35526397314516,2.9134814499752957,199577.6214985551,choked_restriction;kantrowitz_limit;nonlinear_acoustic_pulse;reduced_model_invalid,partitioned_integrated_ducts,0.5,1.5707963267948966
C,1.5,2.5,0.36,300,0.01,piston,1704.450221254303,1013.25,691.200221254303,1.6821615803151275,530.1437602932776,6.383558120808493,285.1937305037382,0.8949917809298383,False,none,1987.4785892013579,1221.4516147043387,766.0269744970192,596243.5767604073,0.552077385889266,0.0,1.5884831952609925e-16,0.6491635937596486,446.35526397314516,2.9134814499752957,199577.6214985551,kantrowitz_limit;nonlinear_acoustic_pulse;reduced_model_invalid,partitioned_integrated_ducts,0.75,2.356194490192345
C,1.5,2.5,0.36,300,0.01,piston,1394.0493883708396,1013.25,380.79938837083955,1.3758197763344087,530.1437602932776,6.383558120808493,226.54050022290306,0.6908004618719995,False,none,1438.9550400580094,672.9280655609903,766.0269744970192,431686.51201740286,0.3997097333494471,1.39135322791991e-16,1.4416513911964289e-16,0.6491635937596486,446.35526397314516,2.9134814499752957,199577.6214985551,kantrowitz_limit;nonlinear_acoustic_pulse,partitioned_integrated_ducts,1.0,3.141592653589793
C,1.5,2.5,0.36,350,0.01,piston,1369.072279109421,1013.25,355.82227910942106,1.3511692860690068,618.5010536754905,7.447484474276574,220.30840777371176,0.6700637947562994,False,none,1671.437696542696,628.7898701439755,1042.6478263987206,585003.1937899436,0.4642882490396377,8.348119367519463e-16,0.0,0.6402051558925153,520.7478079686693,2.9134814499752957,232840.55841498091,kantrowitz_limit;nonlinear_acoustic_pulse,open_annulus,1.0,3.141592653589793
C,1.5,2.5,0.36,350,0.01,piston,5907.643199644568,1013.25,4894.393199644568,5.830390525185855,618.5010536754905,7.447484474276574,313.3264943845849,1.0,True,integrated_duct,9691.75454377678,8649.10671737806,1042.6478263987206,3392114.0903218733,2.6921540399379946,0.0,0.0,0.6402051558925153,520.7478079686693,2.9134814499752957,232840.55841498091,choked_restriction;kantrowitz_limit;nonlinear_acoustic_pulse;reduced_model_invalid,partitioned_integrated_ducts,0.25,0.7853981633974483
C,1.5,2.5,0.36,350,0.01,piston,2953.821599822284,1013.25,1940.571599822284,2.9151952625929276,618.5010536754905,7.447484474276574,313.3264943845849,1.0,True,integrated_duct,4471.9209098924775,3429.273083493757,1042.6478263987206,1565172.3184623672,1.2422002527479103,0.0,1.939858373022565e-16,0.6402051558925153,520.7478079686693,2.9134814499752957,232840.55841498091,choked_restriction;kantrowitz_limit;nonlinear_acoustic_pulse;reduced_model_invalid,partitioned_integrated_ducts,0.5,1.5707963267948966
C,1.5,2.5,0.36,350,0.01,piston,1969.214399881523,1013.25,955.9643998815229,1.9434635083952854,618.5010536754905,7.447484474276574,313.3264943845849,1.0,True,integrated_duct,2731.9763652643774,1689.3285388656568,1042.6478263987206,956191.7278425321,0.7588823236845492,2.385176962148418e-16,0.0,0.6402051558925153,520.7478079686693,2.9134814499752957,232840.55841498091,choked_restriction;kantrowitz_limit;nonlinear_acoustic_pulse;reduced_model_invalid,partitioned_integrated_ducts,0.75,2.356194490192345
C,1.5,2.5,0.36,350,0.01,piston,1536.6059756382674,1013.25,523.3559756382674,1.5165121891322648,618.5010536754905,7.447484474276574,257.04632537374283,0.7948016982428839,False,none,1967.494176054814,924.8463496560936,1042.6478263987206,688622.9616191849,0.5465261600152261,1.192588481074209e-16,0.0,0.6402051558925153,520.7478079686693,2.9134814499752957,232840.55841498091,kantrowitz_limit;nonlinear_acoustic_pulse,partitioned_integrated_ducts,1.0,3.141592653589793
C,1.5,3.0,0.25,50,0.01,piston,1015.7376262314388,1013.25,2.487626231438753,1.0024550962067,88.35729338221293,1.063926353468082,20.31096847491114,0.059196362630273225,False,none,25.674525484492097,4.395998415130453,21.278527069361644,1283.7262742246048,0.007131812634581138,3.297507150170187e-14,1.2930718688423634e-16,3.017541442125089,51.66148888578069,2.9134814499752957,49894.40537463877,,open_annulus,1.0,5.301437602932776
C,1.5,3.0,0.25,50,0.01,piston,1071.3559080297566,1013.25,58.10590802975662,1.0573460725682275,88.35729338221293,1.063926353468082,96.48962991524586,0.2833691006059392,False,none,123.9601423298634,102.68161526050176,21.278527069361644,6198.0071164931705,0.0344333728694065,1.4609208893159059e-15,0.0,3.017541442125089,51.66148888578069,2.9134814499752957,49894.40537463877,,partitioned_integrated_ducts,0.25,1.325359400733194
C,1.5,3.0,0.25,50,0.01,piston,1027.7317953565296,1013.25,14.481795356529574,1.014292420781179,88.35729338221293,1.063926353468082,48.82125328235794,0.14252847407108704,False,none,46.86997188972269,25.59144482036105,21.278527069361644,2343.4985944861346,0.013019436636034082,1.2104773082903219e-14,1.7769506726898761e-16,3.017541442125089,51.66148888578069,2.9134814499752957,49894.40537463877,,partitioned_integrated_ducts,0.5,2.650718801466388
C,1.5,3.0,0.25,50,0.01,piston,1019.6826999833319,1013.25,6.432699983331872,1.006348581281354,88.35729338221293,1.063926353468082,32.620702185500136,0.09512577252119067,False,none,32.64604626270185,11.36751919334021,21.278527069361644,1632.3023131350926,0.009068346184083847,7.095901462391542e-15,0.0,3.017541442125089,51.66148888578069,2.9134814499752957,49894.40537463877,,partitioned_integrated_ducts,0.75,3.9760782021995817
C,1.5,3.0,0.25,50,0.01,piston,1016.8676755206736,1013.25,3.617675520673629,1.0035703681427817,88.35729338221293,1.063926353468082,24.48485857472053,0.07137251091449952,False,none,27.671487416197838,6.392960346836195,21.278527069361644,1383.574370809892,0.0076865242822771775,3.8401349090589526e-14,0.0,3.017541442125089,51.66148888578069,2.9134814499752957,49894.40537463877,,partitioned_integrated_ducts,1.0,5.301437602932776
C,1.5,3.0,0.25,100,0.01,piston,1023.2057470295022,1013.25,9.955747029502163,1.0098255583809546,176.71458676442586,2.127852706936164,40.53700398588819,0.1182688918426772,False,none,102.70736549994292,17.59325722249635,85.11410827744658,10270.736549994292,0.028529823749984147,1.3565693972219126e-14,1.2923910141692878e-16,1.566889385475188,103.32297777156138,2.9134814499752957,99788.81074927755,,open_annulus,1.0,5.301437602932776
C,1.5,3.0,0.25,100,0.01,piston,1248.593561680427,1013.25,235.343561680427,1.2322660366942284,176.71458676442586,2.127852706936164,184.72014403123254,0.5544779734139191,False,none,501.00051077769484,415.88640250024827,85.11410827744658,50100.05107776949,0.13916680854935967,1.2522179051279192e-15,0.0,1.566889385475188,103.32297777156138,2.9134814499752957,99788.81074927755,,partitioned_integrated_ducts,0.25,1.325359400733194
C,1.5,3.0,0.25,100,0.01,piston,1071.3559080297566,1013.25,58.10590802975662,1.0573460725682275,176.71458676442586,2.127852706936164,96.48962991524586,0.2833691006059392,False,none,187.79572353794833,102.68161526050176,85.11410827744658,18779.572353794832,0.0521654787605412,1.4609208893159059e-15,0.0,1.566889385475188,103.32297777156138,2.9134814499752957,99788.81074927755,,partitioned_integrated_ducts,0.5,2.650718801466388
C,1.5,3.0,0.25,100,0.01,piston,1039.0159260011867,1013.25,25.7659260011867,1.0254289918590542,176.71458676442586,2.127852706936164,64.89222804850078,0.18974174256052723,False,none,130.64625793647141,45.53214965902483,85.11410827744658,13064.625793647141,0.03629062720457539,5.217574604699663e-15,0.0,1.566889385475188,103.32297777156138,2.9134814499752957,99788.81074927755,,partitioned_integrated_ducts,0.75,3.9760782021995817
C,1.5,3.0,0.25,100,0.01,piston,1027.7317953565296,1013.25,14.481795356529574,1.014292420781179,176.71458676442586,2.127852706936164,48.82125328235794,0.14252847407108704,False,none,110.70555309780762,25.59144482036105,85.11410827744658,11070.555309780762,0.030751542527168784,1.2104773082903219e-14,1.7769506726898761e-16,1.566889385475188,103.32297777156138,2.9134814499752957,99788.81074927755,,partitioned_integrated_ducts,1.0,5.301437602932776
C,1.5,3.0,0.25,150,0.01,piston,1035.6701414484564,1013.25,22.420141448456434,1.0221269592385458,265.0718801466388,3.1917790604042464,60.59551521954858,0.17709674315671367,False,none,231.12640393689435,39.61966031263955,191.5067436242548,34668.96059053415,0.06420177887135954,1.5304885507119012e-15,0.0,1.1113585006373248,154.98446665734207,2.9134814499752957,149683.2161239163,,open_annulus,1.0,5.301437602932776
C,1.5,3.0,0.25,150,0.01,piston,1553.9820112984548,1013.25,540.7320112984548,1.533661003008591,265.0718801466388,3.1917790604042464,260.28883962739746,0.8061216263983907,False,none,1147.0590828932877,955.552339269033,191.5067436242548,172058.86243399317,0.31862752302591324,1.39135322791991e-16,2.0305066337511976e-16,1.1113585006373248,154.98446665734207,2.9134814499752957,149683.2161239163,reduced_model_invalid,partitioned_integrated_ducts,0.25,1.325359400733194
C,1.5,3.0,0.25,150,0.01,piston,1144.6669840633563,1013.25,131.41698406335627,1.1296984792137739,265.0718801466388,3.1917790604042464,142.0230816482165,0.4210534855458319,False,none,423.7397239500862,232.23298032583142,191.5067436242548,63560.958592512936,0.11770547887502394,8.348119367519461e-16,2.0886948971028975e-16,1.1113585006373248,154.98446665734207,2.9134814499752957,149683.2161239163,,partitioned_integrated_ducts,0.5,2.650718801466388
C,1.5,3.0,0.25,150,0.01,piston,1071.3559080297566,1013.25,58.10590802975662,1.0573460725682275,265.0718801466388,3.1917790604042464,96.48962991524586,0.2833691006059392,False,none,294.18835888475655,102.68161526050176,191.5067436242548,44128.25383271348,0.08171898857909904,1.39135322791991e-15,0.0,1.1113585006373248,154.98446665734207,2.9134814499752957,149683.2161239163,,partitioned_integrated_ducts,0.75,3.9760782021995817
C,1.5,3.0,0.25,150,0.01,piston,1045.8757983949001,1013.25,32.62579839490013,1.0321991595311129,265.0718801466388,3.1917790604042464,72.86662637345519,0.2132588851309908,False,none,249.16128843639726,57.654544812142454,191.5067436242548,37374.19326545959,0.06921146901011035,1.39135322791991e-16,2.10332005276453e-16,1.1113585006373248,154.98446665734207,2.9134814499752957,149683.2161239163,,partitioned_integrated_ducts,1.0,5.301437602932776
C,1.5,3.0,0.25,200,0.01,piston,1053.1572748895896,1013.25,39.907274889589644,1.0393854180997677,353.4291735288517,4.255705413872328,80.40842744414837,0.23556484921965157,False,none,410.97840901986814,70.52197591008182,340.4564331097863,82195.68180397362,0.11416066917218559,3.547950731195771e-15,1.2896613999196055e-16,0.9071426035812018,206.64595554312277,2.9134814499752957,199577.6214985551,kantrowitz_limit;nonlinear_acoustic_pulse,open_annulus,1.0,5.301437602932776
C,1.5,3.0,0.25,200,0.01,piston,2000.471771308214,1013.25,987.2217713082141,1.9743121355126712,353.4291735288517,4.255705413872328,313.3264943845849,1.0,True,integrated_duct,2085.021306725542,1744.564873615756,340.4564331097863,417004.26134510845,0.5791725852015395,2.0870298418798654e-16,0.0,0.9071426035812018,206.64595554312277,2.9134814499752957,199577.6214985551,choked_restriction;kantrowitz_limit;nonlinear_acoustic_pulse;reduced_model_invalid,partitioned_integrated_ducts,0.25,1.325359400733194
C,1.5,3.0,0.25,200,0.01,piston,1248.593561680427,1013.25,235.343561680427,1.2322660366942284,353.4291735288517,4.255705413872328,184.72014403123254,0.5544779734139191,False,none,756.3428356100346,415.88640250024827,340.4564331097863,151268.56712200693,0.2100952321138985,1.2522179051279192e-15,0.0,0.9071426035812018,206.64595554312277,2.9134814499752957,199577.6214985551,kantrowitz_limit;nonlinear_acoustic_pulse,partitioned_integrated_ducts,0.5,2.650718801466388
C,1.5,3.0,0.25,200,0.01,piston,1116.8821802035627,1013.25,103.63218020356271,1.1022770098234027,353.4291735288517,4.255705413872328,127.13217984115843,0.37558590571701955,False,none,523.5896121114773,183.133179001691,340.4564331097863,104717.92242229547,0.1454415589198548,3.3392477470077847e-15,0.0,0.9071426035812018,206.64595554312277,2.9134814499752957,199577.6214985551,kantrowitz_limit;nonlinear_acoustic_pulse,partitioned_integrated_ducts,0.75,3.9760782021995817
C,1.5,3.0,0.25,200,0.01,piston,1071.3559080297566,1013.25,58.10590802975662,1.0573460725682275,353.4291735288517,4.255705413872328,96.48962991524586,0.2833691006059392,False,none,443.13804837028806,102.68161526050176,340.4564331097863,88627.60967405762,0.12309390232508002,1.4609208893159059e-15,0.0,0.9071426035812018,206.64595554312277,2.9134814499752957,199577.6214985551,kantrowitz_limit;nonlinear_acoustic_pulse,partitioned_integrated_ducts,1.0,5.301437602932776
C,1.5,3.0,0.25,250,0.01,piston,1075.704520396183,1013.25,62.45452039618294,1.0616378192905827,441.7864669110647,5.31963176734041,99.90404630932503,0.29356633249722913,False,none,642.3294243678597,110.36624763381876,531.963176734041,160582.35609196493,0.17842484010218326,0.0,0.0,0.8064063618202467,258.30744442890347,2.9134814499752957,249472.02687319386,kantrowitz_limit;nonlinear_acoustic_pulse,open_annulus,1.0,5.301437602932776
C,1.5,3.0,0.25,250,0.01,piston,2500.5897141352675,1013.25,1487.3397141352675,2.467890169390839,441.7864669110647,5.31963176734041,313.3264943845849,1.0,True,integrated_duct,3160.309406351372,2628.346229617331,531.963176734041,790077.351587843,0.8778637239864923,0.0,0.0,0.8064063618202467,258.30744442890347,2.9134814499752957,249472.02687319386,choked_restriction;kantrowitz_limit;nonlinear_acoustic_pulse;reduced_model_invalid,partitioned_integrated_ducts,0.25,1.325359400733194
C,1.5,3.0,0.25,250,0.01,piston,1384.4600979812176,1013.25,371.2100979812176,1.3663558825375945,441.7864669110647,5.31963176734041,224.18539375530227,0.6829451617336157,False,none,1187.9455674093701,655.982390675329,531.963176734041,296986.3918523425,0.32998487983593616,8.348119367519462e-16,0.0,0.8064063618202467,258.30744442890347,2.9134814499752957,249472.02687319386,kantrowitz_limit;nonlinear_acoustic_pulse,partitioned_integrated_ducts,0.5,2.650718801466388
C,1.5,3.0,0.25,250,0.01,piston,1175.8502315970445,1013.25,162.6002315970445,1.1604739517365354,441.7864669110647,5.31963176734041,156.59623696503897,0.4660443068689421,False,none,819.3015040787576,287.3383273447166,531.963176734041,204825.3760196894,0.22758375113298823,6.67849549401557e-16,0.0,0.8064063618202467,258.30744442890347,2.9134814499752957,249472.02687319386,kantrowitz_limit;nonlinear_acoustic_pulse,partitioned_integrated_ducts,0.75,3.9760782021995817
C,1.5,3.0,0.25,250,0.01,piston,1104.2517467032985,1013.25,91.00174670329852,1.0898117411332826,441.7864669110647,5.31963176734041,119.57433908591659,0.35268433679964767,False,none,692.7765373691846,160.8133606351435,531.963176734041,173194.13434229614,0.19243792704699572,8.348119367519462e-16,1.8097893322909306e-16,0.8064063618202467,258.30744442890347,2.9134814499752957,249472.02687319386,kantrowitz_limit;nonlinear_acoustic_pulse,partitioned_integrated_ducts,1.0,5.301437602932776
C,1.5,3.0,0.25,300,0.01,piston,1103.360415914268,1013.25,90.11041591426806,1.088932066039248,530.1437602932776,6.383558120808493,119.01850595791781,0.3510044142689651,False,none,925.2652236116235,159.23824911460423,766.0269744970192,277579.56708348705,0.2570181176698954,2.0870298418798653e-15,1.523075779979406e-16,0.7607385864370881,309.96893331468414,2.9134814499752957,299366.4322478326,kantrowitz_limit;nonlinear_acoustic_pulse,open_annulus,1.0,5.301437602932776
C,1.5,3.0,0.25,300,0.01,piston,3000.707656962321,1013.25,1987.457656962321,2.9614682032690065,530.1437602932776,6.383558120808493,313.3264943845849,1.0,True,integrated_duct,4278.154560115925,3512.127585618906,766.0269744970192,1283446.3680347775,1.188376266698868,0.0,2.2097777674444426e-16,0.7607385864370881,309.96893331468414,2.9134814499752957,299366.4322478326,choked_restriction;kantrowitz_limit;nonlinear_acoustic_pulse;reduced_model_invalid,partitioned_integrated_ducts,0.25,1.325359400733194
C,1.5,3.0,0.25,300,0.01,piston,1553.9820112984548,1013.25,540.7320112984548,1.533661003008591,530.1437602932776,6.383558120808493,260.28883962739746,0.8061216263983907,False,none,1721.579313766052,955.552339269033,766.0269744970192,516473.79412981565,0.4782164760461256,1.39135322791991e-16,2.0305066337511976e-16,0.7607385864370881,309.96893331468414,2.9134814499752957,299366.4322478326,kantrowitz_limit;nonlinear_acoustic_pulse;reduced_model_invalid,partitioned_integrated_ducts,0.5,2.650718801466388
C,1.5,3.0,0.25,300,0.01,piston,1248.593561680427,1013.25,235.343561680427,1.2322660366942284,530.1437602932776,6.383558120808493,184.72014403123254,0.5544779734139191,False,none,1181.9133769972675,415.88640250024827,766.0269744970192,354574.01309918024,0.3283092713881299,1.2522179051279192e-15,1.1663373412293086e-16,0.7607385864370881,309.96893331468414,2.9134814499752957,299366.4322478326,kantrowitz_limit;nonlinear_acoustic_pulse,partitioned_integrated_ducts,0.75,3.9760782021995817
C,1.5,3.0,0.25,300,0.01,piston,1144.6669840633563,1013.25,131.41698406335627,1.1296984792137739,530.1437602932776,6.383558120808493,142.0230816482165,0.4210534855458319,False,none,998.2599548228507,232.23298032583142,766.0269744970192,299477.9864468552,0.2772944318952363,8.348119367519461e-16,2.0886948971028975e-16,0.7607385864370881,309.96893331468414,2.9134814499752957,299366.4322478326,kantrowitz_limit;nonlinear_acoustic_pulse,partitioned_integrated_ducts,1.0,5.301437602932776
C,1.5,3.0,0.25,350,0.01,piston,1136.1849168872122,1013.25,122.93491688721224,1.121327329767789,618.5010536754905,7.447484474276574,137.69674624017753,0.40779374963516124,False,none,1259.891756765148,217.2439303664275,1042.6478263987206,440962.11486780184,0.3499699324347634,5.962942405371044e-16,1.9138348575423278e-16,0.7502404170615414,361.63042220046486,2.9134814499752957,349260.8376224714,kantrowitz_limit;nonlinear_acoustic_pulse,open_annulus,1.0,5.301437602932776
C,1.5,3.0,0.25,350,0.01,piston,3500.8255997893743,1013.25,2487.5755997893743,3.455046237147174,618.5010536754905,7.447484474276574,313.3264943845849,1.0,True,integrated_duct,5438.556768019202,4395.908941620481,1042.6478263987206,1903494.8688067205,1.5107102133386672,1.192588481074209e-16,1.513294336334458e-16,0.7502404170615414,361.63042220046486,2.9134814499752957,349260.8376224714,choked_restriction;kantrowitz_limit;nonlinear_acoustic_pulse;reduced_model_invalid,partitioned_integrated_ducts,0.25,1.325359400733194
C,1.5,3.0,0.25,350,0.01,piston,1759.2427544477796,1013.25,745.9927544477796,1.7362376061660791,618.5010536754905,7.447484474276574,293.09479972883355,0.923953787513816,False,none,2360.9258397136723,1318.2780133149517,1042.6478263987206,826324.0438997853,0.6558127332537979,3.5777654432226268e-16,1.2615518193443014e-16,0.7502404170615414,361.63042220046486,2.9134814499752957,349260.8376224714,kantrowitz_limit;nonlinear_acoustic_pulse;reduced_model_invalid,partitioned_integrated_ducts,0.5,2.650718801466388
C,1.5,3.0,0.25,350,0.01,piston,1335.5243379223057,1013.25,322.2743379223057,1.318060042361022,618.5010536754905,7.447484474276574,211.4021574414395,0.6407008079188696,False,none,1612.1535909059126,569.5057645071919,1042.6478263987206,564253.7568170694,0.44782044191830905,3.5777654432226268e-16,0.0,0.7502404170615414,361.63042220046486,2.9134814499752957,349260.8376224714,kantrowitz_limit;nonlinear_acoustic_pulse,partitioned_integrated_ducts,0.75,3.9760782021995817
C,1.5,3.0,0.25,350,0.01,piston,1192.7298737941414,1013.25,179.47987379414144,1.1771328633546918,618.5010536754905,7.447484474276574,163.7578109410691,0.48835114223752146,False,none,1359.8149436993508,317.16711730063014,1042.6478263987206,475935.2302947728,0.37772637324981967,1.6696238735038925e-15,1.3108830766043009e-16,0.7502404170615414,361.63042220046486,2.9134814499752957,349260.8376224714,kantrowitz_limit;nonlinear_acoustic_pulse,partitioned_integrated_ducts,1.0,5.301437602932776
